transaction_id,account_id,timestamp,amount,log_amount,zscore_log_amount,was_outlier,amount_silver,is_treated,amount_is_imputed,amount_group_imputed,hour,dayofweek,acc_past_mean,log_acc_past_mean,amount_knn_imputed_z,amount_knn_imputed_brl
TRX_100097,ACC_001,2026-01-02 00:15:00,401.4695990736305,5.997619563754215,1.120546348291778,0,401.4695990736305,0,0,401.4695990736305,0,4,401.4695990736305,5.997619563754215,1.1138799283870051,401.46959907363043
TRX_100102,ACC_001,2026-01-02 01:30:00,,,0.1102524442842665,0,,1,1,207.62768475841813,1,4,401.4695990736305,5.997619563754215,0.7770116506730937,301.0730560700523
TRX_100133,ACC_001,2026-01-02 09:15:00,498.8518473214915,6.214311749158069,1.376839977120158,0,498.8518473214915,0,0,498.8518473214915,9,4,401.4695990736305,5.997619563754215,1.3682676381976824,498.8518473214917
TRX_100139,ACC_001,2026-01-02 10:45:00,29.957373826299836,3.432611220391788,-1.9132284741376775,0,29.957373826299836,0,0,29.957373826299836,10,4,450.16072319756097,6.111823646744012,-1.8973343288191598,29.95737382629984
TRX_100185,ACC_001,2026-01-02 22:15:00,199.88209891009856,5.302718163371499,0.2986486815619755,0,199.88209891009856,0,0,199.88209891009856,22,4,310.09294007380726,5.740091710215706,0.29809427622731494,199.88209891009865
TRX_100223,ACC_001,2026-01-03 07:45:00,164.30902341603428,5.107816591455881,0.0681279960212743,0,164.30902341603428,0,0,164.30902341603428,7,5,282.5402297828801,5.647354017096437,0.06928785007165737,164.30902341603434
TRX_100264,ACC_001,2026-01-03 18:00:00,439.58568258543175,6.088104938573424,1.227568320612053,0,439.58568258543175,0,0,439.58568258543175,18,5,258.8939885095109,5.560273811366517,1.2201060353816777,439.5856825854319
TRX_100280,ACC_001,2026-01-03 22:00:00,198.37703663642512,5.295197688591262,0.2897538071651577,0,198.37703663642512,0,0,198.37703663642512,22,5,289.00927085549773,5.669912890936772,0.2892655482671077,198.3770366364252
TRX_100414,ACC_001,2026-01-05 07:30:00,29.427828043907063,3.415357585873755,-1.9336352857301853,0,29.427828043907063,0,0,29.427828043907063,7,0,276.06180882420165,5.624240617845546,-1.91758938583828,29.42782804390706
TRX_100466,ACC_001,2026-01-05 20:30:00,303.7623378368441,5.719532252650476,0.791637366359306,0,303.7623378368441,0,0,303.7623378368441,20,0,245.2325612266648,5.506276460190886,0.7874168671222617,303.7623378368442
TRX_100467,ACC_001,2026-01-05 20:45:00,518.8285852793629,6.253499113537514,1.423189003515871,0,518.8285852793629,0,0,518.8285852793629,20,0,251.73586973890693,5.532344950260258,1.414271991605372,518.8285852793626
TRX_100475,ACC_001,2026-01-05 22:45:00,552.2349805617407,6.315782830911034,1.496855342303447,1,552.2349805617407,0,0,552.2349805617407,22,0,278.4451412929526,5.632805998886986,1.4873905131229612,552.2349805617406
TRX_100516,ACC_001,2026-01-06 09:00:00,212.1523063532524,5.362006963482272,0.3687727688748164,0,212.1523063532524,0,0,212.1523063532524,9,1,303.3351266810242,5.718129484618229,0.3676968881050493,212.1523063532525
TRX_100539,ACC_001,2026-01-06 14:45:00,495.3164491641914,6.207213725635114,1.3684447587932167,0,495.3164491641914,0,0,495.3164491641914,14,1,295.73655832037656,5.692844736155112,1.3599348506316626,495.3164491641913
TRX_100665,ACC_001,2026-01-07 22:15:00,105.34908492682544,4.666726937254038,-0.4535727192276623,0,105.34908492682544,0,0,105.34908492682544,22,2,311.0888576160546,5.743287947313103,-0.44853325521862525,105.34908492682545
TRX_100693,ACC_001,2026-01-08 05:15:00,,,0.1102524442842665,0,,1,1,207.62768475841813,5,3,296.393159566824,5.695055032977484,-0.8366608378335565,75.4099282984387
TRX_100723,ACC_001,2026-01-08 12:45:00,123.50541366945876,4.824349198248217,-0.2671443015205709,0,123.50541366945876,0,0,123.50541366945876,12,3,296.393159566824,5.695055032977484,-0.2634912062182883,123.50541366945875
TRX_100772,ACC_001,2026-01-09 01:00:00,287.3391091943293,5.664137249950981,0.7261186849433094,0,287.3391091943293,0,0,287.3391091943293,1,4,284.86730984033295,5.655527751553778,0.7223854131941122,287.3391091943292
TRX_100789,ACC_001,2026-01-09 05:15:00,203.1030631635838,5.318625077854005,0.3174626541498012,0,203.1030631635838,0,0,203.1030631635838,5,4,285.0217972999577,5.656068022251204,0.31676833933585474,203.10306316358378
TRX_100811,ACC_001,2026-01-09 10:45:00,112.73974734324628,4.733912920522628,-0.3741082040389036,0,112.73974734324628,0,0,112.73974734324628,10,4,280.2030482331122,5.6390769999670605,-0.369659675245163,112.73974734324626
TRX_100815,ACC_001,2026-01-09 11:45:00,303.411146384079,5.718379242873231,0.7902736390087614,0,303.411146384079,0,0,303.411146384079,11,4,270.89953151700854,5.605432628639546,0.7860632810846486,303.41114638407896
TRX_100829,ACC_001,2026-01-09 15:15:00,10.711337407529996,2.4605573818079756,-3.062929397790694,0,10.711337407529996,0,0,10.711337407529996,15,4,272.6106691415912,5.611706180388647,-3.0384855399214667,10.711337407529998
TRX_100907,ACC_001,2026-01-10 10:45:00,295.8299679501808,5.6931594763786295,0.7604448500237805,0,295.8299679501808,0,0,295.8299679501808,10,5,259.51570255488815,5.562663137898388,0.7564563128935026,295.82996795018084
TRX_100930,ACC_001,2026-01-10 16:30:00,308.868143079535,5.736146862089663,0.8112883682484584,0,308.868143079535,0,0,308.868143079535,16,5,261.2449532879973,5.569279003194185,0.8069217349916622,308.8681430795351
TRX_101049,ACC_001,2026-01-11 22:15:00,565.7960654651206,6.339999566128919,1.525497791664509,1,565.7960654651206,0,0,565.7960654651206,22,6,263.4096437330672,5.577499581340612,1.5158199638652108,565.7960654651206
TRX_101072,ACC_001,2026-01-12 04:00:00,288.21766346165754,5.6671795653961725,0.7297169968253708,0,288.21766346165754,0,0,288.21766346165754,4,0,276.5568794605478,5.626025883211799,0.7259569663499472,288.2176634616574
TRX_101095,ACC_001,2026-01-12 09:45:00,226.34340184828443,5.426461657849805,0.4450068401851959,0,226.34340184828443,0,0,226.34340184828443,9,0,277.042745460594,5.627774862520298,0.4433640472882258,226.3434018482844
TRX_101232,ACC_001,2026-01-13 20:00:00,300.7204486042692,5.709500921807436,0.7797727659864355,0,300.7204486042692,0,0,300.7204486042692,20,1,275.0147717161016,5.620454384995481,0.7756404974541162,300.7204486042691
TRX_101240,ACC_001,2026-01-13 22:00:00,165.20049172904191,5.113194841075466,0.0744891442517898,0,165.20049172904191,0,0,165.20049172904191,22,1,276.0034515964158,5.624029966746585,0.0756016938356421,165.20049172904191
TRX_101290,ACC_001,2026-01-14 10:30:00,648.4068099647272,6.476059346162464,1.686423090827459,1,648.4068099647272,0,0,648.4068099647272,10,2,271.89963826799453,5.609104102202218,1.6755485474113647,648.4068099647272
TRX_101307,ACC_001,2026-01-14 14:45:00,19.11332387200072,3.00138247466167,-2.423266156817845,0,19.11332387200072,0,0,19.11332387200072,14,2,285.34632297144924,5.657201997728781,-2.403579133293149,19.113323872000723
TRX_101318,ACC_001,2026-01-14 17:30:00,20.998849596452747,3.0909901609207604,-2.3172822744759167,0,20.998849596452747,0,0,20.998849596452747,17,2,276.1658747266407,5.624616152690703,-2.298383396555343,20.998849596452743
TRX_101337,ACC_001,2026-01-14 22:15:00,97.36847173793,4.588720343548845,-0.5458353586762621,0,97.36847173793,0,0,97.36847173793,22,2,267.6603072223011,5.593447783169913,-0.5401097866279718,97.36847173792997
TRX_101378,ACC_001,2026-01-15 08:30:00,572.3654821566146,6.351523353096306,1.5391276010377104,1,572.3654821566146,0,0,572.3654821566146,8,3,262.1670222066762,5.5727888960336776,1.5293484156158652,572.3654821566145
TRX_101463,ACC_001,2026-01-16 05:45:00,86.10542234928216,4.467119136217893,-0.6896597178181377,0,86.10542234928216,0,0,86.10542234928216,5,4,271.8607240801118,5.608961496800164,-0.6828646007228225,86.10542234928215
TRX_101499,ACC_001,2026-01-16 14:45:00,81.56518224033324,4.4135880691472185,-0.7529738212272153,0,81.56518224033324,0,0,81.56518224033324,14,4,266.2317755428139,5.588116355036678,-0.7457078709148287,81.56518224033323
TRX_101629,ACC_001,2026-01-17 23:15:00,80.4938300274428,4.400527312196284,-0.7684214885621579,0,80.4938300274428,0,0,80.4938300274428,23,5,260.8004051515645,5.567582401035964,-0.7610406621871574,80.49383002744283
TRX_101642,ACC_001,2026-01-18 02:30:00,189.45030593850117,5.249391299321334,0.2355761001673923,0,189.45030593850117,0,0,189.45030593850117,2,6,255.64878871944674,5.5477085694138255,0.23549073197940357,189.45030593850123
TRX_101830,ACC_001,2026-01-20 01:30:00,294.246330221257,5.6878100256056685,0.7541177637549068,0,294.246330221257,0,0,294.246330221257,1,1,253.8099419755316,5.540517941679072,0.7501762777905187,294.24633022125687
TRX_101889,ACC_001,2026-01-20 16:15:00,32.0810666611807,3.4989611145322703,-1.834752847017344,0,32.0810666611807,0,0,32.0810666611807,16,1,254.90281733352413,5.544797752614807,-1.8194422830810029,32.08106666118069
TRX_100017,ACC_002,2026-01-01 04:15:00,112.63987276034824,4.733034437312255,-0.3751472338933109,0,112.63987276034824,0,0,112.63987276034824,4,3,112.63987276034824,4.733034437312255,-0.37069097838873266,112.63987276034828
TRX_100022,ACC_002,2026-01-01 05:30:00,974.7133037937016,6.883168797148242,2.167933572292281,1,732.128172029599,1,0,974.7133037937016,5,3,112.63987276034824,4.733034437312255,2.1534782922498334,974.7133037937019
TRX_100050,ACC_002,2026-01-01 12:30:00,190.68420571853272,5.255849256039323,0.2432142766848584,0,190.68420571853272,0,0,190.68420571853272,12,3,543.676588277025,6.300192202516821,0.24307210745209915,190.6842057185327
TRX_100065,ACC_002,2026-01-01 16:15:00,114.21178507327414,4.746772044012685,-0.358899019560577,0,114.21178507327414,0,0,114.21178507327414,16,3,426.01246075752755,6.056813194904773,-0.35456359335964566,114.2117850732742
TRX_100170,ACC_002,2026-01-02 18:30:00,170.33419852130388,5.143616026509542,0.1104699342079634,0,170.33419852130388,0,0,170.33419852130388,18,4,348.06229183646417,5.855250392913016,0.11131491384806438,170.33419852130382
TRX_100209,ACC_002,2026-01-03 04:15:00,226.3845274045512,5.426642537684683,0.4452207766000066,0,226.3845274045512,0,0,226.3845274045512,4,5,312.51667317343214,5.747852542625049,0.4435763927720273,226.38452740455114
TRX_100216,ACC_002,2026-01-03 06:00:00,248.87798015513533,5.520972719333276,0.5567902109923935,0,248.87798015513533,0,0,248.87798015513533,6,5,298.1613155452853,5.700982944777648,0.5543161447888715,248.87798015513528
TRX_100217,ACC_002,2026-01-03 06:15:00,334.4069811566388,5.815344663593001,0.9049599139236768,0,334.4069811566388,0,0,334.4069811566388,6,5,291.12083906097814,5.67716754906388,0.8998966953434914,334.4069811566388
TRX_100225,ACC_002,2026-01-03 08:15:00,218.59362794140077,5.391778692554096,0.4039854114816217,0,218.59362794140077,0,0,218.59362794140077,8,5,296.5316068229357,5.695520460764097,0.40264767307023097,218.59362794140077
TRX_100279,ACC_002,2026-01-03 21:45:00,357.5688256910002,5.882120624015086,0.9839394727996944,0,357.5688256910002,0,0,357.5688256910002,21,5,287.87183139165404,5.665983099747383,0.9782889253656483,357.5688256910002
TRX_100313,ACC_002,2026-01-04 06:15:00,68.08051154267126,4.235272658327367,-0.9638771522812124,0,68.08051154267126,0,0,68.08051154267126,6,6,294.84153082158866,5.689823942117006,-0.9550428263857484,68.08051154267126
TRX_100390,ACC_002,2026-01-05 01:30:00,234.93303992985412,5.463548035656103,0.4888709155341148,0,234.93303992985412,0,0,234.93303992985412,1,0,274.22689270532345,5.617595821871047,0.4869019289046528,234.93303992985417
TRX_100393,ACC_002,2026-01-05 02:15:00,101.1251693433476,4.626199211375586,-0.5015070640412129,0,101.1251693433476,0,0,101.1251693433476,2,0,270.9524049740343,5.605627069271802,-0.49611113787664396,101.12516934334758
TRX_100424,ACC_002,2026-01-05 10:00:00,90.31226731075536,4.514285141233945,-0.6338739193576519,0,90.31226731075536,0,0,90.31226731075536,10,0,257.8887714639815,5.55639851565082,-0.627493651490895,90.31226731075532
TRX_100523,ACC_002,2026-01-06 10:45:00,204.2200497656805,5.324082816933208,0.3239178188859011,0,204.2200497656805,0,0,204.2200497656805,10,1,245.91902116732248,5.509060433348562,0.3231755004548177,204.22004976568053
TRX_100550,ACC_002,2026-01-06 17:30:00,191.0837626557772,5.257931540724558,0.2456771079920328,0,191.0837626557772,0,0,191.0837626557772,17,1,243.13908974054638,5.497738102802436,0.24551662399644786,191.0837626557773
TRX_100656,ACC_002,2026-01-07 20:00:00,170.70387702224596,5.145771347859601,0.1130191499494935,0,170.70387702224596,0,0,170.70387702224596,20,2,239.8856317977483,5.484322263997098,0.11384517243180546,170.703877022246
TRX_100765,ACC_002,2026-01-08 23:15:00,498.0737666759184,6.212753913835744,1.374997440587834,0,498.0737666759184,0,0,498.0737666759184,23,3,235.81611681095404,5.467283961550885,1.3664388036267916,498.07376667591853
TRX_100842,ACC_002,2026-01-09 18:30:00,161.68178670737424,5.091796063935278,0.0491796471163611,0,161.68178670737424,0,0,161.68178670737424,18,4,250.3859862478965,5.526989551753994,0.050480409931027696,161.68178670737421
TRX_100874,ACC_002,2026-01-10 02:30:00,456.5485722214572,6.125883047870139,1.2722505444028422,0,456.5485722214572,0,0,456.5485722214572,2,5,245.7173441668164,5.508243325753215,1.2644559813063907,456.54857222145705
TRX_100943,ACC_002,2026-01-10 19:45:00,216.8212692465514,5.3836748606737705,0.394400568926488,0,216.8212692465514,0,0,216.8212692465514,19,5,256.2589055695484,5.550082992461113,0.3931341078768913,216.82126924655142
TRX_101021,ACC_002,2026-01-11 15:15:00,189.40905351131687,5.249174671181197,0.2353198822883838,0,189.40905351131687,0,0,189.40905351131687,15,6,254.38092288750093,5.542756245771433,0.23523641945610074,189.40905351131684
TRX_101031,ACC_002,2026-01-11 17:45:00,178.07538870760158,5.187806883139519,0.1627368629189518,0,178.07538870760158,0,0,178.07538870760158,17,6,251.4276560976744,5.5311246971591785,0.1631931612879553,178.07538870760152
TRX_101067,ACC_002,2026-01-12 02:45:00,128.4936268108696,4.863631666112874,-0.2206827910622977,0,128.4936268108696,0,0,128.4936268108696,2,0,248.23842708071473,5.518409976793945,-0.21737520523201578,128.49362681086959
TRX_101070,ACC_002,2026-01-12 03:30:00,159.47345666426148,5.07812854985458,0.03301433513579,0,159.47345666426148,0,0,159.47345666426148,3,0,243.2490604028045,5.498188444048776,0.03443531075352834,159.47345666426148
TRX_101133,ACC_002,2026-01-12 19:15:00,123.09747831644589,4.82106737223333,-0.2710258955751566,0,123.09747831644589,0,0,123.09747831644589,19,0,239.8980362532628,5.484373757878438,-0.2673439349282244,123.09747831644589
TRX_101160,ACC_002,2026-01-13 02:00:00,323.4995982927538,5.782284298216579,0.8658576223623842,0,323.4995982927538,0,0,323.4995982927538,2,1,235.40570710184676,5.465549426957317,0.8610851866684652,323.4995982927536
TRX_101181,ACC_002,2026-01-13 07:15:00,282.5142101026015,5.64726224573035,0.7061596999889633,0,282.5142101026015,0,0,282.5142101026015,7,1,238.6684438126211,5.479256484098968,0.7025748525653052,282.5142101026015
TRX_101255,ACC_002,2026-01-14 01:45:00,408.3247261678515,6.014508792540666,1.1405221574134818,0,408.3247261678515,0,0,408.3247261678515,1,2,240.23436403726325,5.485768925837915,1.133707188070812,408.32472616785157
TRX_101311,ACC_002,2026-01-14 15:45:00,43.81387243483975,3.8025177440518663,-1.4757199174749496,0,43.81387243483975,0,0,43.81387243483975,15,2,246.03058342107664,5.509512148481503,-1.4630792899374356,43.813872434839745
TRX_101377,ACC_002,2026-01-15 08:15:00,361.1368208599441,5.892022098594213,0.9956504851091912,0,361.1368208599441,0,0,361.1368208599441,8,3,239.29002638820205,5.481846637046292,0.9899128491229274,361.136820859944
TRX_101384,ACC_002,2026-01-15 10:00:00,184.34183251398747,5.222201863419407,0.2034176760871056,0,184.34183251398747,0,0,184.34183251398747,10,3,243.22056814535503,5.498071784769196,0.20357145294659185,184.34183251398738
TRX_101412,ACC_002,2026-01-15 17:00:00,82.41049968815632,4.423774196981965,-0.7409261340362288,0,82.41049968815632,0,0,82.41049968815632,17,3,241.3806076568748,5.490509249579342,-0.7337497759475802,82.41049968815629
TRX_101461,ACC_002,2026-01-16 05:15:00,426.3717319249737,6.057654201074361,1.1915525778219278,0,426.3717319249737,0,0,426.3717319249737,5,4,236.56333165782274,5.4704342475392265,1.1843581224608875,426.37173192497386
TRX_101494,ACC_002,2026-01-16 13:30:00,287.2648233864265,5.6638795832785345,0.725813928560948,0,287.2648233864265,0,0,287.2648233864265,13,4,242.1459316656801,5.493661804921539,0.7220829231224188,287.2648233864264
TRX_101603,ACC_002,2026-01-17 16:45:00,265.53349749065933,5.585499929855867,0.6331100511019281,0,265.53349749065933,0,0,265.53349749065933,16,5,243.4350428577014,5.498949600233867,0.6300684349543917,265.53349749065944
TRX_101783,ACC_002,2026-01-19 13:45:00,177.04714961380546,5.18204840068694,0.1559259926443016,0,177.04714961380546,0,0,177.04714961380546,13,0,244.04888881972803,5.501457736841004,0.15643293982280881,177.0471496138054
TRX_101789,ACC_002,2026-01-19 15:15:00,156.6091171177448,5.0601180254824305,0.0117123087621242,0,156.6091171177448,0,0,156.6091171177448,15,0,242.23803100335175,5.494040515347216,0.013291696188094993,156.60911711774474
TRX_101868,ACC_002,2026-01-20 11:00:00,88.68310310077953,4.496282380091895,-0.6551667637370077,0,88.68310310077953,0,0,88.68310310077953,11,1,239.98463853267788,5.484733190930833,-0.6486281523436114,88.68310310077956
TRX_101934,ACC_002,2026-01-21 03:30:00,67.69854463720759,4.229728014683791,-0.970435103770436,0,67.69854463720759,0,0,67.69854463720759,3,2,236.10511198314205,5.468503553290822,-0.9615520098875757,67.69854463720762
TRX_101976,ACC_002,2026-01-21 14:00:00,90.12844764109346,4.51227002380894,-0.6362573082943942,0,90.12844764109346,0,0,90.12844764109346,14,2,231.89494779949368,5.4505874840809145,-0.629859316435347,90.12844764109343
TRX_101987,ACC_002,2026-01-21 16:45:00,282.6145404084584,5.647616064177442,0.7065781803027902,0,282.6145404084584,0,0,282.6145404084584,16,2,228.43722828343513,5.435629476983664,0.7029902208642438,282.6145404084583
TRX_100015,ACC_003,2026-01-01 03:45:00,,,0.1102524442842665,0,,1,1,214.3509500095576,3,3,,,0.35746825238070934,210.30318993440687
TRX_100037,ACC_003,2026-01-01 09:15:00,525.0235688706653,6.265346019472781,1.4372009832597603,0,525.0235688706653,0,0,525.0235688706653,9,3,525.0235688706653,6.265346019472781,1.4281797717295066,525.0235688706655
TRX_100138,ACC_003,2026-01-02 10:30:00,305.73523667535625,5.725984954235124,0.799269327344858,0,305.73523667535625,0,0,305.73523667535625,10,4,525.0235688706653,6.265346019472781,0.7949920732846397,305.7352366753562
TRX_100189,ACC_003,2026-01-02 23:15:00,31.24242535833667,3.4732831430451747,-1.8651235799587007,0,31.24242535833667,0,0,31.24242535833667,23,4,415.3794027730107,6.0315968705150045,-1.849587165080379,31.242425358336668
TRX_100210,ACC_003,2026-01-03 04:30:00,347.7827994295679,5.854449377256852,0.9512111848244916,0,347.7827994295679,0,0,347.7827994295679,4,5,287.33374363478606,5.664118641273576,0.9458040202117586,347.7827994295679
TRX_100248,ACC_003,2026-01-03 14:00:00,194.0857422929548,5.273439165988677,0.26401881951266,0,194.0857422929548,0,0,194.0857422929548,14,5,302.4460075834815,5.715203695442904,0.26372193799145494,194.08574229295482
TRX_100253,ACC_003,2026-01-03 15:15:00,360.4347583901081,5.890081550595138,0.9933552934866984,0,360.4347583901081,0,0,360.4347583901081,15,5,280.77395452537615,5.641105169804077,0.9876347256163399,360.4347583901081
TRX_100292,ACC_003,2026-01-04 01:00:00,221.61253279768528,5.405432739132947,0.4201347947155552,0,221.61253279768528,0,0,221.61253279768528,1,6,294.05075516949813,5.687147392962699,0.41867696195468557,221.61253279768525
TRX_100327,ACC_003,2026-01-04 09:45:00,166.0607120111982,5.118357291327526,0.0805950548377232,0,166.0607120111982,0,0,166.0607120111982,9,6,283.70243768781063,5.65144455655085,0.0816621980212708,166.06071201119818
TRX_100376,ACC_003,2026-01-04 22:00:00,51.257103020124674,3.9561758245744056,-1.2939801515367884,0,51.257103020124674,0,0,51.257103020124674,22,6,268.99722197823405,5.598411669975939,-1.28269102570362,51.257103020124674
TRX_100381,ACC_003,2026-01-04 23:15:00,181.65567007606825,5.207602796154299,0.1861505655085183,0,181.65567007606825,0,0,181.65567007606825,23,6,244.80387542733303,5.504533963595653,0.18643274865958098,181.65567007606828
TRX_100481,ACC_003,2026-01-06 00:15:00,349.34996108583323,5.858932543744276,0.956513669570594,0,349.34996108583323,0,0,349.34996108583323,0,1,238.48905489220652,5.4785077159829285,0.9510670732070021,349.34996108583334
TRX_100538,ACC_003,2026-01-06 14:30:00,449.3656250541517,6.110059752985164,1.253535473259258,0,449.3656250541517,0,0,449.3656250541517,14,1,248.56731909162716,5.519728694796289,1.245880084164803,449.3656250541519
TRX_100683,ACC_003,2026-01-08 02:45:00,140.08291154502504,4.949347742701151,-0.1193017270576238,0,140.08291154502504,0,0,140.08291154502504,2,3,265.3005112551709,5.584625412664724,-0.11674805812650461,140.08291154502504
TRX_100694,ACC_003,2026-01-08 05:30:00,282.4565065750876,5.647058695437484,0.7059189499909394,0,282.4565065750876,0,0,282.4565065750876,5,3,255.66838820054426,5.5477849334319735,0.7023358928966071,282.45650657508753
TRX_100724,ACC_003,2026-01-08 13:00:00,114.08200776080358,4.745644985183951,-0.360232053313414,0,114.08200776080358,0,0,114.08200776080358,13,3,257.5818252272974,5.555212182457606,-0.355886714051466,114.08200776080362
TRX_100799,ACC_003,2026-01-09 07:45:00,327.40491018932977,5.794247329321945,0.8800069496584598,0,327.40491018932977,0,0,327.40491018932977,7,4,248.01517072953112,5.517513821233379,0.8751292929642976,327.40491018932977
TRX_100826,ACC_003,2026-01-09 14:30:00,338.7829486804872,5.828307027521091,0.920291206481056,0,338.7829486804872,0,0,338.7829486804872,14,4,252.97702944576852,5.537243827676143,0.9151139772554064,338.7829486804873
TRX_100891,ACC_003,2026-01-10 06:45:00,344.5527331718283,5.845145260133755,0.9402066996554552,0,344.5527331718283,0,0,344.5527331718283,6,5,258.0244364595755,5.556922406513696,0.9348813695294377,344.55273317182844
TRX_100893,ACC_003,2026-01-10 07:15:00,27.042277706049,3.333713289468254,-2.0302004339375723,0,27.042277706049,0,0,27.042277706049,7,5,262.83156405470066,5.575310884583853,-2.0134364305436128,27.042277706048996
TRX_100948,ACC_003,2026-01-10 21:00:00,200.0829592905538,5.303717555697152,0.299830717200628,0,200.0829592905538,0,0,200.0829592905538,21,5,250.42160161529793,5.527131217744407,0.29926752169738774,200.08295929055382
TRX_100976,ACC_003,2026-01-11 04:00:00,302.45169584345246,5.715222440809509,0.7865399175785375,0,302.45169584345246,0,0,302.45169584345246,4,6,247.90466949906073,5.5170699697402,0.7823573253492382,302.45169584345234
TRX_101013,ACC_003,2026-01-11 13:15:00,77.1964952102561,4.359224828263726,-0.8172721818484552,0,77.1964952102561,0,0,77.1964952102561,13,6,250.50214694403175,5.527451526060144,-0.8095280789230858,77.19649521025612
TRX_101058,ACC_003,2026-01-12 00:30:00,203.16877883192095,5.318946998996465,0.3178434077872422,0,203.16877883192095,0,0,203.16877883192095,0,0,242.62461731976921,5.4956285870507875,0.31714626151157754,203.16877883192092
TRX_101140,ACC_003,2026-01-12 21:00:00,232.03200566587265,5.45117580750506,0.4742376086448344,0,232.03200566587265,0,0,232.03200566587265,21,0,240.90914608116714,5.488562226248755,0.472377442113709,232.03200566587265
TRX_101322,ACC_003,2026-01-14 18:30:00,117.5193083453488,4.775075886925164,-0.3254225257206724,0,117.5193083453488,0,0,117.5193083453488,18,2,240.53926523052985,5.487032048822771,-0.32133604634899765,117.51930834534878
TRX_101338,ACC_003,2026-01-14 22:30:00,338.1870288181918,5.826551662674155,0.9182150410406618,0,338.1870288181918,0,0,338.1870288181918,22,2,235.6184669551226,5.466448999872581,0.9130532511500234,338.18702881819183
TRX_101344,ACC_003,2026-01-15 00:00:00,96.26463909343047,4.57743550169368,-0.5591825546742364,0,96.26463909343047,0,0,96.26463909343047,0,3,239.56341164216371,5.482983720663861,-0.5533577266483323,96.26463909343047
TRX_101385,ACC_003,2026-01-15 10:15:00,60.73510736188005,4.12285277009457,-1.0968422661544508,0,60.73510736188005,0,0,60.73510736188005,10,3,234.25604969591436,5.460674494164229,-1.0870191496270054,60.73510736188004
TRX_101507,ACC_003,2026-01-16 16:45:00,315.10536980336184,5.756075606750051,0.8348591780470942,0,315.10536980336184,0,0,315.10536980336184,16,4,228.05887318398456,5.433979058652417,0.83031726124984,315.10536980336195
TRX_101582,ACC_003,2026-01-17 11:30:00,237.131606675782,5.472823490066305,0.4998414997542714,0,237.131606675782,0,0,237.131606675782,11,5,231.0604765156872,5.446998012333163,0.4977909307413686,237.13160667578194
TRX_101632,ACC_003,2026-01-18 00:00:00,94.89182768801037,4.563220761240597,-0.5759951010371075,0,94.89182768801037,0,0,94.89182768801037,0,6,231.2628475210237,5.4478696938002535,-0.5700452470712474,94.89182768801032
TRX_101675,ACC_003,2026-01-18 10:45:00,259.0013444755881,5.560686802062112,0.6037622158166289,0,259.0013444755881,0,0,259.0013444755881,10,6,226.86378236512004,5.428748004645585,0.6009388438667901,259.00134447558816
TRX_101692,ACC_003,2026-01-18 15:00:00,561.9742774987787,6.333233938816693,1.5174957164077612,1,561.9742774987787,0,0,561.9742774987787,15,6,227.8680811810722,5.433145772853739,1.5078773957740632,561.9742774987786
TRX_101706,ACC_003,2026-01-18 18:30:00,522.7593982064483,6.261032415144945,1.432099048898582,0,522.7593982064483,0,0,522.7593982064483,18,6,237.99251137251784,5.476432218271235,1.4231157777329422,522.759398206448
TRX_101710,ACC_003,2026-01-18 19:30:00,207.0893672214299,5.33796763753117,0.3403401510989918,0,207.0893672214299,0,0,207.0893672214299,19,6,246.36800804410402,5.510877138921375,0.3394757085424549,207.08936722142988
TRX_101743,ACC_003,2026-01-19 03:45:00,97.66025056896882,4.59168213552433,-0.5423322862797327,0,97.66025056896882,0,0,97.66025056896882,3,0,245.2457611634562,5.506330066354627,-0.536632764712414,97.66025056896886
TRX_101875,ACC_003,2026-01-20 12:45:00,289.2176689686613,5.670631224084792,0.7337994612166664,0,289.2176689686613,0,0,289.2176689686613,12,1,241.14616364694268,5.48954152584512,0.7300090716310377,289.21766896866126
TRX_101888,ACC_003,2026-01-20 16:00:00,81.73583178283208,4.415652782471951,-0.7505317725234296,0,81.73583178283208,0,0,81.73583178283208,16,1,242.4453935205026,5.494892660784064,-0.7432839824247321,81.73583178283211
TRX_101914,ACC_003,2026-01-20 22:30:00,73.38861111483129,4.309302853708099,-0.8763176153203366,0,73.38861111483129,0,0,73.38861111483129,22,1,238.21619452740603,5.477367722658512,-0.8681344229994289,73.38861111483132
TRX_101918,ACC_003,2026-01-20 23:30:00,97.79751211619094,4.5930724234265625,-0.540687917190394,0,97.79751211619094,0,0,97.79751211619094,23,1,233.9898462347759,5.459542305699095,-0.5350006239189319,97.79751211619099
TRX_100044,ACC_004,2026-01-01 11:00:00,101.39127956711644,4.62880154850167,-0.4984291384379622,0,101.39127956711644,0,0,101.39127956711644,11,3,101.39127956711644,4.62880154850167,-0.4930561011644247,101.39127956711648
TRX_100064,ACC_004,2026-01-01 16:00:00,240.8026648755986,5.488121959110857,0.517935830842582,0,240.8026648755986,0,0,240.8026648755986,16,3,101.39127956711644,4.62880154850167,0.5157507039403884,240.8026648755985
TRX_100068,ACC_004,2026-01-01 17:00:00,163.2314074363901,5.101276454223179,0.060392620141056,0,163.2314074363901,0,0,163.2314074363901,17,3,171.09697222135753,5.148058109927099,0.06160999805602591,163.23140743639016
TRX_100155,ACC_004,2026-01-02 14:45:00,305.19653008380266,5.724227150970616,0.7971902778554293,0,305.19653008380266,0,0,305.19653008380266,14,4,168.47511729303505,5.132706115413176,0.7929284845773568,305.19653008380254
TRX_100231,ACC_004,2026-01-03 09:45:00,8.550030423466737,2.256544340190888,-3.3042267139209915,1,14.45445091828967,1,0,8.550030423466737,9,5,202.65547049072694,5.3164296959517925,-3.2779884566129804,8.550030423466737
TRX_100319,ACC_004,2026-01-04 07:45:00,145.75742426753376,4.988781048689389,-0.0726618121498031,0,145.75742426753376,0,0,145.75742426753376,7,6,163.83438247727491,5.104941227251701,-0.07045497938941996,145.7574242675338
TRX_100352,ACC_004,2026-01-04 16:00:00,389.02993340989656,5.96622348851145,1.083412503155921,0,389.02993340989656,0,0,389.02993340989656,16,6,160.8215561089847,5.0864942226292476,1.0770222278512636,389.02993340989644
TRX_100443,ACC_004,2026-01-05 14:45:00,49.55775518921596,3.92311634990547,-1.3330813896099112,0,49.55775518921596,0,0,49.55775518921596,14,0,193.4227528662578,5.270034926670613,-1.3215014887247059,49.55775518921595
TRX_100519,ACC_004,2026-01-06 09:45:00,344.5169601168739,5.845041730619051,0.9400842496697072,0,344.5169601168739,0,0,344.5169601168739,9,1,175.4396281566276,5.172978767756779,0.9347598301389223,344.5169601168739
TRX_100564,ACC_004,2026-01-06 21:00:00,363.6418496518136,5.8989156380267795,1.0038038489850103,0,363.6418496518136,0,0,363.6418496518136,21,1,194.22599837443275,5.274157853503816,0.9980055807803797,363.6418496518136
TRX_100671,ACC_004,2026-01-07 23:45:00,1147.9235835367176,7.046580768706452,2.3612097954592515,1,732.128172029599,1,0,1147.9235835367176,23,2,211.16758350217083,5.357376450618542,2.3453172232332724,1147.9235835367178
TRX_100814,ACC_004,2026-01-09 11:30:00,147.01653462754768,4.997323987980253,-0.0625576133867722,0,147.01653462754768,0,0,147.01653462754768,11,4,296.3272198689478,5.694833282721644,-0.06042592016329109,147.01653462754768
TRX_100864,ACC_004,2026-01-10 00:00:00,118.62601924174965,4.784370370044027,-0.3144294352122256,0,118.62601924174965,0,0,118.62601924174965,0,5,283.8846627654978,5.652084406307838,-0.31042470559125346,118.6260192417496
TRX_100887,ACC_004,2026-01-10 05:45:00,125.24743322906376,4.838243737089893,-0.2507104750122761,0,125.24743322906376,0,0,125.24743322906376,5,5,271.1724594175172,5.6064359073524725,-0.24717958931238967,125.24743322906374
TRX_100889,ACC_004,2026-01-10 06:15:00,124.59553972909518,4.833066741692517,-0.2568335889323679,0,124.59553972909518,0,0,124.59553972909518,6,5,260.74924326119907,5.567386958671774,-0.2532571689001565,124.59553972909517
TRX_100974,ACC_004,2026-01-11 03:30:00,42.6050871994612,3.775173822435262,-1.508061060209088,0,42.6050871994612,0,0,42.6050871994612,3,6,251.67232969239214,5.532093509753669,-1.495179928842926,42.60508719946121
TRX_101006,ACC_004,2026-01-11 11:30:00,130.33223820710293,4.877730282070462,-0.2040075914537215,0,130.33223820710293,0,0,130.33223820710293,11,6,238.60562703658397,5.478994351093169,-0.20082401018884083,130.33223820710296
TRX_101025,ACC_004,2026-01-11 16:15:00,266.0695673840367,5.58750917646261,0.6354864963027246,0,266.0695673840367,0,0,266.0695673840367,16,6,232.23660416426154,5.4520534068424675,0.6324272077997596,266.06956738403676
TRX_101041,ACC_004,2026-01-11 20:15:00,31.88870621149056,3.4931293225920608,-1.841650424408715,0,31.88870621149056,0,0,31.88870621149056,20,6,234.11621323202684,5.460079916298874,-1.8262885668682902,31.88870621149056
TRX_101112,ACC_004,2026-01-12 14:00:00,33.244116773792285,3.5335147769255957,-1.7938843518863763,0,33.244116773792285,0,0,33.244116773792285,14,0,223.47266023094596,5.413753919057955,-1.7788777051502058,33.244116773792285
TRX_101158,ACC_004,2026-01-13 01:30:00,92.39579754914423,4.53684635010202,-0.6071895510184004,0,92.39579754914423,0,0,92.39579754914423,1,1,213.96123305808828,5.370457700511887,-0.6010077205662814,92.39579754914425
TRX_101178,ACC_004,2026-01-13 06:30:00,221.6786503371501,5.405729702299769,0.4204860291982902,0,221.6786503371501,0,0,221.6786503371501,6,1,208.17240279575765,5.343158805686544,0.4190255844939112,221.67865033715006
TRX_101216,ACC_004,2026-01-13 16:00:00,33.94278742062416,3.553712078874301,-1.7699959047818872,0,33.94278742062416,0,0,33.94278742062416,16,1,208.78632313854817,5.346089503839849,-1.7551669036853992,33.942787420624164
TRX_101317,ACC_004,2026-01-14 17:15:00,392.8620902715901,5.976000823333598,1.094976688625591,0,392.8620902715901,0,0,392.8620902715901,17,2,201.18443028124713,5.309180302045174,1.0885004166416103,392.8620902715902
TRX_101358,ACC_004,2026-01-15 03:30:00,146.9786524117905,4.997068022899584,-0.0628603572040248,0,146.9786524117905,0,0,146.9786524117905,3,3,209.17099944751143,5.347921482452248,-0.06072641263624988,146.97865241179045
TRX_101420,ACC_004,2026-01-15 19:00:00,250.3202772499508,5.526728130709177,0.5635974489376876,0,250.3202772499508,0,0,250.3202772499508,19,3,206.6833055660826,5.33601435002081,0.5610727609363578,250.3202772499509
TRX_101592,ACC_004,2026-01-17 14:00:00,266.69750553809394,5.589857632358477,0.6382641427719477,0,266.69750553809394,0,0,266.69750553809394,14,5,208.36165063084675,5.344063142365661,0.6351841983937104,266.6975055380939
TRX_101637,ACC_004,2026-01-18 01:15:00,136.92059549452748,4.9266781245868,-0.1461143169064551,0,136.92059549452748,0,0,136.92059549452748,1,6,210.52223784963368,5.354330136456229,-0.1433612570457199,136.92059549452745
TRX_101649,ACC_004,2026-01-18 04:15:00,432.2882858446153,6.071403293634551,1.2078143771054628,0,432.2882858446153,0,0,432.2882858446153,4,6,207.89360776552277,5.341825068599482,1.2004989914167434,432.2882858446155
TRX_101663,ACC_004,2026-01-18 07:45:00,,,0.1102524442842665,0,,1,1,147.01653462754768,7,6,215.63135528549145,5.378197085334182,-0.1884638333824578,131.72229140621124
TRX_101700,ACC_004,2026-01-18 17:00:00,599.3933543970246,6.3975850310721745,1.5936072518675626,1,599.3933543970246,0,0,599.3933543970246,17,6,215.63135528549145,5.378197085334182,1.5834229303404261,599.3933543970248
TRX_101818,ACC_004,2026-01-19 22:30:00,29.091322787706563,3.4042368507161265,-1.946788383814808,0,29.091322787706563,0,0,29.091322787706563,22,0,228.4234219225426,5.435569300279078,-1.9306446713479433,29.091322787706563
TRX_101823,ACC_004,2026-01-19 23:45:00,187.25530924724424,5.237799069454913,0.2218653396563916,0,187.25530924724424,0,0,187.25530924724424,23,0,221.9933542085156,5.407141969260502,0.22188193108138377,187.25530924724418
TRX_101857,ACC_004,2026-01-20 08:15:00,200.1890756996716,5.304245141024239,0.3004547210508073,0,200.1890756996716,0,0,200.1890756996716,8,1,220.90779030347588,5.402261936593487,0.2998868851637596,200.18907569967155
TRX_100112,ACC_005,2026-01-02 04:00:00,148.00128222065453,5.00395491141618,-0.0547148597281223,0,148.00128222065453,0,0,148.00128222065453,4,4,148.00128222065453,5.00395491141618,-0.05264148888049383,148.00128222065447
TRX_100140,ACC_005,2026-01-02 11:00:00,51.58760861697724,3.96248051436689,-1.2865232521449548,0,51.58760861697724,0,0,51.58760861697724,11,4,148.00128222065453,5.00395491141618,-1.2752895792952605,51.58760861697724
TRX_100236,ACC_005,2026-01-03 11:00:00,148.67155449744408,5.008443256652979,-0.0494062497935749,0,148.67155449744408,0,0,148.67155449744408,11,5,99.79444541881588,4.613083249146869,-0.047372356246564835,148.67155449744408
TRX_100283,ACC_005,2026-01-03 22:45:00,120.80249104262715,4.8024008069765705,-0.2931038571707735,0,120.80249104262715,0,0,120.80249104262715,22,5,116.08681511169193,4.762915669146449,-0.2892577144992254,120.8024910426272
TRX_100349,ACC_005,2026-01-04 15:15:00,263.48244531783433,5.577774879787059,0.6239732143889387,0,263.48244531783433,0,0,263.48244531783433,15,6,117.26573409442575,4.772934076401606,0.6209995440227022,263.4824453178343
TRX_100441,ACC_005,2026-01-05 14:15:00,42.60629678054159,3.7752015614992525,-1.5080282517099843,0,42.60629678054159,0,0,42.60629678054159,14,0,146.50907633910748,4.993889708389128,-1.4951473643231317,42.6062967805416
TRX_100478,ACC_005,2026-01-05 23:30:00,405.4358611535546,6.007426133398709,1.1321451113752805,0,405.4358611535546,0,0,405.4358611535546,23,0,129.1919464126798,4.869009872351966,1.1253924376559123,405.43586115355447
TRX_100490,ACC_005,2026-01-06 02:30:00,197.81796102784304,5.29238963736396,0.2864325723101029,0,197.81796102784304,0,0,197.81796102784304,2,1,168.65536280423336,5.1337691017193245,0.28596901166421557,197.81796102784307
TRX_100495,ACC_005,2026-01-06 03:45:00,373.8109365179279,5.926421729548817,1.0363367988831804,0,373.8109365179279,0,0,373.8109365179279,3,1,172.30068758218457,5.155028164296982,1.030296600482328,373.810936517928
TRX_100509,ACC_005,2026-01-06 07:15:00,223.3906743539426,5.4133886146474675,0.4295446412327384,0,223.3906743539426,0,0,223.3906743539426,7,1,194.69071524171162,5.276535429442666,0.42801683246227096,223.39067435394264
TRX_100517,ACC_005,2026-01-06 09:15:00,124.59902141661908,4.83309446273479,-0.2568008017485299,0,124.59902141661908,0,0,124.59902141661908,9,1,197.56071115293472,5.2910949030017305,-0.2532246255371169,124.59902141661911
TRX_100620,ACC_005,2026-01-07 11:00:00,79.52041454848784,4.388510749149891,-0.7826341309953189,0,79.52041454848784,0,0,79.52041454848784,11,2,190.9278302678151,5.257119417343879,-0.7751476127791712,79.52041454848784
TRX_100634,ACC_005,2026-01-07 14:30:00,437.6647206074362,6.083735386902076,1.2224002142859487,0,437.6647206074362,0,0,437.6647206074362,14,2,181.64387895787115,5.207538240267317,1.2149763615057967,437.66472060743615
TRX_100657,ACC_005,2026-01-07 20:15:00,260.81780353628744,5.567648855503897,0.6119966149361296,0,260.81780353628744,0,0,260.81780353628744,20,2,201.33778985399155,5.309938527786348,0.6091120081520385,260.8178035362874
TRX_100762,ACC_005,2026-01-08 22:30:00,220.4876404045536,5.400366788400364,0.4141430193578062,0,220.4876404045536,0,0,220.4876404045536,22,3,205.58636225986984,5.330718544147948,0.4127297442344258,220.48764040455353
TRX_100770,ACC_005,2026-01-09 00:30:00,98.03838923769617,4.595507545048942,-0.5378077664545701,0,98.03838923769617,0,0,98.03838923769617,0,4,206.57978080284875,5.335515751571891,-0.532141891327938,98.03838923769615
TRX_100795,ACC_005,2026-01-09 06:45:00,28.68068724646132,3.3904965732353247,-1.963039757024692,0,28.68068724646132,0,0,28.68068724646132,6,4,199.79594383002672,5.302289187563883,-1.9467751917632965,28.68068724646133
TRX_100797,ACC_005,2026-01-09 07:15:00,149.95336671353502,5.01697095940552,-0.0393200721128004,0,149.95336671353502,0,0,149.95336671353502,7,4,189.73034050158168,5.250860600641194,-0.037361184089515546,149.95336671353508
TRX_100831,ACC_005,2026-01-09 15:45:00,118.4510451511516,4.782906623429242,-0.3161606879147142,0,118.4510451511516,0,0,118.4510451511516,15,4,187.520508624468,5.239206800038672,-0.3121430838907957,118.45104515115159
TRX_100862,ACC_005,2026-01-09 23:30:00,203.461484318743,5.320379617004869,0.3195378429945601,0,203.461484318743,0,0,203.461484318743,23,4,183.88527370481975,5.219735490574546,0.3188280961080232,203.4614843187431
TRX_100871,ACC_005,2026-01-10 01:45:00,216.97651925097,5.38438734713003,0.3952432653948698,0,216.97651925097,0,0,216.97651925097,1,5,184.86408423551592,5.225015676683381,0.3939705376611087,216.97651925097
TRX_100900,ACC_005,2026-01-10 09:00:00,82.19849924815705,4.421229309781751,-0.7439361104887074,0,82.19849924815705,0,0,82.19849924815705,9,5,186.3932478076804,5.233209338246337,-0.7367373688106196,82.19849924815706
TRX_100908,ACC_005,2026-01-10 11:00:00,29.43779016370221,3.4156849338964146,-1.9332481134264825,0,29.43779016370221,0,0,29.43779016370221,11,5,181.65712287315662,5.207610749870218,-1.917205092728493,29.437790163702203
TRX_101038,ACC_005,2026-01-11 19:30:00,357.51099301147235,5.881959323478815,0.9837486938858356,0,357.51099301147235,0,0,357.51099301147235,19,6,175.0388910162238,5.1707049423105955,0.9780995651728156,357.5109930114724
TRX_101063,ACC_005,2026-01-12 01:45:00,152.3710836685843,5.03286036835191,-0.0205268042742823,0,152.3710836685843,0,0,152.3710836685843,1,0,182.6418952660258,5.212987639878984,-0.018707671760106098,152.37108366858436
TRX_101085,ACC_005,2026-01-12 07:15:00,139.4956229952833,4.945176335230052,-0.1242354774653612,0,139.4956229952833,0,0,139.4956229952833,7,0,181.43106280212817,5.2063723635910195,-0.12164511886398496,139.49562299528327
TRX_101108,ACC_005,2026-01-12 13:00:00,81.43859253603225,4.412053683290788,-0.7547886228013222,0,81.43859253603225,0,0,81.43859253603225,13,0,179.81816127109568,5.197491892421635,-0.7475091767775937,81.43859253603223
TRX_101162,ACC_005,2026-01-13 02:30:00,718.081026232407,6.57797404432356,1.806963145255244,1,718.081026232407,0,0,718.081026232407,2,1,176.17447354016738,5.177134973280404,1.7951922097470834,718.0810262324069
TRX_101175,ACC_005,2026-01-13 05:45:00,71.09534973820371,4.277989544821172,-0.9133535681872906,0,71.09534973820371,0,0,71.09534973820371,5,1,195.5282789934617,5.2808063344075,-0.9048949592388585,71.0953497382037
TRX_101189,ACC_005,2026-01-13 09:15:00,175.90120908715116,5.175591436004741,0.1482889894614999,0,175.90120908715116,0,0,175.90120908715116,9,1,191.23748832948726,5.258731526057215,0.14885272895931256,175.90120908715124
TRX_101217,ACC_005,2026-01-13 16:15:00,494.8461103979421,6.206265617289462,1.3673233795059263,0,494.8461103979421,0,0,494.8461103979421,16,1,190.7262790214094,5.256068724753508,1.3588218104440195,494.8461103979419
TRX_101380,ACC_005,2026-01-15 09:00:00,547.1833405425942,6.306609794028215,1.486005892861176,1,547.1833405425942,0,0,547.1833405425942,9,3,200.53659616258787,5.3059709835689555,1.476621745249398,547.1833405425944
TRX_101389,ACC_005,2026-01-15 11:15:00,371.0567313905983,5.9190463463838014,1.027613532228046,0,371.0567313905983,0,0,371.0567313905983,11,3,211.36930692446307,5.3583267729204325,1.0216382041085599,371.05673139059843
TRX_101480,ACC_005,2026-01-16 10:00:00,228.8026146671297,5.437220743361805,0.4577321955717144,0,228.8026146671297,0,0,228.8026146671297,10,4,216.2083197870732,5.380856892054871,0.45599477099408553,228.80261466712972
TRX_101628,ACC_005,2026-01-17 23:00:00,334.3954335712419,5.81531023442237,0.9049191926717216,0,334.3954335712419,0,0,334.3954335712419,23,5,216.57874022472194,5.3825608090355646,0.8998562769137675,334.39543357124177
TRX_101677,ACC_005,2026-01-18 11:15:00,156.15854967677998,5.057255166324822,0.0083262495880908,0,156.15854967677998,0,0,156.15854967677998,11,6,219.94493146319397,5.397913491567958,0.00993081733010916,156.15854967677998
TRX_101678,ACC_005,2026-01-18 11:30:00,377.1462754088308,5.9352810927462745,1.0468152494039198,0,377.1462754088308,0,0,377.1462754088308,11,6,218.17308752468244,5.389861771645236,1.0406971283554574,377.14627540883066
TRX_101719,ACC_005,2026-01-18 21:45:00,225.61895053289624,5.423269974986337,0.4412318633367099,0,225.61895053289624,0,0,225.61895053289624,21,6,222.46966017019994,5.409275656159743,0.4396171429290944,225.61895053289626
TRX_101726,ACC_005,2026-01-18 23:30:00,142.60021532266057,4.967033156074424,-0.0983842271380091,0,142.60021532266057,0,0,142.60021532266057,23,6,222.55253623237618,5.40964644787341,-0.0959861104969794,142.60021532266057
TRX_101735,ACC_005,2026-01-19 01:45:00,150.1222885917304,5.01808936728008,-0.0379972703138017,0,150.1222885917304,0,0,150.1222885917304,1,0,220.50247672187064,5.400433771011258,-0.036048219261950294,150.12228859173038
TRX_101769,ACC_005,2026-01-19 10:15:00,326.2970511607564,5.790868171875214,0.8760102364277034,0,326.2970511607564,0,0,326.2970511607564,10,0,218.74297201861714,5.392458554341083,0.8711623011581026,326.2970511607564
TRX_101887,ACC_005,2026-01-20 15:45:00,169.8978329870616,5.141065910035662,0.1074537728092145,0,169.8978329870616,0,0,169.8978329870616,15,1,221.36624224159615,5.404325762373358,0.1083211820329013,169.89783298706158
TRX_100066,ACC_006,2026-01-01 16:30:00,101.1566536989556,4.62650745569599,-0.5011424867248002,0,101.1566536989556,0,0,101.1566536989556,16,3,101.1566536989556,4.62650745569599,-0.4957492717272779,101.15665369895561
TRX_100173,ACC_006,2026-01-02 19:15:00,252.99622737776104,5.537319414064772,0.5761243355907331,0,252.99622737776104,0,0,252.99622737776104,19,4,101.1566536989556,4.62650745569599,0.5735064918148586,252.99622737776113
TRX_100191,ACC_006,2026-01-02 23:45:00,104.07504699148618,4.654674828109602,-0.4678274039635527,0,104.07504699148618,0,0,104.07504699148618,23,4,177.07644053835833,5.182212899335324,-0.4626819354671873,104.07504699148618
TRX_100229,ACC_006,2026-01-03 09:15:00,351.3545902720705,5.8646380272802565,0.9632618551451309,0,351.3545902720705,0,0,351.3545902720705,9,5,152.74264268940092,5.035280053115002,0.9577650761247154,351.3545902720706
TRX_100238,ACC_006,2026-01-03 11:30:00,276.07310104296647,5.62428137405334,0.6789789736292969,0,276.07310104296647,0,0,276.07310104296647,11,5,202.39562958506832,5.3151529965845405,0.6755962547701321,276.0731010429664
TRX_100245,ACC_006,2026-01-03 13:15:00,62.93402160609216,4.157851639199174,-1.055447200840993,0,62.93402160609216,0,0,62.93402160609216,13,5,217.13112387664796,5.385096367641783,-1.0459319173353072,62.93402160609213
TRX_100361,ACC_006,2026-01-04 18:15:00,24.448762266126813,3.2366671078699265,-2.144982229134378,0,24.448762266126813,0,0,24.448762266126813,18,6,191.4316068315553,5.259740801410957,-2.127364654750957,24.4487622661268
TRX_100433,ACC_006,2026-01-05 12:15:00,82.32125028886344,4.422703622147484,-0.7421923610981325,0,82.32125028886344,0,0,82.32125028886344,12,0,167.57691475077982,5.127392113006561,-0.7350065867541948,82.32125028886341
TRX_100444,ACC_006,2026-01-05 15:00:00,5.490425953853849,1.8703281608972449,-3.7610255870271914,1,14.45445091828967,1,0,5.490425953853849,15,0,156.91995669304026,5.0620883014516,-3.7313903601437035,5.490425953853848
TRX_100673,ACC_006,2026-01-08 00:15:00,155.9862589668627,5.056158279013931,0.0070289013297764,0,155.9862589668627,0,0,155.9862589668627,0,3,140.0944532775751,4.949429547509015,0.008643116758822277,155.9862589668627
TRX_100701,ACC_006,2026-01-08 07:15:00,102.2456251466583,4.63711085948251,-0.4886012645791338,0,102.2456251466583,0,0,102.2456251466583,7,3,141.68363384650388,4.960629828672849,-0.4833013119615697,102.2456251466583
TRX_100760,ACC_006,2026-01-08 22:00:00,161.26068260726365,5.089204193831383,0.0461141014293253,0,161.26068260726365,0,0,161.26068260726365,22,3,138.09836032833607,4.935181311141274,0.04743766107218961,161.26068260726367
TRX_100792,ACC_006,2026-01-09 06:00:00,59.30703043872736,4.099448687960606,-1.1245235465307233,0,59.30703043872736,0,0,59.30703043872736,6,4,140.02855385158006,4.948962379461544,-1.1144945790855445,59.30703043872736
TRX_100873,ACC_006,2026-01-10 02:15:00,103.2497073724639,4.6467890536962075,-0.477154338097168,0,103.2497073724639,0,0,103.2497073724639,2,5,133.81920589674522,4.903934665308148,-0.4719395101663782,103.24970737246389
TRX_100906,ACC_006,2026-01-10 10:30:00,281.4890136541948,5.6436396601106065,0.7018750710232474,0,281.4890136541948,0,0,281.4890136541948,10,5,131.63567028786798,4.887606048271786,0.6983220860999053,281.4890136541948
TRX_100994,ACC_006,2026-01-11 08:30:00,172.27086196623517,5.1548560462101864,0.1237641166068893,0,172.27086196623517,0,0,172.27086196623517,8,6,141.62589317895646,4.960225070591774,0.12451023450323655,172.2708619662352
TRX_100998,ACC_006,2026-01-11 09:30:00,77.05088000426717,4.357360921776383,-0.8194767253881662,0,77.05088000426717,0,0,77.05088000426717,9,6,143.54120372816138,4.973564613813525,-0.8117162284483341,77.05088000426716
TRX_101003,ACC_006,2026-01-11 10:45:00,298.17731862812644,5.701036436502671,0.7697613590181609,0,298.17731862812644,0,0,298.17731862812644,10,6,139.63000821499114,4.946132386297792,0.7657035399796586,298.1773186281264
TRX_101004,ACC_006,2026-01-11 11:00:00,384.8850598631237,5.955539552746507,1.070776031460999,0,384.8850598631237,0,0,384.8850598631237,11,6,148.43819212683195,5.006882876754999,1.0644797268563941,384.8850598631238
TRX_101020,ACC_006,2026-01-11 15:00:00,217.55572480117695,5.387041015435149,0.3983819031743464,0,217.55572480117695,0,0,217.55572480117695,15,6,160.8827641129526,5.086872394935724,0.39708583506548134,217.55572480117695
TRX_101027,ACC_006,2026-01-11 16:45:00,210.64698417451407,5.354919717749014,0.3603902980257195,0,210.64698417451407,0,0,210.64698417451407,16,6,163.7164121473638,5.104225280958295,0.3593767532206792,210.6469841745141
TRX_101039,ACC_006,2026-01-11 19:45:00,81.76475191946506,4.41600226929889,-0.7501184154522602,0,81.76475191946506,0,0,81.76475191946506,19,6,165.95120129151383,5.11770156188048,-0.7428736992696279,81.76475191946506
TRX_101060,ACC_006,2026-01-12 01:00:00,96.13212012674676,4.576072114899139,-0.5607951063609451,0,96.13212012674676,0,0,96.13212012674676,1,0,162.12454450187522,5.0945139857473904,-0.5549582866482371,96.13212012674676
TRX_101138,ACC_006,2026-01-12 20:30:00,332.4624246484717,5.809530189288243,0.898082819041283,0,332.4624246484717,0,0,332.4624246484717,20,0,159.25530865947835,5.07676822261232,0.8930707417476866,332.4624246484716
TRX_101139,ACC_006,2026-01-12 20:45:00,349.5868470563731,5.859608456256806,0.9573131080472708,0,349.5868470563731,0,0,349.5868470563731,20,0,166.47227182568642,5.120817796222456,0.9518605666861258,349.586847056373
TRX_101195,ACC_006,2026-01-13 10:45:00,444.4460706662419,6.099076186084402,1.240544611529616,0,444.4460706662419,0,0,444.4460706662419,10,1,173.79685483491386,5.163624470124285,1.2329858285448798,444.446070666242
TRX_101267,ACC_006,2026-01-14 04:45:00,163.59033437884807,5.103459564640572,0.0629747035233602,0,163.59033437884807,0,0,163.59033437884807,4,2,184.20644005919573,5.221471095145268,0.0641728798614274,163.59033437884813
TRX_101428,ACC_006,2026-01-15 21:00:00,115.57612421557522,4.758544486358588,-0.3449751119522751,0,115.57612421557522,0,0,115.57612421557522,21,3,183.4428805895532,5.217339825247087,-0.3407432304256017,115.57612421557525
TRX_101447,ACC_006,2026-01-16 01:45:00,308.6352121008889,5.735394869424328,0.8103989456387236,0,308.6352121008889,0,0,308.6352121008889,1,4,181.01906786191117,5.204111450061002,0.8060389265434826,308.6352121008888
TRX_101535,ACC_006,2026-01-16 23:45:00,104.91791548128968,4.662664411871266,-0.4583776888698178,0,104.91791548128968,0,0,104.91791548128968,23,4,185.41962455980692,5.2280001786829455,-0.45330249286438923,104.9179154812897
TRX_101654,ACC_006,2026-01-18 05:30:00,135.320864064824,4.915011401564614,-0.1599131845228343,0,135.320864064824,0,0,135.320864064824,5,6,182.7362342571897,5.213501219679501,-0.15705750984356828,135.32086406482395
TRX_101676,ACC_006,2026-01-18 11:00:00,78.36001609155471,4.373994665743163,-0.7998030920529214,0,78.36001609155471,0,0,78.36001609155471,11,6,181.2067061864682,5.205141790879946,-0.7921888974308348,78.36001609155473
TRX_101730,ACC_006,2026-01-19 00:30:00,85.58571458993666,4.461134843415466,-0.6967376662704422,0,85.58571458993666,0,0,85.58571458993666,0,0,177.99274712100217,5.18734528614276,-0.689889914247668,85.58571458993664
TRX_101751,ACC_006,2026-01-19 05:45:00,83.19002487420029,4.4330764448026745,-0.7299238597927563,0,83.19002487420029,0,0,83.19002487420029,5,0,175.19253401400016,5.171577340379607,-0.7228293197493494,83.19002487420032
TRX_101804,ACC_006,2026-01-19 19:00:00,411.0852747606132,6.021230305506927,1.148472056234842,0,411.0852747606132,0,0,411.0852747606132,19,0,172.4865778628296,5.15610023537324,1.1415979677348929,411.08527476061323
TRX_101846,ACC_006,2026-01-20 05:30:00,199.94558056130305,5.30303412792534,0.2990223900182084,0,199.94558056130305,0,0,199.94558056130305,5,1,179.30368348848054,5.194642559775853,0.2984652056130846,199.94558056130305
TRX_101885,ACC_006,2026-01-20 15:15:00,61.41060332772179,4.13373518606349,-1.0839710411312866,0,61.41060332772179,0,0,61.41060332772179,15,1,179.8770695182812,5.19781762659058,-1.074243641039185,61.410603327721766
TRX_100039,ACC_007,2026-01-01 09:45:00,347.1231274066766,5.852556231583926,0.9489720585103116,0,347.1231274066766,0,0,347.1231274066766,9,3,347.1231274066766,5.852556231583926,0.9435815450856893,347.12312740667664
TRX_100054,ACC_007,2026-01-01 13:30:00,261.8156267884166,5.571452747507829,0.6164956848197154,0,261.8156267884166,0,0,261.8156267884166,13,3,347.1231274066766,5.852556231583926,0.6135776208525788,261.8156267884165
TRX_100099,ACC_007,2026-01-02 00:45:00,55.61202610433453,4.036221437981048,-1.199305852629574,0,55.61202610433453,0,0,55.61202610433453,0,4,304.4693770975466,5.721849534954187,-1.1887207690607402,55.612026104334525
TRX_100117,ACC_007,2026-01-02 05:15:00,113.75961035290916,4.742839595785939,-0.3635501398782486,0,113.75961035290916,0,0,113.75961035290916,5,4,221.5169267664759,5.40500317406766,-0.35918012577629294,113.75961035290912
TRX_100167,ACC_007,2026-01-02 17:45:00,218.4148332218126,5.390964153677101,0.4030220120668347,0,218.4148332218126,0,0,218.4148332218126,17,4,194.57759766308422,5.275957219666673,0.4016914379430413,218.41483322181253
TRX_100257,ACC_007,2026-01-03 16:15:00,470.0838052457151,6.155036008646665,1.3067313361055148,0,470.0838052457151,0,0,470.0838052457151,16,5,199.3450447748299,5.300041103932917,1.2986803577522659,470.08380524571487
TRX_100274,ACC_007,2026-01-03 20:30:00,456.1533509775711,6.125018894732474,1.271228463504525,0,456.1533509775711,0,0,456.1533509775711,20,5,244.46817151997743,5.503167291253135,1.2634415010785658,456.1533509775713
TRX_100326,ACC_007,2026-01-04 09:30:00,225.1373344670163,5.421142489345636,0.4387155704020132,0,225.1373344670163,0,0,225.1373344670163,9,6,274.70891144249083,5.619345640476149,0.4371195623228324,225.13733446701625
TRX_100410,ACC_007,2026-01-05 06:30:00,593.6308611507178,6.387940811589665,1.582200509147316,1,593.6308611507178,0,0,593.6308611507178,6,0,268.5124643205565,5.596614639077546,1.5721010134817512,593.6308611507179
TRX_100563,ACC_007,2026-01-06 20:45:00,112.97280380018395,4.735959856777498,-0.3716871812421504,0,112.97280380018395,0,0,112.97280380018395,20,1,304.63673063501886,5.722397241938419,-0.36725665630364296,112.97280380018395
TRX_100613,ACC_007,2026-01-07 09:15:00,218.7377531118828,5.39243480400831,0.4047614301700796,0,218.7377531118828,0,0,218.7377531118828,9,2,285.4703379515354,5.6576349983395655,0.4034179209216106,218.73775311188288
TRX_100648,ACC_007,2026-01-07 18:00:00,145.6477972951553,4.988033775161698,-0.0735456531788754,0,145.6477972951553,0,0,145.6477972951553,18,2,279.40373932974876,5.636230490769621,-0.07133224776417521,145.64779729515524
TRX_100668,ACC_007,2026-01-07 23:00:00,47.553820040807366,3.882672874253912,-1.3809160870995871,0,47.553820040807366,0,0,47.553820040807366,23,2,268.25741082686596,5.5956678396200825,-1.3689804650828483,47.553820040807366
TRX_100947,ACC_007,2026-01-10 20:45:00,50.71303574347296,3.9457098917720175,-1.306358779275481,0,50.71303574347296,0,0,50.71303574347296,20,5,251.2802115356307,5.530540420290543,-1.2949776001902356,50.71303574347296
TRX_101141,ACC_007,2026-01-12 21:15:00,123.78980092808112,4.82663072926311,-0.2644458107466571,0,123.78980092808112,0,0,123.78980092808112,21,0,236.95398469333372,5.472077313353925,-0.2608127826809602,123.78980092808108
TRX_101256,ACC_007,2026-01-14 02:00:00,86.13325610250774,4.467438626169375,-0.689281839682446,0,86.13325610250774,0,0,86.13325610250774,2,2,229.40970577565022,5.439859053696842,-0.6824895326652762,86.13325610250777
TRX_101266,ACC_007,2026-01-14 04:30:00,87.05368291210016,4.4779466615757055,-0.6768534149050301,0,87.05368291210016,0,0,87.05368291210016,4,2,220.45492767107882,5.400219081966655,-0.6701535314539538,87.0536829121002
TRX_101279,ACC_007,2026-01-14 07:45:00,261.39448371200945,5.569849034409971,0.61459888614798,0,261.39448371200945,0,0,261.39448371200945,7,2,212.60779562643302,5.364141602798495,0.6116949276608654,261.39448371200956
TRX_101289,ACC_007,2026-01-14 10:15:00,82.37277089659317,4.423321768005432,-0.7414612463844962,0,82.37277089659317,0,0,82.37277089659317,10,2,215.3181671867428,5.376750320124285,-0.7342809089507276,82.37277089659315
TRX_101334,ACC_007,2026-01-14 21:30:00,14.00549260612704,2.7084163078187697,-2.769773170368745,0,14.00549260612704,0,0,14.00549260612704,21,2,208.3210410662086,5.343869155054646,-2.747509359001476,14.005492606127042
TRX_101365,ACC_007,2026-01-15 05:15:00,356.1301473644928,5.878100273788313,0.9791843860075224,0,356.1301473644928,0,0,356.1301473644928,5,3,198.60526364320452,5.296341734487594,0.9735691996177185,356.1301473644928
TRX_101367,ACC_007,2026-01-15 05:45:00,329.96842645302394,5.80202298246786,0.8892036373819382,0,329.96842645302394,0,0,329.96842645302394,5,3,206.10644858231348,5.333232905446054,0.8842575898264339,329.968426453024
TRX_101453,ACC_007,2026-01-16 03:15:00,91.27209672264584,4.524741785106488,-0.6215062781413099,0,91.27209672264584,0,0,91.27209672264584,3,4,211.7365384855276,5.360054491588048,-0.615217981825722,91.27209672264586
TRX_101550,ACC_007,2026-01-17 03:30:00,116.63259674065678,4.767566180225219,-0.3343046641234879,0,116.63259674065678,0,0,116.63259674065678,3,5,206.4989540610545,5.335126298988432,-0.330152133025997,116.63259674065675
TRX_101556,ACC_007,2026-01-17 05:00:00,11.205918167608957,2.501920929823978,-3.0140064806929665,0,11.205918167608957,0,0,11.205918167608957,5,5,202.75452250603792,5.316915948223289,-2.9899264364640716,11.205918167608957
TRX_101559,ACC_007,2026-01-17 05:45:00,48.10968151100272,3.894056194813319,-1.3674524149840013,0,48.10968151100272,0,0,48.10968151100272,5,5,195.09257833250078,5.278586886144962,-1.3556169151156379,48.10968151100271
TRX_101662,ACC_007,2026-01-18 07:30:00,304.2209919766697,5.721036078095681,0.7934160224735437,0,304.2209919766697,0,0,304.2209919766697,7,6,189.4393899932124,5.249333981176956,0.7891822963196633,304.22099197666967
TRX_101768,ACC_007,2026-01-19 10:00:00,126.87402005835727,4.851045560964674,-0.2355690619042106,0,126.87402005835727,0,0,126.87402005835727,10,0,193.69056043704416,5.271411428599055,-0.2321507748176002,126.87402005835726
TRX_101807,ACC_007,2026-01-19 19:45:00,104.61087992058626,4.659761395515988,-0.4618112441448079,0,104.61087992058626,0,0,104.61087992058626,19,0,191.3042554235196,5.2590787814373545,-0.45671051462016216,104.61087992058624
TRX_101842,ACC_007,2026-01-20 04:30:00,130.40419581075787,4.878278037129428,-0.2033597317650576,0,130.40419581075787,0,0,130.40419581075787,4,1,188.31482868203912,5.243411389442283,-0.2001809682871312,130.40419581075787
TRX_101913,ACC_007,2026-01-20 22:15:00,144.43433288792488,4.979724664377956,-0.0833732902537117,0,144.43433288792488,0,0,144.43433288792488,22,1,186.38447425299643,5.233162518202513,-0.08108680194387428,144.43433288792488
TRX_101925,ACC_007,2026-01-21 01:15:00,,,0.1102524442842665,0,,1,1,126.87402005835727,1,2,185.03124388638122,5.225914637490266,-0.22087888923509674,128.10772880573924
TRX_100004,ACC_008,2026-01-01 01:00:00,265.7007125074925,5.586127102753551,0.6338518425862427,0,265.7007125074925,0,0,265.7007125074925,1,3,265.7007125074925,5.586127102753551,0.6308047101310884,265.70071250749254
TRX_100056,ACC_008,2026-01-01 14:00:00,75.80009139790246,4.341205830229773,-0.8385842304826331,0,75.80009139790246,0,0,75.80009139790246,14,3,265.7007125074925,5.586127102753551,-0.8306816412188253,75.80009139790246
TRX_100080,ACC_008,2026-01-01 20:00:00,273.3170541546119,5.614284569378033,0.6671552092321275,0,273.3170541546119,0,0,273.3170541546119,20,3,170.75040195269747,5.146042271435659,0.6638604174023173,273.3170541546118
TRX_100104,ACC_008,2026-01-02 02:00:00,194.821627761257,5.2772041824297125,0.2684719091544168,0,194.821627761257,0,0,194.821627761257,2,4,204.9392860200023,5.32758139729049,0.2681419123807001,194.821627761257
TRX_100108,ACC_008,2026-01-02 03:00:00,400.4584852714986,5.99510412896604,1.1175712068082906,0,400.4584852714986,0,0,400.4584852714986,3,4,202.40987145531597,5.315223014665501,1.1109269114438727,400.45848527149855
TRX_100119,ACC_008,2026-01-02 05:45:00,32.88668351512624,3.523022120550786,-1.806294587047083,0,32.88668351512624,0,0,32.88668351512624,5,4,242.0195942185525,5.493142074733999,-1.7911956520112964,32.886683515126236
TRX_100192,ACC_008,2026-01-03 00:00:00,100.44138105352955,4.619481105082927,-0.5094529336044898,0,100.44138105352955,0,0,100.44138105352955,0,5,207.16410910131478,5.338326754679445,-0.5039979182460846,100.44138105352955
TRX_100299,ACC_008,2026-01-04 02:45:00,232.6891875420752,5.453991974073442,0.4775684419549996,0,232.6891875420752,0,0,232.6891875420752,2,6,191.9180050944883,5.262265254563066,0.47568350579312035,232.68918754207516
TRX_100325,ACC_008,2026-01-04 09:15:00,122.58911011867598,4.816962435306088,-0.2758810276567938,0,122.58911011867598,0,0,122.58911011867598,9,6,197.0144029004367,5.288339769970367,-0.2721629619821629,122.58911011867596
TRX_100339,ACC_008,2026-01-04 12:45:00,356.94382235922524,5.880376053303059,0.9818760741695136,0,356.94382235922524,0,0,356.94382235922524,12,6,188.7449259246855,5.2456806750733245,0.9762408711305206,356.94382235922524
TRX_100415,ACC_008,2026-01-05 07:45:00,244.59678531750197,5.503691107089205,0.5363503086222032,0,244.59678531750197,0,0,244.59678531750197,7,0,205.56481556813947,5.330614239995347,0.5340282430705329,244.59678531750185
TRX_100438,ACC_008,2026-01-05 13:30:00,140.36524024650004,4.951346897545778,-0.1169372179325509,0,140.36524024650004,0,0,140.36524024650004,13,0,209.11317645444515,5.347646321041249,-0.11440113259463149,140.36524024650006
TRX_100556,ACC_008,2026-01-06 19:00:00,222.35154906819088,5.408746983382722,0.4240547315790616,0,222.35154906819088,0,0,222.35154906819088,19,1,203.38418177044971,5.320001466736315,0.42256774833852345,222.35154906819093
TRX_100662,ACC_008,2026-01-07 21:30:00,137.45965345251471,4.930578972375988,-0.1415005721443407,0,137.45965345251471,0,0,137.45965345251471,21,2,204.8432100241221,5.327114762605691,-0.1387818222425582,137.45965345251471
TRX_100690,ACC_008,2026-01-08 04:30:00,178.06551212068328,5.187751728383958,0.1626716283908884,0,178.06551212068328,0,0,178.06551212068328,4,3,200.03009884043587,5.303454642323147,0.16312841187428279,178.06551212068325
TRX_100732,ACC_008,2026-01-08 15:00:00,128.32269427619772,4.862310786820514,-0.2222450668151227,0,128.32269427619772,0,0,128.32269427619772,15,3,198.56579305911904,5.2961439717312455,-0.21892586317334145,128.32269427619778
TRX_100737,ACC_008,2026-01-08 16:15:00,65.44031751708529,4.1963040637385705,-1.0099674277514186,0,65.44031751708529,0,0,65.44031751708529,16,3,194.17559938518644,5.273899663015787,-1.0007903530605538,65.44031751708528
TRX_100741,ACC_008,2026-01-08 17:15:00,325.3679375101067,5.788025387597439,0.8726479209054826,0,325.3679375101067,0,0,325.3679375101067,17,3,186.60293574588638,5.23432768541496,0.867824989383055,325.36793751010674
TRX_100822,ACC_008,2026-01-09 13:30:00,103.83252516881552,4.652364078401165,-0.4705604532748868,0,103.83252516881552,0,0,103.83252516881552,13,4,194.3121025105653,5.274598804782744,-0.4653946605485254,103.8325251688155
TRX_100886,ACC_008,2026-01-10 05:30:00,61.22322465749931,4.1307283168301545,-1.0875274288514418,0,61.22322465749931,0,0,61.22322465749931,5,5,189.55001949257846,5.249914729616261,-1.0777735818007437,61.22322465749928
TRX_100931,ACC_008,2026-01-10 16:45:00,367.8942811621809,5.910510102075801,1.0175172519852411,0,367.8942811621809,0,0,367.8942811621809,16,5,183.1336797508245,5.215662014205724,1.0116170045168458,367.89428116218096
TRX_100986,ACC_008,2026-01-11 06:30:00,254.8803693198469,5.544710027913109,0.584865616403097,0,254.8803693198469,0,0,254.8803693198469,6,6,191.93180362755575,5.262336777382368,0.582182768384176,254.88036931984695
TRX_101034,ACC_008,2026-01-11 18:30:00,555.5336923818066,6.321727712246458,1.5038866766709988,1,555.5336923818066,0,0,555.5336923818066,18,6,194.79310206811445,5.277058499997362,1.49436955920714,555.5336923818069
TRX_101099,ACC_008,2026-01-12 10:45:00,205.90505670939055,5.332260024807552,0.333589447218477,0,205.90505670939055,0,0,205.90505670939055,10,0,210.47747556001408,5.3541184942807485,0.33277520604606176,205.90505670939064
TRX_101119,ACC_008,2026-01-12 15:45:00,90.9318291689631,4.521047315088385,-0.6258759286931863,0,90.9318291689631,0,0,90.9318291689631,15,0,210.28695810790478,5.353217200558601,-0.6195551376170941,90.93182916896313
TRX_101142,ACC_008,2026-01-12 21:30:00,129.72367906837326,4.8730857753635375,-0.2095009020491953,0,129.72367906837326,0,0,129.72367906837326,21,0,205.51275295034714,5.330362168122964,-0.20627646996339521,129.7236790683732
TRX_101174,ACC_008,2026-01-13 05:30:00,94.35843544260425,4.557642796330561,-0.5825924633997887,0,94.35843544260425,0,0,94.35843544260425,5,1,202.5977885702712,5.31614642297824,-0.5765935483688869,94.35843544260428
TRX_101196,ACC_008,2026-01-13 11:00:00,167.83699763692078,5.128933738458873,0.0931043938817333,0,167.83699763692078,0,0,167.83699763692078,11,1,198.5889236396169,5.2962598695500915,0.09407851178294417,167.83699763692076
TRX_101219,ACC_008,2026-01-13 16:45:00,236.3386165993635,5.469487883448469,0.4958962964566268,0,236.3386165993635,0,0,236.3386165993635,16,1,197.490640568092,5.290741948225143,0.49387506581638685,236.3386165993635
TRX_101319,ACC_008,2026-01-14 17:45:00,306.15055871222256,5.727338046629029,0.8008697032842471,0,306.15055871222256,0,0,306.15055871222256,17,2,198.8302259484807,5.29746813579606,0.7965805480817636,306.1505587122225
TRX_101336,ACC_008,2026-01-14 22:00:00,228.74953761423177,5.4369897486733,0.4574589855948677,0,228.74953761423177,0,0,228.74953761423177,22,2,202.40757037393874,5.315211702066086,0.45572359273411406,228.7495376142317
TRX_101341,ACC_008,2026-01-14 23:15:00,98.59972322971896,4.601159385768609,-0.5311230271553484,0,98.59972322971896,0,0,98.59972322971896,23,2,203.25731125265787,5.319380528706113,-0.5255068628694306,98.59972322971898
TRX_101348,ACC_008,2026-01-15 01:00:00,20.04199191126745,3.0465200559770995,-2.3698794853497103,0,20.04199191126745,0,0,20.04199191126745,1,3,199.98676162694105,5.303239043337511,-2.3505894700257577,20.04199191126745
TRX_101528,ACC_008,2026-01-16 22:00:00,622.6267374085479,6.4355520121601595,1.638512864594495,1,622.6267374085479,0,0,622.6267374085479,22,4,194.53388981737518,5.27573371385163,1.6279946039769135,622.6267374085479
TRX_101536,ACC_008,2026-01-17 00:00:00,312.2518330643813,5.747007445520848,0.824133770742249,0,312.2518330643813,0,0,312.2518330643813,0,5,207.12485592299788,5.338138168472597,0.8196716130784869,312.25183306438123
TRX_101562,ACC_008,2026-01-17 06:30:00,195.9773992111313,5.283088997340001,0.2754321996952606,0,195.9773992111313,0,0,195.9773992111313,6,5,210.12848384132315,5.352466876312473,0.2750504429532171,195.9773992111313
TRX_101664,ACC_008,2026-01-18 08:00:00,107.0490562144932,4.682585348203903,-0.434816114404939,0,107.0490562144932,0,0,107.0490562144932,8,6,209.73539815715114,5.350603309343566,-0.4299161332617161,107.04905621449325
TRX_101725,ACC_008,2026-01-18 23:15:00,461.43949834587465,6.136515734008234,1.284826400377744,0,461.43949834587465,0,0,461.43949834587465,23,6,206.9600916181604,5.337346194072065,1.2769383173480189,461.43949834587477
TRX_101903,ACC_008,2026-01-20 19:45:00,308.35084354355587,5.7344760487990625,0.8093122065306524,0,308.35084354355587,0,0,308.35084354355587,19,1,213.65691811099498,5.369041023878643,0.8049602689345219,308.3508435435558
TRX_101908,ACC_008,2026-01-20 21:00:00,50.84757323699164,3.948308130050644,-1.3032857016019648,0,50.84757323699164,0,0,50.84757323699164,21,1,216.08496748106066,5.380288832114983,-1.2919273753562832,50.847573236991636
TRX_101936,ACC_008,2026-01-21 04:00:00,342.5974888969604,5.8394708818673315,0.9334953039743596,0,342.5974888969604,0,0,342.5974888969604,4,2,211.95403262495893,5.36107633314676,0.9282198829183507,342.59748889696056
TRX_101940,ACC_008,2026-01-21 05:00:00,80.44319521785646,4.399905786043586,-0.7691566013341753,0,80.44319521785646,0,0,80.44319521785646,5,2,215.14045838769064,5.375928466663419,-0.761770308317578,80.44319521785643
TRX_101956,ACC_008,2026-01-21 09:00:00,166.67945065961408,5.122054125003826,0.0849675010166571,0,166.67945065961408,0,0,166.67945065961408,9,2,211.9333806931708,5.360979350088991,0.08600212865011317,166.6794506596141
TRX_100041,ACC_009,2026-01-01 10:15:00,154.8522994521447,5.048908760369146,-0.0015454985142607,0,154.8522994521447,0,0,154.8522994521447,10,3,154.8522994521447,5.048908760369146,0.00013248015307879783,154.85229945214465
TRX_100048,ACC_009,2026-01-01 12:00:00,37.727842452893285,3.6565587845877348,-1.648353514350434,0,37.727842452893285,0,0,37.727842452893285,12,3,154.8522994521447,5.048908760369146,-1.6344291028309166,37.727842452893285
TRX_100100,ACC_009,2026-01-02 01:00:00,452.6779557562465,6.1173875977801,1.2622025136995267,0,452.6779557562465,0,0,452.6779557562465,1,4,96.29007095251899,4.57769693827599,1.2544826724480755,452.6779557562465
TRX_100118,ACC_009,2026-01-02 05:30:00,62.41004507643765,4.149622288584384,-1.0651805012275986,0,62.41004507643765,0,0,62.41004507643765,5,4,215.08603255376147,5.375676627244237,-1.0555928363584093,62.41004507643767
TRX_100145,ACC_009,2026-01-02 12:15:00,136.82510820820485,4.92598554958848,-0.1469334630109831,0,136.82510820820485,0,0,136.82510820820485,12,4,176.91703568443052,5.1813173499771015,-0.14417431159757832,136.8251082082049
TRX_100194,ACC_009,2026-01-03 00:30:00,308.4519868767711,5.734802948836179,0.809698848977497,0,308.4519868767711,0,0,308.4519868767711,0,5,168.8986501891854,5.135202083909337,0.8053440361277135,308.4519868767711
TRX_100244,ACC_009,2026-01-03 13:00:00,66.95664025809769,4.218869858531911,-0.9832776353890263,0,66.95664025809769,0,0,66.95664025809769,13,5,192.15753963711634,5.263506123489535,-0.9742990384483678,66.9566402580977
TRX_100286,ACC_009,2026-01-03 23:30:00,347.59959679707106,5.853923976450344,0.9505897647255692,0,347.59959679707106,0,0,347.59959679707106,23,5,174.2716968686851,5.166337323493603,0.9451872212826634,347.59959679707106
TRX_100398,ACC_009,2026-01-05 03:30:00,304.02710549499227,5.72040064313405,0.7926644589970051,0,304.02710549499227,0,0,304.02710549499227,3,0,195.93768435973337,5.282887355650262,0.7884363218198368,304.0271054949924
TRX_100464,ACC_009,2026-01-05 20:00:00,203.62716620319583,5.321189621845141,0.3204958797576067,0,203.62716620319583,0,0,203.62716620319583,20,0,207.9476200414288,5.342083598742571,0.31977900846265317,203.6271662031958
TRX_100575,ACC_009,2026-01-06 23:45:00,228.16567933847915,5.434445232522154,0.4544494480022948,0,228.16567933847915,0,0,228.16567933847915,23,1,207.51557465760553,5.340013737046683,0.4527364354674135,228.16567933847912
TRX_100612,ACC_009,2026-01-07 09:00:00,259.6897487444852,5.563330998127526,0.6068896502632177,0,259.6897487444852,0,0,259.6897487444852,9,2,209.3928569013213,5.348976530198461,0.6040430212514861,259.68974874448526
TRX_100643,ACC_009,2026-01-07 16:45:00,355.8051212609023,5.877189753912551,0.9781074646471856,0,355.8051212609023,0,0,355.8051212609023,16,2,213.58426455491826,5.368702502973825,0.9725002867471387,355.8051212609024
TRX_100653,ACC_009,2026-01-07 19:15:00,191.70088197377285,5.261139152336535,0.2494709246373985,0,191.70088197377285,0,0,191.70088197377285,19,2,224.5243304553786,5.418428048711685,0.24928222805093828,191.70088197377294
TRX_100750,ACC_009,2026-01-08 19:30:00,274.88561292924936,5.619986333902191,0.6738989961291854,0,274.88561292924936,0,0,274.88561292924936,19,3,222.1797984209782,5.407977717544396,0.6705540543531701,274.88561292924936
TRX_100809,ACC_009,2026-01-09 10:15:00,49.35307774392685,3.919059744286003,-1.3378793576261605,0,49.35307774392685,0,0,49.35307774392685,10,4,225.69351938819625,5.423598970374377,-1.3262637768119212,49.35307774392686
TRX_100919,ACC_009,2026-01-10 13:45:00,340.5954312019807,5.833627087123511,0.9265835302145876,0,340.5954312019807,0,0,340.5954312019807,13,5,214.6722417854294,5.373759856126626,0.9213595083334823,340.59543120198066
TRX_101012,ACC_009,2026-01-11 13:00:00,85.92758740617236,4.46507544341207,-0.6920769044113627,0,85.92758740617236,0,0,85.92758740617236,13,6,222.07948822169715,5.4075281573717655,-0.6852638119886137,85.92758740617232
TRX_101074,ACC_009,2026-01-12 04:30:00,119.03235735526306,4.7877613510616595,-0.3104187376013388,0,119.03235735526306,0,0,119.03235735526306,4,0,214.51549373194578,5.373032803627323,-0.3064438333993043,119.03235735526306
TRX_101076,ACC_009,2026-01-12 05:00:00,74.44735256840438,4.323435096041639,-0.8596026439687182,0,74.44735256840438,0,0,74.44735256840438,5,0,209.49006550159405,5.349438457241954,-0.8515437519744516,74.44735256840441
TRX_101090,ACC_009,2026-01-12 08:30:00,413.0308292532577,6.025940437848108,1.154042985835895,0,413.0308292532577,0,0,413.0308292532577,8,0,202.73792985493455,5.316834510390434,1.1471274693038815,413.03082925325754
TRX_101224,ACC_009,2026-01-13 18:00:00,56.81281163707905,4.057210405737321,-1.1744810593330766,0,56.81281163707905,0,0,56.81281163707905,18,1,212.7518774453309,5.3648158911482655,-1.1640805845111348,56.81281163707905
TRX_101245,ACC_009,2026-01-13 23:15:00,404.5919431793509,6.005347588123447,1.1296867028715845,0,404.5919431793509,0,0,404.5919431793509,23,1,205.66373809041036,5.3310930187403525,1.1229523110250137,404.591943179351
TRX_101246,ACC_009,2026-01-13 23:30:00,197.66440819889573,5.2916170102062585,0.2855187441643874,0,197.66440819889573,0,0,197.66440819889573,23,1,214.3127904855817,5.3720918103418445,0.2850619791710093,197.6644081988957
TRX_101393,ACC_009,2026-01-15 12:15:00,73.24803030419949,4.307411249441369,-0.8785549185296049,0,73.24803030419949,0,0,73.24803030419949,12,3,213.6191078903031,5.3688648657961995,-0.870355088578045,73.24803030419947
TRX_101410,ACC_009,2026-01-15 16:30:00,491.3684384118535,6.19922729479832,1.3589987728351438,0,491.3684384118535,0,0,491.3684384118535,16,3,208.00426478685895,5.342354657435369,1.3505591094329337,491.3684384118536
TRX_101416,ACC_009,2026-01-15 18:00:00,129.8561818126467,4.874098871365349,-0.208302658327707,0,129.8561818126467,0,0,129.8561818126467,18,3,218.90288684935877,5.393186025484361,-0.20508713694135375,129.85618181264667
TRX_101492,ACC_009,2026-01-16 13:00:00,156.05805320684846,5.056615502650555,0.0075696845832104,0,156.05805320684846,0,0,156.05805320684846,13,4,215.60486073688793,5.378074775390291,0.009179878495639266,156.0580532068485
TRX_101495,ACC_009,2026-01-16 13:45:00,81.59992534979344,4.414008776770997,-0.7524762274474814,0,81.59992534979344,0,0,81.59992534979344,13,4,213.47818903938654,5.368208050397962,-0.745213977474632,81.59992534979345
TRX_101496,ACC_009,2026-01-16 14:00:00,14289.419790963077,9.56734464704688,5.342654283617886,1,732.128172029599,1,0,14289.419790963077,14,4,208.93066270526262,5.346777298602858,5.304590298953044,14289.419790963088
TRX_101560,ACC_009,2026-01-17 06:00:00,231.8977200691652,5.450599387530079,0.4735558454015413,0,231.8977200691652,0,0,231.8977200691652,6,5,678.2803003138564,6.521033855797147,0.47170074878002277,231.8977200691651
TRX_101645,ACC_009,2026-01-18 03:15:00,444.55003605504766,6.0993095549812875,1.2408206296117952,0,444.55003605504766,0,0,444.55003605504766,3,6,663.8808622414471,6.4996078700816255,1.2332597940278023,444.5500360550475
TRX_101682,ACC_009,2026-01-18 12:30:00,32.75957503563145,3.519264081841404,-1.8107394237462464,0,32.75957503563145,0,0,32.75957503563145,12,6,657.026773923122,6.489245620350276,-1.7956074348306805,32.75957503563145
TRX_101699,ACC_009,2026-01-18 16:45:00,403.7068153582521,6.003162892259546,1.127102744295497,0,403.7068153582521,0,0,403.7068153582521,16,6,638.1095860780465,6.460075935883516,1.120387567970644,403.70681535825213
TRX_101709,ACC_009,2026-01-18 19:15:00,32.65433709337189,3.516141936147066,-1.814432155204197,0,32.65433709337189,0,0,32.65433709337189,19,6,631.215386939229,6.4492301382060395,-1.7992727054143784,32.654337093371886
TRX_101715,ACC_009,2026-01-18 20:45:00,14.531835598831522,2.742891827138636,-2.728997099299252,0,14.531835598831522,0,0,14.531835598831522,20,6,614.1136426579188,6.421807035545532,-2.707036517823704,14.531835598831522
TRX_101930,ACC_009,2026-01-21 02:30:00,85.16108067350939,4.456218575405377,-0.7025524037343251,0,85.16108067350939,0,0,85.16108067350939,2,2,597.4585924618331,6.394357337077169,-0.6956614106104513,85.16108067350936
TRX_100074,ACC_010,2026-01-01 18:30:00,528.046506229907,6.271076341472221,1.4439785466354516,0,528.046506229907,0,0,528.046506229907,18,3,528.046506229907,6.271076341472221,1.4349069339813365,528.046506229907
TRX_100508,ACC_010,2026-01-06 07:00:00,164.3148466992343,5.107851817485983,0.0681696597622494,0,164.3148466992343,0,0,164.3148466992343,7,1,528.046506229907,6.271076341472221,0.06932920398161313,164.31484669923424
TRX_100513,ACC_010,2026-01-06 08:15:00,249.38563314862589,5.523002261975371,0.5591906614176595,0,249.38563314862589,0,0,249.38563314862589,8,1,346.18067646457064,5.8498453258934004,0.5566987443446583,249.38563314862586
TRX_100542,ACC_010,2026-01-06 15:30:00,278.45884730372114,5.632855044916539,0.6891195202937468,0,278.45884730372114,0,0,278.45884730372114,15,1,313.91566202592236,5.752304863376741,0.685661391597724,278.45884730372103
TRX_100559,ACC_010,2026-01-06 19:45:00,32.90317747091003,3.523508740699267,-1.8057190349408416,0,32.90317747091003,0,0,32.90317747091003,19,1,305.0514583453721,5.723753252341671,-1.7906243799790857,32.90317747091002
TRX_100573,ACC_010,2026-01-06 23:15:00,66.88386326512956,4.217798351904011,-0.9845449645336672,0,66.88386326512956,0,0,66.88386326512956,23,1,250.62180217047967,5.527927175167743,-0.9755569431421179,66.88386326512959
TRX_100644,ACC_010,2026-01-07 17:00:00,29.883052579644048,3.4302075732386905,-1.9160713983074729,0,29.883052579644048,0,0,29.883052579644048,17,2,219.9988123529213,5.398157327534631,-1.9001561116782408,29.88305257964405
TRX_100679,ACC_010,2026-01-08 01:45:00,62.13971182571236,4.145349919066728,-1.0702336649369175,0,62.13971182571236,0,0,62.13971182571236,1,3,192.839418099596,5.2670300745413,-1.060608422384439,62.13971182571238
TRX_100729,ACC_010,2026-01-08 14:15:00,291.6484780867916,5.678972155268528,0.7436647340085917,0,291.6484780867916,0,0,291.6484780867916,14,3,176.50195481536053,5.178981621899112,0.7398009816510716,291.64847808679167
TRX_100766,ACC_010,2026-01-08 23:30:00,182.53974423346003,5.2124312338705545,0.1918614213087147,0,182.53974423346003,0,0,182.53974423346003,23,3,189.29601295663068,5.248580822724926,0.19210113587120298,182.53974423346006
TRX_100803,ACC_010,2026-01-09 08:45:00,118.07180860332625,4.779726744760056,-0.3199217033008513,0,118.07180860332625,0,0,118.07180860332625,8,4,188.6203860843136,5.245024105582633,-0.31587613061152703,118.07180860332622
TRX_100804,ACC_010,2026-01-09 09:00:00,411.7288800212879,6.022790912554147,1.150317871036892,0,411.7288800212879,0,0,411.7288800212879,9,4,182.20687904058747,5.210616000883256,1.143430056196766,411.72888002128786
TRX_100865,ACC_010,2026-01-10 00:15:00,6.953429076527429,2.073603166050841,-3.520601186747935,1,14.45445091828967,1,0,6.953429076527429,0,5,201.33371245564584,5.309918376140765,-3.492753867893636,6.953429076527429
TRX_100867,ACC_010,2026-01-10 00:45:00,94.00175071178629,4.553895319975856,-0.5870248074278199,0,94.00175071178629,0,0,94.00175071178629,0,5,186.3813829649444,5.233146021032386,-0.5809929314184707,94.00175071178631
TRX_100962,ACC_010,2026-01-11 00:30:00,253.6874410813004,5.540037072097929,0.5793386575005639,0,253.6874410813004,0,0,253.6874410813004,0,6,179.78283780400457,5.197296519802124,0.5766969105270748,253.6874410813003
TRX_100975,ACC_010,2026-01-11 03:45:00,48.87382387785957,3.9094962935356827,-1.349190570775601,0,48.87382387785957,0,0,48.87382387785957,3,6,184.7098113558243,5.224185301404674,-1.3374908745022556,48.87382387785957
TRX_101062,ACC_010,2026-01-12 01:30:00,354.2879127531928,5.872928482614894,0.9730674274060492,0,354.2879127531928,0,0,354.2879127531928,1,0,176.22006213845148,5.1773922492479825,0.9674977295747488,354.287912753193
TRX_101065,ACC_010,2026-01-12 02:15:00,322.65841158192,5.779688674401729,0.8627876369573203,0,322.65841158192,0,0,322.65841158192,2,0,186.69464158637743,5.23481639542992,0.858038031107414,322.65841158192006
TRX_101161,ACC_010,2026-01-13 02:15:00,19.881649414910736,3.038870754861489,-2.378926729657423,0,19.881649414910736,0,0,19.881649414910736,2,1,194.2481843639076,5.274271489644075,-2.3595694348031024,19.881649414910733
TRX_101163,ACC_010,2026-01-13 02:45:00,397.20433618205743,5.9869652810285094,1.1079449488585429,0,397.20433618205743,0,0,397.20433618205743,2,1,185.0709983139604,5.22612831224533,1.1013722388401188,397.20433618205743
TRX_101192,ACC_010,2026-01-13 10:00:00,113.7222543528735,4.742514027572403,-0.3639352071049359,0,113.7222543528735,0,0,113.7222543528735,10,1,195.67766520736524,5.281566171451136,-0.3595623294633996,113.7222543528735
TRX_101247,ACC_010,2026-01-13 23:45:00,116.44152126777412,4.76594051835668,-0.3362274227996227,0,116.44152126777412,0,0,116.44152126777412,23,1,191.77502659524657,5.261523843679054,-0.33206059317140335,116.44152126777416
TRX_101324,ACC_010,2026-01-14 19:00:00,170.06251491535792,5.142029073993341,0.1085929591873951,0,170.06251491535792,0,0,170.06251491535792,19,2,188.35077635308878,5.243601254434929,0.10945189688959774,170.062514915358
TRX_101325,ACC_010,2026-01-14 19:15:00,28.039412838078334,3.3686539706777494,-1.988874190611227,0,28.039412838078334,0,0,28.039412838078334,19,2,187.55563455144826,5.239393106850797,-1.972417508446617,28.03941283807833
TRX_101366,ACC_010,2026-01-15 05:30:00,94.67249086979876,4.560930805410502,-0.5787035562980022,0,94.67249086979876,0,0,94.67249086979876,5,3,180.9091253133912,5.2035072509144324,-0.5727335609949814,94.67249086979879
TRX_101401,ACC_010,2026-01-15 14:15:00,161.0926000700136,5.088167777298716,0.0448882752481011,0,161.0926000700136,0,0,161.0926000700136,14,3,177.4596599356475,5.1843625809207525,0.04622095070645354,161.09260007001365
TRX_101454,ACC_010,2026-01-16 03:30:00,86.53062126161808,4.471988689418439,-0.683900232499298,0,86.53062126161808,0,0,86.53062126161808,3,4,176.83015763312312,5.180828924181107,-0.6771479456243497,86.53062126161808
TRX_101521,ACC_010,2026-01-16 20:15:00,49.39451280977949,3.9198822963284115,-1.3369064806049789,0,49.39451280977949,0,0,49.39451280977949,20,4,173.4857303601044,5.161842963858108,-1.3252981345582402,49.394512809779485
TRX_101548,ACC_010,2026-01-17 03:00:00,361.2765402244322,5.892407843456819,0.996106726530426,0,361.2765402244322,0,0,361.2765402244322,3,5,169.0539011618785,5.136115452453677,0.9903656977200592,361.2765402244322
TRX_101623,ACC_010,2026-01-17 21:45:00,400.4336091240076,5.995042162612971,1.11749791583352,0,400.4336091240076,0,0,400.4336091240076,21,5,175.6822680261045,5.17435302356072,1.1108541654949904,400.4336091240076
TRX_101669,ACC_010,2026-01-18 09:15:00,199.5358710264269,5.300993138606999,0.2966084009866118,0,199.5358710264269,0,0,199.5358710264269,9,6,183.1739793960346,5.215880851063281,0.2960691681303614,199.53587102642683
TRX_101775,ACC_010,2026-01-19 11:45:00,202.15869761675887,5.313987435284218,0.3119774621425095,0,202.15869761675887,0,0,202.15869761675887,11,0,183.70178235185372,5.218742537141599,0.3113239377758725,202.15869761675893
TRX_101808,ACC_010,2026-01-19 20:00:00,95.15340323801207,4.565944866499526,-0.5727731536428337,0,95.15340323801207,0,0,95.15340323801207,20,0,184.27856095388202,5.22186042748207,-0.5668472595812476,95.15340323801206
TRX_101829,ACC_010,2026-01-20 01:15:00,157.70288834772268,5.067033827415407,0.0198920037075483,0,157.70288834772268,0,0,157.70288834772268,1,1,181.57779859885565,5.207176375877564,0.02141056310503178,157.7028883477227
TRX_101971,ACC_010,2026-01-21 12:45:00,42.45611608995611,3.7717516033694287,-1.5121087047579362,0,42.45611608995611,0,0,42.45611608995611,12,2,180.87559535617527,5.203322911356414,-1.4991974732181659,42.456116089956105
TRX_100009,ACC_011,2026-01-01 02:15:00,461.943768786942,6.1376055970063925,1.286115440599491,0,461.943768786942,0,0,461.943768786942,2,3,461.943768786942,6.1376055970063925,1.278217771665175,461.943768786942
TRX_100010,ACC_011,2026-01-01 02:30:00,35.611499682770045,3.6003623900399453,-1.7148200454755946,0,35.611499682770045,0,0,35.611499682770045,2,3,461.943768786942,6.1376055970063925,-1.7004013578154986,35.611499682770045
TRX_100106,ACC_011,2026-01-02 02:30:00,112.11994288063154,4.728448697203223,-0.3805710380384262,0,112.11994288063154,0,0,112.11994288063154,2,4,248.777634234856,5.5205710589946815,-0.37607444859532707,112.11994288063158
TRX_100180,ACC_011,2026-01-02 21:00:00,208.7322263102767,5.34583160426119,0.3496412920998367,0,208.7322263102767,0,0,208.7322263102767,21,4,203.22507045011454,5.319222672191098,0.34870768191864643,208.73222631027667
TRX_100232,ACC_011,2026-01-03 10:00:00,191.8178571381189,5.261745997898467,0.2501886738765604,0,191.8178571381189,0,0,191.8178571381189,10,5,204.60185941515505,5.325941577388145,0.24999463977183592,191.81785713811897
TRX_100240,ACC_011,2026-01-03 12:00:00,151.96507076009763,5.030209599643372,-0.0236620125432362,0,151.96507076009763,0,0,151.96507076009763,12,5,202.04505895974782,5.313427919730086,-0.021819565157396706,151.96507076009766
TRX_100265,ACC_011,2026-01-03 18:15:00,110.51357115633422,4.714146297900161,-0.3974872632890169,0,110.51357115633422,0,0,110.51357115633422,18,5,193.69839425980612,5.271451665090966,-0.39286487690137323,110.51357115633422
TRX_100297,ACC_011,2026-01-04 02:15:00,259.80084632722964,5.563757075166978,0.6073935947427942,0,259.80084632722964,0,0,259.80084632722964,2,6,181.8148481021673,5.208473881663235,0.6045432181647581,259.8008463272297
TRX_100567,ACC_011,2026-01-06 21:45:00,112.20266765382378,4.729179731337912,-0.3797064042223629,0,112.20266765382378,0,0,112.20266765382378,21,1,191.56309788030006,5.260423881215683,-0.3752162445997822,112.2026676538238
TRX_100639,ACC_011,2026-01-07 15:45:00,174.61432013894873,5.168290227642237,0.1396534533780432,0,174.61432013894873,0,0,174.61432013894873,15,2,182.7452722995805,5.213550408780075,0.14028141075175374,174.61432013894867
TRX_100710,ACC_011,2026-01-08 09:30:00,113.63235190214422,4.74173006725173,-0.3648624395986609,0,113.63235190214422,0,0,113.63235190214422,9,3,181.9321770835173,5.209115467115995,-0.36048266662362877,113.63235190214422
TRX_100727,ACC_011,2026-01-08 13:45:00,22.695157293689093,3.165270693662515,-2.2294266499077824,0,22.695157293689093,0,0,22.695157293689093,13,3,175.72310206702886,5.174584112528583,-2.211181107407375,22.695157293689107
TRX_100777,ACC_011,2026-01-09 02:15:00,149.97233639666342,5.017096617360162,-0.0391714496180564,0,149.97233639666342,0,0,149.97233639666342,2,4,162.9707733359172,5.099688200576307,-0.037213666820993876,149.9723363966634
TRX_100843,ACC_011,2026-01-09 18:45:00,197.0635948039918,5.288588165004139,0.2819363642711584,0,197.0635948039918,0,0,197.0635948039918,18,4,161.97089357135923,5.093571617814893,0.28150623952630444,197.06359480399178
TRX_100879,ACC_011,2026-01-10 03:45:00,209.31877392014653,5.3486243508123295,0.3529444252823071,0,209.31877392014653,0,0,209.31877392014653,3,5,164.47751508797586,5.10883532509163,0.3519862514614381,209.31877392014658
TRX_100884,ACC_011,2026-01-10 05:00:00,83.17189140143539,4.432861034177324,-0.7301786376508336,0,83.17189140143539,0,0,83.17189140143539,5,5,167.46693234345386,5.1267394833135524,-0.7230822029603875,83.17189140143537
TRX_101008,ACC_011,2026-01-11 12:00:00,735.39349899137,6.601764621225672,1.8351015540068056,1,732.128172029599,1,0,735.39349899137,12,6,162.19849228457772,5.094967204034989,1.8231213681610046,735.39349899137
TRX_101024,ACC_011,2026-01-11 16:00:00,53.683927190931726,4.001569830617827,-1.2402901926015228,0,53.683927190931726,0,0,53.683927190931726,16,6,195.9158456202714,5.2827764578782626,-1.229400330356225,53.68392719093174
TRX_101033,ACC_011,2026-01-11 18:15:00,459.0579643910938,6.13135249109046,1.2787195522629755,0,459.0579643910938,0,0,459.0579643910938,18,6,188.01407237419696,5.24182146929419,1.270876882605457,459.0579643910936
TRX_101054,ACC_011,2026-01-11 23:30:00,44.002539425466594,3.806718919855148,-1.4707509584422906,0,44.002539425466594,0,0,44.002539425466594,23,6,202.27954037508627,5.3145820779658965,-1.4581472824027981,44.002539425466594
TRX_101077,ACC_011,2026-01-12 05:15:00,192.2009540734395,5.263730860034545,0.2525362782381631,0,192.2009540734395,0,0,192.2009540734395,5,0,194.36569032760528,5.274873137331757,0.2523247862519483,192.20095407343948
TRX_101089,ACC_011,2026-01-12 08:15:00,290.96686295040405,5.676640312782032,0.7409067371218728,0,290.96686295040405,0,0,290.96686295040405,8,0,194.26260764883548,5.274345358460146,0.7370634945161604,290.96686295040405
TRX_101100,ACC_011,2026-01-12 11:00:00,131.88267755039166,4.889466615240436,-0.1901263921309789,0,131.88267755039166,0,0,131.88267755039166,11,0,198.6582556170886,5.296607183103053,-0.18704603794161584,131.88267755039163
TRX_101191,ACC_011,2026-01-13 09:45:00,113.47231915552504,4.740333039666843,-0.3665147800770993,0,113.47231915552504,0,0,113.47231915552504,9,1,195.75496961418875,5.281959145500447,-0.3621227195272415,113.472319155525
TRX_101230,ACC_011,2026-01-13 19:30:00,306.8114583512618,5.729487447324172,0.8034119163453124,0,306.8114583512618,0,0,306.8114583512618,19,1,192.32652584507775,5.264380603106279,0.7991038560602395,306.81145835126176
TRX_101253,ACC_011,2026-01-14 01:15:00,362.9507844029298,5.897018650811099,1.0015601790693571,0,362.9507844029298,0,0,362.9507844029298,1,2,196.90592314532512,5.287791782152164,0.9957785958411782,362.9507844029299
TRX_101382,ACC_011,2026-01-15 09:30:00,67.80359974840209,4.231256065495002,-0.9686277949987344,0,67.80359974840209,0,0,67.80359974840209,9,3,203.29226396292532,5.3195516350416625,-0.959758141107241,67.80359974840206
TRX_101427,ACC_011,2026-01-15 20:45:00,43.716087324514206,3.8003333322757094,-1.4783035400450173,0,43.716087324514206,0,0,43.716087324514206,20,3,198.27416528831333,5.294681591562589,-1.4656436994844824,43.71608732451421
TRX_101468,ACC_011,2026-01-16 07:00:00,121.8202999930583,4.810722311440676,-0.2832615614163496,0,121.8202999930583,0,0,121.8202999930583,7,4,192.75423393246336,5.266590520549342,-0.27948861064872027,121.8202999930583
TRX_101470,ACC_011,2026-01-16 07:30:00,174.55148960719225,5.1679323879512244,0.1392302169204036,0,174.55148960719225,0,0,174.55148960719225,7,4,190.3082362104149,5.25388592941599,0.13986132167790702,174.5514896071922
TRX_101658,ACC_011,2026-01-18 06:30:00,204.27537081302484,5.3243523500139975,0.3242366103145635,0,204.27537081302484,0,0,204.27537081302484,6,6,189.78301132364084,5.25113671586569,0.32349192120165954,204.27537081302492
TRX_101704,ACC_011,2026-01-18 18:00:00,76.72799810072897,4.353215528384925,-0.8243797075295756,0,76.72799810072897,0,0,76.72799810072897,18,6,190.25050679104032,5.253584122590927,-0.8165827497266721,76.727998100729
TRX_101720,ACC_011,2026-01-18 22:00:00,261.100984535203,5.568729866656541,0.6132751855989274,0,261.100984535203,0,0,261.100984535203,22,6,186.70292839446807,5.234860544933031,0.6103810707667711,261.100984535203
TRX_101844,ACC_011,2026-01-20 05:00:00,233.82845831757095,5.4588552829841905,0.4833205418128057,0,233.82845831757095,0,0,233.82845831757095,5,1,188.95741494418732,5.246799915166486,0.48139283035229413,233.828458317571
TRX_101850,ACC_011,2026-01-20 06:30:00,283.87941510503697,5.652065985839911,0.7118413445869598,0,283.87941510503697,0,0,283.87941510503697,6,1,190.27715151399272,5.253723431330658,0.7082142458028575,283.87941510503686
TRX_101866,ACC_011,2026-01-20 10:30:00,843.3993627952415,6.738625561349581,1.9969744287662128,1,732.128172029599,1,0,843.3993627952415,10,1,192.95150190230825,5.267608137616284,1.9837904806893152,843.3993627952411
TRX_101873,ACC_011,2026-01-20 12:15:00,212.51104271948603,5.363688553670638,0.3707616770155303,0,212.51104271948603,0,0,212.51104271948603,12,1,211.01949803822308,5.356678242321269,0.36967100579674794,212.511042719486
TRX_101937,ACC_011,2026-01-21 04:15:00,296.29666116776104,5.694730499425554,0.7623029843949803,0,296.29666116776104,0,0,296.29666116776104,4,2,211.05981005663557,5.356868357791487,0.758300629310461,296.2966611677611
TRX_101950,ACC_011,2026-01-21 07:30:00,74.45433001594014,4.323527572777765,-0.8594932667051132,0,74.45433001594014,0,0,74.45433001594014,7,2,213.30288508587572,5.367390365225472,-0.8514351880912171,74.45433001594014
TRX_101957,ACC_011,2026-01-21 09:15:00,179.63626022974333,5.1964853972958975,0.1730014134463801,0,179.63626022974333,0,0,179.63626022974333,9,2,209.74266572510814,5.350637795446548,0.17338137982793694,179.6362602297433
TRX_101999,ACC_011,2026-01-21 19:45:00,77.23460380979196,4.359712053636794,-0.8166959139101907,0,77.23460380979196,0,0,77.23460380979196,19,2,208.99000558772406,5.347059937145503,-0.8089560963821127,77.23460380979193
TRX_100025,ACC_012,2026-01-01 06:15:00,122.98391200426772,4.820151815286762,-0.2721087745529915,0,122.98391200426772,0,0,122.98391200426772,6,3,122.98391200426772,4.820151815286762,-0.26841876111267865,122.98391200426774
TRX_100120,ACC_012,2026-01-02 06:00:00,219.92891614686368,5.397841003384174,0.4111556360969238,0,219.92891614686368,0,0,219.92891614686368,6,4,122.98391200426772,4.820151815286762,0.40976457654946746,219.92891614686363
TRX_100207,ACC_012,2026-01-03 03:45:00,68.49760402532023,4.241292277520665,-0.9567574213857952,0,68.49760402532023,0,0,68.49760402532023,3,5,171.4564140755657,5.150144532518754,-0.9479760411315342,68.49760402532023
TRX_100282,ACC_012,2026-01-03 22:30:00,260.03814698320986,5.564666553666589,0.6084692844109388,0,260.03814698320986,0,0,260.03814698320986,22,5,137.13681072548388,4.928244576131274,0.6056109085025836,260.0381469832099
TRX_100331,ACC_012,2026-01-04 10:45:00,146.3569957099526,4.992858184880282,-0.0678395615105197,0,146.3569957099526,0,0,146.3569957099526,10,6,167.86214478991536,5.129082670747302,-0.0656685892560865,146.35699570995257
TRX_100419,ACC_012,2026-01-05 08:45:00,383.1654741387673,5.951073382003778,1.0654936485061737,0,383.1654741387673,0,0,383.1654741387673,8,0,163.56111497392283,5.103282020807424,1.0592366261661275,383.1654741387674
TRX_100465,ACC_012,2026-01-05 20:15:00,141.55273823304148,4.959712024104682,-0.1070433279549565,0,141.55273823304148,0,0,141.55273823304148,20,0,200.1618415013969,5.304109765673261,-0.1045808181996747,141.55273823304142
TRX_100482,ACC_012,2026-01-06 00:30:00,202.88378196178783,5.317550135239894,0.3161912610774615,0,202.88378196178783,0,0,202.88378196178783,0,1,191.78911246306043,5.26159690995464,0.3155064009356673,202.88378196178775
TRX_100496,ACC_012,2026-01-06 04:00:00,72.51870547215832,4.297539870059962,-0.8902303356125384,0,72.51870547215832,0,0,72.51870547215832,4,1,193.17594615040133,5.2687646869623155,-0.8819436818114756,72.5187054721583
TRX_100530,ACC_012,2026-01-06 12:30:00,74.67561124363414,4.326455932095302,-0.8560297369308101,0,74.67561124363414,0,0,74.67561124363414,12,1,179.76958607504102,5.19722321519624,-0.8479974147404952,74.67561124363414
TRX_100537,ACC_012,2026-01-06 14:15:00,209.5154716631804,5.349559150009029,0.3540500631155384,0,209.5154716631804,0,0,209.5154716631804,14,1,169.26018859190032,5.137327788125334,0.35308366725582013,209.51547166318045
TRX_100547,ACC_012,2026-01-06 16:45:00,77.8463168568383,4.367500601561418,-0.8074839748308673,0,77.8463168568383,0,0,77.8463168568383,16,1,172.91975978019852,5.158594042163335,-0.7998126615803302,77.84631685683831
TRX_100590,ACC_012,2026-01-07 03:30:00,120.82583149335544,4.8025924140159875,-0.2928772331079365,0,120.82583149335544,0,0,120.82583149335544,3,2,164.9969728699185,5.111969552466888,-0.28903277571866876,120.82583149335541
TRX_100608,ACC_012,2026-01-07 08:00:00,240.44934353459377,5.486659693469691,0.5162063297681106,0,240.44934353459377,0,0,240.44934353459377,8,2,161.59919276402903,5.09128823255052,0.5140340642429401,240.44934353459374
TRX_100611,ACC_012,2026-01-07 08:45:00,373.51135144254687,5.925622113425936,1.0353910494210068,0,373.51135144254687,0,0,373.51135144254687,8,2,167.23134639049795,5.125340093971337,1.029357884054468,373.5113514425467
TRX_100622,ACC_012,2026-01-07 11:30:00,546.9227565477206,6.306134321808008,1.485443526015797,1,546.9227565477206,0,0,546.9227565477206,11,2,180.98334672730118,5.203915181391933,1.4760635604262973,546.9227565477207
TRX_100642,ACC_012,2026-01-07 16:30:00,355.92663652864275,5.877530260741869,0.978510200586944,0,355.92663652864275,0,0,355.92663652864275,16,2,203.85455984107742,5.322300263159726,0.9729000277545211,355.92663652864275
TRX_100728,ACC_012,2026-01-08 14:00:00,238.7863037716675,5.479748125748214,0.5080316428548334,0,238.7863037716675,0,0,238.7863037716675,14,3,212.79997611681654,5.365040886882878,0.5059201681160862,238.78630377166755
TRX_100734,ACC_012,2026-01-08 15:30:00,75.47246305282493,4.336930715937513,-0.8436406405861057,0,75.47246305282493,0,0,75.47246305282493,15,3,214.24366098653047,5.371770693334266,-0.8357004494973068,75.4724630528249
TRX_100828,ACC_012,2026-01-09 15:00:00,293.29829835359664,5.684593873209788,0.7503138454600722,0,293.29829835359664,0,0,293.29829835359664,15,4,206.93991372686176,5.337249161655354,0.7464006472071386,293.2982983535966
TRX_100910,ACC_012,2026-01-10 11:30:00,231.0560413283402,5.446978899945749,0.4692736978963756,0,231.0560413283402,0,0,231.0560413283402,11,5,211.25783295819852,5.3578017289072015,0.4674504453218746,231.05604132834014
TRX_101047,ACC_012,2026-01-11 21:45:00,136.9619026281058,4.926977579131167,-0.1457601357360458,0,136.9619026281058,0,0,136.9619026281058,21,6,212.2006047853481,5.362233528991926,-0.14300970973176458,136.9619026281058
TRX_101092,ACC_012,2026-01-12 09:00:00,102.95233301943114,4.6439324577215375,-0.4805329894642224,0,102.95233301943114,0,0,102.95233301943114,9,0,208.78066377820076,5.346062526691865,-0.4752930363052944,102.95233301943111
TRX_101179,ACC_012,2026-01-13 06:45:00,121.4371770993762,4.807598058432277,-0.2869567853092102,0,121.4371770993762,0,0,121.4371770993762,6,1,204.1794320060803,5.323884874384365,-0.2831563551324194,121.43717709937624
TRX_101202,ACC_012,2026-01-13 12:30:00,43.11287425111488,3.786751672980472,-1.4943673069030596,0,43.11287425111488,0,0,43.11287425111488,12,1,200.73183805163433,5.30693928104893,-1.4815880086763673,43.11287425111489
TRX_101212,ACC_012,2026-01-13 15:00:00,285.5576801400681,5.65793984273269,0.7187886744847272,0,285.5576801400681,0,0,285.5576801400681,15,1,194.42707949961354,5.275187314958638,0.7151099121136877,285.55768014006804
TRX_101387,ACC_012,2026-01-15 10:45:00,144.08309504858224,4.977306647579637,-0.0862332101841621,0,144.08309504858224,0,0,144.08309504858224,10,3,197.9321026011695,5.292963573545984,-0.08392545417520363,144.08309504858224
TRX_101440,ACC_012,2026-01-16 00:00:00,187.41655191635928,5.238655213465596,0.2228779477247846,0,187.41655191635928,0,0,187.41655191635928,0,4,195.93769491403665,5.282887409242356,0.22288700892366914,187.4165519163592
TRX_101451,ACC_012,2026-01-16 02:45:00,152.95880559792266,5.036685070512776,-0.0160031210866804,0,152.95880559792266,0,0,152.95880559792266,2,4,195.6333683784053,5.281340920566393,-0.014217628791563554,152.95880559792272
TRX_101515,ACC_012,2026-01-16 18:45:00,494.3224366671612,6.205208937714514,1.366073587122931,0,494.3224366671612,0,0,494.3224366671612,18,4,194.16183173080245,5.273829120693724,1.3575813121003717,494.322436667161
TRX_101524,ACC_012,2026-01-16 21:00:00,167.8606340157008,5.129073723916887,0.0932699622936763,0,167.8606340157008,0,0,167.8606340157008,21,4,204.16718522868106,5.323825184469115,0.09424284895091713,167.86063401570084
TRX_101540,ACC_012,2026-01-17 01:00:00,116.88504967304289,4.769709994354805,-0.3317690585972379,0,116.88504967304289,0,0,116.88504967304289,1,5,202.9960061572946,5.318100415992251,-0.32763538344562426,116.88504967304286
TRX_101650,ACC_012,2026-01-18 04:30:00,145.97319351471614,4.990250213106922,-0.0709241515174489,0,145.97319351471614,0,0,145.97319351471614,4,6,200.30503876716173,5.304821363465914,-0.06873024081236866,145.97319351471617
TRX_101713,ACC_012,2026-01-18 20:15:00,20.007019424661816,3.0448566401887867,-2.371846897639372,0,20.007019424661816,0,0,20.007019424661816,20,6,198.65861921405732,5.296609004197985,-2.352542251719584,20.007019424661816
TRX_101787,ACC_012,2026-01-19 14:45:00,115.33706052303545,4.756491671901045,-0.3474030872189168,0,115.33706052303545,0,0,115.33706052303545,14,0,193.40416039672218,5.269939293015042,-0.3431531501351998,115.33706052303548
TRX_101826,ACC_012,2026-01-20 00:30:00,38.609696924962165,3.6790739601266975,-1.6217235921322697,0,38.609696924962165,0,0,38.609696924962165,0,1,191.17367182890257,5.2583995039528375,-1.6079972131406286,38.609696924962165
TRX_101838,ACC_012,2026-01-20 03:30:00,220.75609318452973,5.401578098532723,0.4155757017080275,0,220.75609318452973,0,0,220.75609318452973,3,1,186.93578363712643,5.2361003280811795,0.41415177249016144,220.7560931845297
TRX_101841,ACC_012,2026-01-20 04:15:00,,,0.1102524442842665,0,,1,1,145.97319351471614,4,1,187.84984605732652,5.240952233999683,-0.7252737192333464,83.01490804577736
TRX_101897,ACC_012,2026-01-20 18:15:00,110.32601749284365,4.7124629910073965,-0.3994782018693566,0,110.32601749284365,0,0,110.32601749284365,18,1,187.84984605732652,5.240952233999683,-0.39484100993340115,110.32601749284369
TRX_101962,ACC_012,2026-01-21 10:30:00,141.52355819480042,4.959507306710016,-0.1072854583477326,0,141.52355819480042,0,0,141.52355819480042,10,2,185.80974530562958,5.2300906941643,-0.10482114799786536,141.5235581948004
TRX_100150,ACC_013,2026-01-02 13:30:00,273.3480975377829,5.614397729046033,0.6672890493237512,0,273.3480975377829,0,0,273.3480975377829,13,4,273.3480975377829,5.614397729046033,0.6639932621965662,273.3480975377829
TRX_100165,ACC_013,2026-01-02 17:15:00,192.89217071354636,5.267302183473345,0.2567602766354476,0,192.89217071354636,0,0,192.89217071354636,17,4,273.3480975377829,5.614397729046033,0.2565173730261155,192.89217071354642
TRX_100187,ACC_013,2026-01-02 22:45:00,279.01741546655103,5.634851799329853,0.6914811902981984,0,279.01741546655103,0,0,279.01741546655103,22,4,233.12013412566463,5.455834377315666,0.6880054991220016,279.017415466551
TRX_100409,ACC_013,2026-01-05 06:15:00,239.12132075738043,5.481144298774065,0.5096829725998382,0,239.12132075738043,0,0,239.12132075738043,6,0,248.41922790596013,5.519135126929956,0.5075592178025508,239.12132075738054
TRX_100452,ACC_013,2026-01-05 17:00:00,178.06716511596875,5.18776095957335,0.1626825466204644,0,178.06716511596875,0,0,178.06716511596875,17,0,246.09475111881517,5.5097718708378105,0.16313924891080891,178.0671651159687
TRX_100546,ACC_013,2026-01-06 16:30:00,377.7129455423701,5.936778518486067,1.0485863362386243,0,377.7129455423701,0,0,377.7129455423701,16,1,232.48923391824593,5.453135968629467,1.042455044562022,377.7129455423701
TRX_100592,ACC_013,2026-01-07 04:00:00,166.21419692216,5.119275606867498,0.081681196553956,0,166.21419692216,0,0,166.21419692216,4,2,256.69318585559995,5.551769675149619,0.08274026268087775,166.21419692216003
TRX_100604,ACC_013,2026-01-07 07:00:00,332.3946652432497,5.809326969118638,0.8978424594979881,0,332.3946652432497,0,0,332.3946652432497,7,2,243.76761600796564,5.500309254338242,0.8928321696301142,332.3946652432497
TRX_100650,ACC_013,2026-01-07 18:30:00,322.5898063356513,5.779476683871276,0.862536904231422,0,322.5898063356513,0,0,322.5898063356513,18,2,254.84599716237616,5.544575689877105,0.8577891629470643,322.5898063356513
TRX_100685,ACC_013,2026-01-08 03:15:00,425.4775862186596,6.05555981272232,1.1890754308499685,0,425.4775862186596,0,0,425.4775862186596,3,3,262.37308707051784,5.5735716089580345,1.1818993967097173,425.47758621865955
TRX_100695,ACC_013,2026-01-08 05:45:00,2.4446506886471755,1.23682250270553,-4.510307171495341,1,14.45445091828967,1,0,2.4446506886471755,5,3,278.683536985332,5.633658738930868,-4.475099937114123,2.4446506886471733
TRX_100753,ACC_013,2026-01-08 20:15:00,109.08278708007056,4.701232692542487,-0.4127608864342514,0,109.08278708007056,0,0,109.08278708007056,20,3,253.57091095836066,5.539579425700941,-0.40802491825780246,109.08278708007052
TRX_100757,ACC_013,2026-01-08 21:15:00,227.69123409272493,5.432372771010043,0.4519982350960427,0,227.69123409272493,0,0,227.69123409272493,21,3,241.53023396850315,5.491126378764887,0.45030345092413626,227.69123409272487
TRX_100784,ACC_013,2026-01-09 04:00:00,434.9150112538421,6.077447296031165,1.2149629473411132,0,434.9150112538421,0,0,434.9150112538421,4,4,240.4656955165202,5.486727415452278,1.2075944015483988,434.9150112538423
TRX_100813,ACC_013,2026-01-09 11:15:00,281.1203341627213,5.642333696809436,0.7003304372241561,0,281.1203341627213,0,0,281.1203341627213,11,4,254.35493235490034,5.542654468963104,0.6967889389185132,281.1203341627212
TRX_100875,ACC_013,2026-01-10 02:45:00,294.84769419756185,5.689844775269657,0.7565243728080625,0,294.84769419756185,0,0,294.84769419756185,2,5,256.13929247542177,5.5496179321372745,0.7525649901757644,294.84769419756196
TRX_100971,ACC_013,2026-01-11 02:45:00,6.8349598993083776,2.058595757646626,-3.538351264592493,1,14.45445091828967,1,0,6.8349598993083776,2,6,258.5585675830555,5.558982371102571,-3.510371947876662,6.834959899308378
TRX_101056,ACC_013,2026-01-12 00:00:00,66.82856636077335,4.216983438965398,-0.985508806371466,0,66.82856636077335,0,0,66.82856636077335,0,0,243.75129654283506,5.500242578813688,-0.9765136174022554,66.82856636077337
TRX_101068,ACC_013,2026-01-12 03:00:00,186.14371804837464,5.231876867387793,0.2148608292924937,0,186.14371804837464,0,0,186.14371804837464,3,0,233.922255977165,5.459254633780203,0.21492950952505116,186.14371804837467
TRX_101166,ACC_013,2026-01-13 03:30:00,113.19923795819466,4.737944624329197,-0.3693396887506345,0,113.19923795819466,0,0,113.19923795819466,3,1,231.40759608617603,5.4484927098402265,-0.36492662086169925,113.1992379581947
TRX_101204,ACC_013,2026-01-13 13:00:00,233.42633633863505,5.457141407784845,0.4812934484343317,0,233.42633633863505,0,0,233.42633633863505,13,1,225.49717817977694,5.4227324864780515,0.4793808113860805,233.42633633863505
TRX_101292,ACC_013,2026-01-14 11:00:00,102.11035757439775,4.635799847416359,-0.4901518698270581,0,102.11035757439775,0,0,102.11035757439775,11,2,225.8747571397226,5.424398134560019,-0.48484038618531605,102.11035757439771
TRX_101596,ACC_013,2026-01-17 15:00:00,276.43154665072274,5.625574224020151,0.6805080975748933,0,276.43154665072274,0,0,276.43154665072274,15,5,220.24910261402601,5.39928922789801,0.6771140074365372,276.4315466507228
TRX_101608,ACC_013,2026-01-17 18:00:00,280.4187511103769,5.639843777536237,0.6973854743274626,0,280.4187511103769,0,0,280.4187511103769,18,5,222.69181757214324,5.410269290143345,0.693865876140121,280.41875111037695
TRX_101609,ACC_013,2026-01-17 18:15:00,35.24173755395296,3.5902114257746716,-1.7268261428011882,0,35.24173755395296,0,0,35.24173755395296,18,5,225.09710646956964,5.420964581632683,-1.7123181721990002,35.24173755395295
TRX_101659,ACC_013,2026-01-18 06:45:00,275.6237346854033,5.622658224245627,0.6770591861040771,0,275.6237346854033,0,0,275.6237346854033,6,6,217.50289171294497,5.386799248832259,0.6736907436807761,275.6237346854034
TRX_101696,ACC_013,2026-01-18 16:00:00,150.13161642076912,5.018151089090035,-0.0379242685734673,0,150.13161642076912,0,0,150.13161642076912,16,6,219.73830875034722,5.396977876588229,-0.035975760396621696,150.13161642076918
TRX_101733,ACC_013,2026-01-19 01:15:00,266.09159942289017,5.587591668565125,0.6355840641973114,0,266.09159942289017,0,0,266.09159942289017,1,0,217.160283108511,5.385230036246938,0.6325240501339544,266.09159942289017
TRX_101736,ACC_013,2026-01-19 02:00:00,70.23759522310165,4.2660207018593175,-0.927509769482015,0,70.23759522310165,0,0,70.23759522310165,2,0,218.9078301197388,5.393208504565427,-0.9189458884150782,70.23759522310164
TRX_101748,ACC_013,2026-01-19 05:00:00,121.700460370815,4.809746103713209,-0.2844161753702238,0,121.700460370815,0,0,121.700460370815,5,0,213.78127029571687,5.3696201628167,-0.2806346383544585,121.700460370815
TRX_101760,ACC_013,2026-01-19 08:00:00,148.33816347472907,5.006213287920644,-0.0520437550525616,0,148.33816347472907,0,0,148.33816347472907,8,0,210.7119099648868,5.355226435249368,-0.049990247785712344,148.33816347472907
TRX_101785,ACC_013,2026-01-19 14:15:00,450.5614652828737,6.112711499323137,1.256671837823697,0,450.5614652828737,0,0,450.5614652828737,14,0,208.69985362649462,5.345677239893775,1.2489931252588256,450.56146528287354
TRX_101791,ACC_013,2026-01-19 15:45:00,471.9999604115462,6.15909530479541,1.3115324863570204,0,471.9999604115462,0,0,471.9999604115462,15,0,216.25802899075646,5.381085720842371,1.3034458044101511,471.9999604115463
TRX_101860,ACC_013,2026-01-20 09:00:00,252.20515312962957,5.5342000420756765,0.5724348847447756,0,252.20515312962957,0,0,252.20515312962957,9,1,224.00778448835615,5.41613499933196,0.569844477446991,252.2051531296295
TRX_101938,ACC_013,2026-01-21 04:30:00,187.90189894582443,5.241227827108204,0.2259207177481174,0,187.90189894582443,0,0,187.90189894582443,4,2,224.8371188601583,5.419814026425663,0.22590715148926727,187.90189894582437
TRX_101980,ACC_013,2026-01-21 15:00:00,552.4359005299092,6.316145937908442,1.4972848086907342,1,552.4359005299092,0,0,552.4359005299092,15,2,223.78182686260593,5.415130273393182,1.4878167857977918,552.4359005299093
TRX_101983,ACC_013,2026-01-21 15:45:00,465.3115478574706,6.144853968374607,1.2946884834971528,0,465.3115478574706,0,0,465.3115478574706,15,2,232.91110668669768,5.454941157228469,1.2867270614154296,465.31154785747077
TRX_100046,ACC_014,2026-01-01 11:30:00,51.1872375093657,3.9548379728377676,-1.2955625015222216,0,51.1872375093657,0,0,51.1872375093657,11,3,51.1872375093657,3.9548379728377676,-1.284261608596193,51.187237509365694
TRX_100059,ACC_014,2026-01-01 14:45:00,175.56752581420918,5.173703385724087,0.1460558897447875,0,175.56752581420918,0,0,175.56752581420918,14,3,51.1872375093657,3.9548379728377676,0.1466362356141201,175.56752581420918
TRX_100076,ACC_014,2026-01-01 19:00:00,318.067215860978,5.7654017886171705,0.8458897603885049,0,318.067215860978,0,0,318.067215860978,19,3,113.37738166178744,4.739503346651342,0.8412658150337834,318.06721586097814
TRX_100081,ACC_014,2026-01-01 20:15:00,290.8543311046762,5.676254811713323,0.7404507840489345,0,290.8543311046762,0,0,290.8543311046762,20,3,181.60732639485096,5.207338090000286,0.7366109321230329,290.85433110467613
TRX_100137,ACC_014,2026-01-02 10:15:00,87.4963784401419,4.4829616295962555,-0.6709219395726383,0,87.4963784401419,0,0,87.4963784401419,10,4,208.9190775723073,5.346722111559272,-0.6642661653399251,87.4963784401419
TRX_100142,ACC_014,2026-01-02 11:30:00,140.43038040211556,4.951807584713551,-0.1163923381725212,0,140.43038040211556,0,0,140.43038040211556,11,4,184.63453774587418,5.22377989003292,-0.11386030481475341,140.43038040211556
TRX_100321,ACC_014,2026-01-04 08:15:00,289.6991606189457,5.672288920112934,0.7357601084350015,0,289.6991606189457,0,0,289.6991606189457,8,6,177.26717818858108,5.183283425975426,0.7319551385617648,289.6991606189457
TRX_100418,ACC_014,2026-01-05 08:30:00,50.41311055131491,3.939893209028259,-1.3132384861987505,0,50.41311055131491,0,0,50.41311055131491,8,0,193.32888996434744,5.269552032743524,-1.3018061464025612,50.4131105513149
TRX_100488,ACC_014,2026-01-06 02:00:00,50.778460261810864,3.946974237724656,-1.304863368577157,0,50.778460261810864,0,0,50.778460261810864,2,1,175.4644175377184,5.173119255696398,-1.2934933100636643,50.77846026181087
TRX_100615,ACC_014,2026-01-07 09:45:00,461.38840189650347,6.136405234639843,1.2846957067671034,0,461.38840189650347,0,0,461.38840189650347,9,2,161.61042228483979,5.091357292752282,1.2768085956360522,461.38840189650347
TRX_100632,ACC_014,2026-01-07 14:00:00,192.10653398833188,5.263242026191527,0.2519581078750391,0,192.10653398833188,0,0,192.10653398833188,14,2,191.58822024600616,5.260554335738668,0.2517509154334348,192.10653398833185
TRX_100720,ACC_014,2026-01-08 12:00:00,231.5498431590236,5.449104581230075,0.4717878567206875,0,231.5498431590236,0,0,231.5498431590236,12,3,191.63533967712667,5.260798969952448,0.4699459076879925,231.54984315902365
TRX_100808,ACC_014,2026-01-09 10:00:00,419.805125015439,6.042169840568533,1.1732383827957935,0,419.805125015439,0,0,419.805125015439,10,4,194.9615483006181,5.277918457844581,1.1661801203348803,419.8051250154391
TRX_100841,ACC_014,2026-01-09 18:15:00,53.22060003120297,3.9930609106120696,-1.250354154906493,0,53.22060003120297,0,0,53.22060003120297,18,4,212.257208047912,5.3624989867286255,-1.2393894523413707,53.22060003120298
TRX_100915,ACC_014,2026-01-10 12:45:00,89.65795040190241,4.507093637733461,-0.6423797015363498,0,89.65795040190241,0,0,89.65795040190241,12,5,200.89745033243278,5.307759896870716,-0.6359361807042765,89.65795040190241
TRX_100937,ACC_014,2026-01-10 18:15:00,164.29066482220352,5.107705529077405,0.0679966365079955,0,164.29066482220352,0,0,164.29066482220352,18,5,193.4814836703974,5.270336958888668,0.06915746740901536,164.29066482220358
TRX_100941,ACC_014,2026-01-10 19:15:00,265.87330561957,5.586774034996251,0.6346170045221878,0,265.87330561957,0,0,265.87330561957,19,5,191.6570574923853,5.260911704153491,0.631564181965832,265.87330561956986
TRX_100946,ACC_014,2026-01-10 20:30:00,144.59185828004513,4.98080721579281,-0.0820928978390567,0,144.59185828004513,0,0,144.59185828004513,20,5,196.02271914692557,5.283319047707412,-0.07981593112468131,144.59185828004513
TRX_101051,ACC_014,2026-01-11 22:45:00,308.35371557889187,5.73448533282742,0.8093231872557464,0,308.35371557889187,0,0,308.35371557889187,22,6,193.16544909876555,5.268710626016113,0.8049711680018201,308.35371557889175
TRX_101088,ACC_014,2026-01-12 08:00:00,270.3487983354921,5.603405072032654,0.6542874362237042,0,270.3487983354921,0,0,270.3487983354921,8,0,199.22798943982482,5.29945666450071,0.6510883351584453,270.348798335492
TRX_101103,ACC_014,2026-01-12 11:45:00,283.55018248847136,5.650909626371968,0.7104736553751089,0,283.55018248847136,0,0,283.55018248847136,11,0,202.7840298846082,5.317060756013613,0.7068567273661878,283.55018248847125
TRX_101110,ACC_014,2026-01-12 13:30:00,140.85200065539652,4.954784265176524,-0.1128716563523801,0,140.85200065539652,0,0,140.85200065539652,13,0,206.63003715145882,5.335757828452939,-0.11036580442747494,140.85200065539655
TRX_101122,ACC_014,2026-01-12 16:30:00,132.54023311622015,4.894402804094068,-0.1842880932023777,0,132.54023311622015,0,0,132.54023311622015,16,0,203.64012640163781,5.3212529555084,-0.18125115532816033,132.54023311622015
TRX_101134,ACC_014,2026-01-12 19:30:00,209.31653940352183,5.348613726328107,0.352931859127184,0,209.31653940352183,0,0,209.31653940352183,19,0,200.5488266935762,5.306031668130086,0.3519737787541083,209.31653940352174
TRX_101226,ACC_014,2026-01-13 18:30:00,378.16805155481865,5.937979514602595,1.050006819641568,0,378.16805155481865,0,0,378.16805155481865,18,1,200.91414805649057,5.307842597437683,1.043864964587544,378.1680515548187
TRX_101308,ACC_014,2026-01-14 15:00:00,,,0.1102524442842665,0,,1,1,200.71153669592684,15,2,208.0043041964237,5.342354845994015,0.07421738210194267,165.00462652131336
TRX_101353,ACC_014,2026-01-15 02:15:00,356.303437138415,5.878585384737964,0.9797581531022556,0,356.303437138415,0,0,356.303437138415,2,3,208.0043041964237,5.342354845994015,0.9741386999125996,356.30343713841495
TRX_101361,ACC_014,2026-01-15 04:15:00,244.71572144708355,5.5041752638337105,0.5369229471266319,0,244.71572144708355,0,0,244.71572144708355,4,3,213.70811700188491,5.369279510420143,0.5345966231678336,244.71572144708355
TRX_101409,ACC_014,2026-01-15 16:15:00,470.8122742278674,6.156581182378849,1.3085588970867923,0,470.8122742278674,0,0,470.8122742278674,16,3,214.85654679615152,5.374614051845685,1.3004943281372958,470.81227422786725
TRX_101557,ACC_014,2026-01-17 05:15:00,108.27261880252486,4.693845849640527,-0.4214977071433145,0,108.27261880252486,0,0,108.27261880252486,5,5,223.99782277585567,5.41609072560585,-0.4166967678912294,108.27261880252487
TRX_101575,ACC_014,2026-01-17 09:45:00,175.15897199500873,5.171386837325012,0.143315982006772,0,175.15897199500873,0,0,175.15897199500873,9,5,220.0072985009132,5.398195725863453,0.1439167031085616,175.15897199500867
TRX_101634,ACC_014,2026-01-18 00:30:00,285.89778407097566,5.6591259992592535,0.7201916062978193,0,285.89778407097566,0,0,285.89778407097566,0,6,218.51235428404974,5.391408514685568,0.7165024110711706,285.8977840709756
TRX_101701,ACC_014,2026-01-18 17:15:00,251.82667767831688,5.532704185495741,0.570665653840745,0,251.82667767831688,0,0,251.82667767831688,17,6,220.68607782556347,5.401262317291672,0.5680884033695351,251.82667767831677
TRX_101784,ACC_014,2026-01-19 14:00:00,189.22018841106836,5.248182287544068,0.2341461362066967,0,189.22018841106836,0,0,189.22018841106836,14,0,221.65922157096202,5.405642448250985,0.23407140189798065,189.22018841106842
TRX_101835,ACC_014,2026-01-20 02:45:00,75.87927389095923,4.34223631991087,-0.8373654143109921,0,75.87927389095923,0,0,75.87927389095923,2,1,220.67622056611674,5.401217851357225,-0.8294718887329701,75.87927389095924
TRX_101870,ACC_014,2026-01-20 11:30:00,277.9553630015394,5.631051779779927,0.6869867005765029,0,277.9553630015394,0,0,277.9553630015394,11,1,216.41748684037682,5.381819407700571,0.6835444325231306,277.9553630015393
TRX_101924,ACC_014,2026-01-21 01:00:00,125.92685509745986,4.84361097642458,-0.2443623492443182,0,125.92685509745986,0,0,125.92685509745986,1,2,218.1757118735529,5.389873745438134,-0.24087867116985434,125.92685509745984
TRX_100002,ACC_015,2026-01-01 00:30:00,389.1705388011048,5.966583922522294,1.0838388080566732,0,389.1705388011048,0,0,389.1705388011048,0,3,389.1705388011048,5.966583922522294,1.077445362549848,389.17053880110484
TRX_100034,ACC_015,2026-01-01 08:30:00,153.19135580783788,5.038194401242974,-0.0142179535725702,0,153.19135580783788,0,0,153.19135580783788,8,3,389.1705388011048,5.966583922522294,-0.012445736616097158,153.1913558078379
TRX_100079,ACC_015,2026-01-01 19:45:00,379.70338101364416,5.9420205443935235,1.054786365278576,0,379.70338101364416,0,0,379.70338101364416,19,3,271.1809473044713,5.606467092559914,1.0486089672929264,379.7033810136442
TRX_100095,ACC_015,2026-01-01 23:45:00,336.5757936158938,5.821790058776413,0.9125832332312516,0,336.5757936158938,0,0,336.5757936158938,23,3,307.3550918741956,5.731252014595128,0.9074633240914421,336.57579361589364
TRX_100146,ACC_015,2026-01-02 12:30:00,36.52105365488518,3.624902206229997,-1.685795470683439,0,36.52105365488518,0,0,36.52105365488518,12,4,314.66026730962017,5.754666531798075,-1.6715926233051712,36.52105365488518
TRX_100147,ACC_015,2026-01-02 12:45:00,47.19816872000257,3.875321026973846,-1.389611516583989,0,47.19816872000257,0,0,47.19816872000257,12,4,259.03242457867316,5.560806333157866,-1.377611231296075,47.198168720002556
TRX_100161,ACC_015,2026-01-02 16:15:00,131.8721482540312,4.889387374561859,-0.1902201143897003,0,131.8721482540312,0,0,131.8721482540312,16,4,223.72671526889474,5.414885065176556,-0.18713906323788795,131.87214825403123
TRX_100200,ACC_015,2026-01-03 02:00:00,66.06867162540674,4.205717044121663,-0.9988341840860928,0,66.06867162540674,0,0,66.06867162540674,2,5,210.60463426677137,5.354719600816018,-0.9897399013902045,66.06867162540676
TRX_100421,ACC_015,2026-01-05 09:15:00,,,0.1102524442842665,0,,1,1,128.29327905050172,9,0,192.53763893660079,5.265472010022182,-0.1907099453562902,131.46859927262886
TRX_100434,ACC_015,2026-01-05 12:30:00,222.05550550007453,5.407420644076538,0.422485997971036,0,222.05550550007453,0,0,222.05550550007453,12,0,192.53763893660079,5.265472010022182,0.4210106805656218,222.0555055000745
TRX_100721,ACC_015,2026-01-08 12:15:00,118.34032899646868,4.781979318889773,-0.3172574614093681,0,118.34032899646868,0,0,118.34032899646868,12,3,195.81740188809786,5.282276404937101,-0.3132317012659583,118.3403289964687
TRX_100838,ACC_015,2026-01-09 17:30:00,94.3247396727331,4.557289374795583,-0.583010474264079,0,94.3247396727331,0,0,94.3247396727331,17,4,188.06969459893497,5.242115701578134,-0.5770084507093348,94.32473967273313
TRX_100852,ACC_015,2026-01-09 21:00:00,283.2841759137674,5.6499743572899765,0.7093674617829964,0,283.2841759137674,0,0,283.2841759137674,21,4,179.54742596928025,5.195993491013035,0.705758759945807,283.2841759137675
TRX_100858,ACC_015,2026-01-09 22:30:00,216.02900707170147,5.3800310177484825,0.3900907977897846,0,216.02900707170147,0,0,216.02900707170147,22,4,188.19215513132085,5.242763192393037,0.3888563862094196,216.02900707170141
TRX_100934,ACC_015,2026-01-10 17:30:00,449.2222603688144,6.109741372760714,1.253158907658061,0,449.2222603688144,0,0,449.2222603688144,17,5,190.33345143442705,5.25401772490437,1.2455063188811324,449.22226036881426
TRX_100958,ACC_015,2026-01-10 23:30:00,377.3903605143309,5.935926362525369,1.047578445053771,0,377.3903605143309,0,0,377.3903605143309,23,5,208.8255092154547,5.346276276823827,1.04145464852633,377.390360514331
TRX_101026,ACC_015,2026-01-11 16:30:00,116.79343866263164,4.768932570707257,-0.3326885598122717,0,116.79343866263164,0,0,116.79343866263164,16,6,220.06316596871312,5.398448479542278,-0.32854804682055827,116.7934386626316
TRX_101032,ACC_015,2026-01-11 18:00:00,308.2509647295971,5.734153130846057,0.8089302739111838,0,308.2509647295971,0,0,308.2509647295971,18,6,213.60880801208302,5.36881687321305,0.804581176544232,308.2509647295971
TRX_101078,ACC_015,2026-01-12 05:30:00,88.10622273898088,4.489829171981737,-0.6627993238178186,0,88.10622273898088,0,0,88.10622273898088,5,0,219.17599370134857,5.394427197915578,-0.6562039531460965,88.10622273898085
TRX_101127,ACC_015,2026-01-12 17:45:00,68.31372964178219,4.23864300550193,-0.9598908594383468,0,68.31372964178219,0,0,68.31372964178219,17,0,211.8943397589948,5.3607959851627065,-0.9510861774765775,68.31372964178219
TRX_101144,ACC_015,2026-01-12 22:00:00,144.70113044615144,4.9815574718955045,-0.0812055291563703,0,144.70113044615144,0,0,144.70113044615144,22,0,204.33746554229938,5.324654799057233,-0.07893516132959032,144.7011304461515
TRX_101172,ACC_015,2026-01-13 05:00:00,562.779837632861,6.3346638164812425,1.5191869104614144,1,562.779837632861,0,0,562.779837632861,5,1,201.35564878749202,5.31002678685757,1.5095560133195753,562.7798376328611
TRX_101242,ACC_015,2026-01-13 22:30:00,63.65975680847515,4.169139011208791,-1.0420970122917894,0,63.65975680847515,0,0,63.65975680847515,22,1,218.5663244467953,5.391654348362454,-1.0326810070177246,63.65975680847516
TRX_101541,ACC_015,2026-01-17 01:15:00,685.9658500012921,6.532284582109518,1.752923734243582,1,685.9658500012921,0,0,685.9658500012921,1,5,211.52511682687165,5.359060178212114,1.7415546610119963,685.9658500012918
TRX_101558,ACC_015,2026-01-17 05:30:00,121.96921998946108,4.811934080068045,-0.2818283367791536,0,121.96921998946108,0,0,121.96921998946108,5,5,232.15297479097688,5.45169478230215,-0.2780660441387089,121.96921998946105
TRX_101590,ACC_015,2026-01-17 13:30:00,,,0.1102524442842665,0,,1,1,128.29327905050172,13,5,227.56198500758038,5.4318074427272105,0.0012414538287357946,154.99959401593716
TRX_101644,ACC_015,2026-01-18 03:00:00,108.09605412711988,4.692228724697522,-0.4234103687334839,0,108.09605412711988,0,0,108.09605412711988,3,6,227.56198500758038,5.4318074427272105,-0.4185952060373132,108.09605412711984
TRX_101646,ACC_015,2026-01-18 03:30:00,150.40380403038426,5.019950466383769,-0.035796047219371,0,150.40380403038426,0,0,150.40380403038426,3,6,222.78334777236196,5.410678386372965,-0.03386336548960169,150.40380403038426
TRX_101716,ACC_015,2026-01-18 21:00:00,147.96564712581204,5.003715723160688,-0.0549977606821131,0,147.96564712581204,0,0,147.96564712581204,21,6,219.9995191669013,5.398160525800007,-0.05292228605098133,147.96564712581207
TRX_101723,ACC_015,2026-01-18 22:45:00,31.954941235448317,3.4951412113274998,-1.839270854218661,0,31.954941235448317,0,0,31.954941235448317,22,6,217.33159798019426,5.386014998753239,-1.8239266922725432,31.954941235448313
TRX_101813,ACC_015,2026-01-19 21:15:00,188.3114908759998,5.243393758306428,0.2284824823339092,0,188.3114908759998,0,0,188.3114908759998,21,0,210.71100309645337,5.355222151737988,0.22844986559820862,188.31149087599988
TRX_101848,ACC_015,2026-01-20 06:00:00,27.86374553099592,3.36258632770346,-1.9960507218433867,0,27.86374553099592,0,0,27.86374553099592,6,1,209.93860612333427,5.3515671248970555,-1.979540671643765,27.863745530995928
TRX_101863,ACC_015,2026-01-20 09:45:00,113.07566965062408,4.7368619970625,-0.3706201708793882,0,113.07566965062408,0,0,113.07566965062408,9,1,203.86944410358964,5.32237291822692,-0.366197580727835,113.07566965062406
TRX_101891,ACC_015,2026-01-20 16:45:00,345.9380070246522,5.849146109878682,0.9449387221675428,0,345.9380070246522,0,0,345.9380070246522,16,1,200.94061266962302,5.307973657490672,0.9395782025140322,345.9380070246521
TRX_101899,ACC_015,2026-01-20 18:45:00,93.98040116890832,4.553670566831874,-0.5872906351906181,0,93.98040116890832,0,0,93.98040116890832,18,1,205.4717812432177,5.330163750488056,-0.5812567823619821,93.98040116890834
TRX_101909,ACC_015,2026-01-20 21:15:00,69.14594858594731,4.250578051294742,-0.9457746318929386,0,69.14594858594731,0,0,69.14594858594731,21,1,202.09325457429924,5.313665255697521,-0.9370749247862215,69.14594858594732
TRX_101921,ACC_015,2026-01-21 00:15:00,23.76179867501121,3.209302089564479,-2.1773483240693983,0,23.76179867501121,0,0,23.76179867501121,0,2,198.18303969228887,5.29422419941872,-2.1594900603011205,23.76179867501121
TRX_101965,ACC_015,2026-01-21 11:15:00,66.08992309754024,4.206033855315982,-0.9984594742621355,0,66.08992309754024,0,0,66.08992309754024,11,2,193.19957566322378,5.268886370804497,-0.9893679780833482,66.08992309754021
TRX_101993,ACC_015,2026-01-21 18:15:00,128.29327905050172,4.862083304925684,-0.2225141220199064,0,128.29327905050172,0,0,128.29327905050172,18,2,189.6687519808437,5.250537639614347,-0.2191929175580737,128.29327905050172
TRX_100033,ACC_016,2026-01-01 08:15:00,431.3046197230113,6.069130477998655,1.20512619448413,0,431.3046197230113,0,0,431.3046197230113,8,3,431.3046197230113,6.069130477998655,1.1978307993757626,431.3046197230113
TRX_100085,ACC_016,2026-01-01 21:15:00,18.265807548672257,2.9583318951166544,-2.4741844178257035,0,18.265807548672257,0,0,18.265807548672257,21,3,431.3046197230113,6.069130477998655,-2.4541187423522772,18.265807548672253
TRX_100242,ACC_016,2026-01-03 12:30:00,272.0109219387119,5.609511801486206,0.6615101971599465,0,272.0109219387119,0,0,272.0109219387119,12,5,224.78521363584179,5.419584165230544,0.6582573842740246,272.0109219387119
TRX_100246,ACC_016,2026-01-03 13:30:00,218.25600536073676,5.390240021348044,0.4021655413915306,0,218.25600536073676,0,0,218.25600536073676,13,5,240.52711640346513,5.486981750033498,0.4008413363833318,218.2560053607368
TRX_100275,ACC_016,2026-01-03 20:45:00,320.89291712048174,5.774218934709102,0.8563182784432728,0,320.89291712048174,0,0,320.89291712048174,20,5,234.95933864278305,5.463659496294801,0.8516167817620596,320.8929171204817
TRX_100291,ACC_016,2026-01-04 00:45:00,68.57708976148184,4.2424353430583555,-0.9554054556280204,0,68.57708976148184,0,0,68.57708976148184,0,6,252.14605433832276,5.533966612034616,-0.946634129221999,68.57708976148186
TRX_100315,ACC_016,2026-01-04 06:45:00,71.38109091936661,4.281945090132632,-0.908675129691782,0,71.38109091936661,0,0,71.38109091936661,6,6,221.55122690884932,5.405157308404876,-0.9002513117950921,71.38109091936661
TRX_100417,ACC_016,2026-01-05 08:15:00,76.46222044143934,4.349790339328211,-0.8284308648481113,0,76.46222044143934,0,0,76.46222044143934,8,0,200.09835033892318,5.3037940935571095,-0.8206037807490045,76.46222044143933
TRX_100451,ACC_016,2026-01-05 16:45:00,339.8449396614001,5.831427651465348,0.9239821380824508,0,339.8449396614001,0,0,339.8449396614001,16,0,184.64383410173772,5.223829967584269,0.918777461367122,339.8449396614002
TRX_100476,ACC_016,2026-01-05 23:00:00,292.4204116765061,5.681606432738617,0.7467804371932345,0,292.4204116765061,0,0,292.4204116765061,23,0,201.88840138614464,5.312656081009291,0.7428935150129596,292.42041167650603
TRX_100484,ACC_016,2026-01-06 01:00:00,639.6586759031011,6.46249682820854,1.6703819634744668,1,639.6586759031011,0,0,639.6586759031011,1,1,210.9416024151808,5.356310776420103,1.659626709366606,639.6586759031009
TRX_100497,ACC_016,2026-01-06 04:15:00,185.65985910630195,5.22928802532269,0.2117988650315662,0,185.65985910630195,0,0,185.65985910630195,4,1,249.91588182317355,5.5251177507838545,0.21189031545916565,185.65985910630195
TRX_100520,ACC_016,2026-01-06 10:00:00,501.6197578130826,6.2198339355447105,1.3833713671906456,0,501.6197578130826,0,0,501.6197578130826,10,1,244.56121326343427,5.503546257349478,1.3747504578038776,501.6197578130825
TRX_100522,ACC_016,2026-01-06 10:30:00,243.8401801588356,5.500605671805322,0.5327009965625747,0,243.8401801588356,0,0,243.8401801588356,10,1,264.334947459561,5.580992980548075,0.5304060689982503,243.8401801588356
TRX_100619,ACC_016,2026-01-07 10:45:00,49.5676448810716,3.9233119425435277,-1.3328500515628725,0,49.5676448810716,0,0,49.5676448810716,10,2,262.8710355095092,5.575460481932492,-1.3212718710153337,49.5676448810716
TRX_100627,ACC_016,2026-01-07 12:45:00,94.6030168726098,4.560204376804308,-0.5795627429051199,0,94.6030168726098,0,0,94.6030168726098,12,2,248.65080946761336,5.5200631793511885,-0.5735863582895683,94.60301687260977
TRX_100708,ACC_016,2026-01-08 09:00:00,280.5585447115108,5.640340400064515,0.6979728567921003,0,280.5585447115108,0,0,280.5585447115108,9,3,239.02282243042566,5.480734012281002,0.6944488905546627,280.5585447115109
TRX_100725,ACC_016,2026-01-08 13:15:00,210.2326787344799,5.35296026871927,0.3580727511266412,0,210.2326787344799,0,0,210.2326787344799,13,3,241.46610021166597,5.49086190766401,0.3570764406817743,210.23267873447986
TRX_100731,ACC_016,2026-01-08 14:45:00,201.9568400010289,5.31299334560453,0.3108016982315358,0,201.9568400010289,0,0,201.9568400010289,14,3,239.7309101296001,5.483679754199358,0.31015691739398493,201.95684000102892
TRX_100882,ACC_016,2026-01-10 04:30:00,14.28220759708361,2.7266892495516135,-2.7481607687154423,0,14.28220759708361,0,0,14.28220759708361,4,5,237.74280117546473,5.475386826761604,-2.7260576772518146,14.282207597083607
TRX_100885,ACC_016,2026-01-10 05:15:00,446.5957691638584,6.103890524122897,1.246238790874352,0,446.5957691638584,0,0,446.5957691638584,5,5,226.56977149654568,5.42745687926879,1.2386376633149458,446.59576916385834
TRX_101303,ACC_016,2026-01-14 13:45:00,,,0.1102524442842665,0,,1,1,201.9568400010289,13,2,237.0471999568939,5.472468973155445,0.5643555123938585,251.02402984500898
TRX_101357,ACC_016,2026-01-15 03:15:00,109.95802327996356,4.709151961139561,-0.4033943369085824,0,109.95802327996356,0,0,109.95802327996356,3,3,237.0471999568939,5.472468973155445,-0.3987280227650988,109.95802327996357
TRX_101525,ACC_016,2026-01-16 21:15:00,387.73764409827294,5.962904679318295,1.079487167085691,0,387.73764409827294,0,0,387.73764409827294,21,4,231.2704191988516,5.447902292877095,1.0731260824117226,387.73764409827294
TRX_101534,ACC_016,2026-01-16 23:30:00,98.56094558826722,4.6007699751267195,-0.5315836042930439,0,98.56094558826722,0,0,98.56094558826722,23,4,238.07334202056558,5.476770375235362,-0.5259640149406121,98.56094558826722
TRX_101549,ACC_016,2026-01-17 03:15:00,226.66804381596356,5.4278886198564065,0.4466945857316751,0,226.66804381596356,0,0,226.66804381596356,3,5,232.26032550255317,5.452155106711442,0.4450392419712725,226.66804381596347
TRX_101599,ACC_016,2026-01-17 15:45:00,4.051870744435546,1.619758619132349,-4.057387807072654,1,14.45445091828967,1,0,4.051870744435546,15,5,232.0366342350896,5.451195669683378,-4.025548692430055,4.051870744435547
TRX_101620,ACC_016,2026-01-17 21:00:00,193.22585129649408,5.269021663869712,0.2587939995851817,0,193.22585129649408,0,0,193.22585129649408,21,5,223.26798948544905,5.412841718392299,0.25853597226300473,193.22585129649417
TRX_101754,ACC_016,2026-01-19 06:30:00,229.38205164911204,5.4397390249588025,0.4607107041307718,0,229.38205164911204,0,0,229.38205164911204,6,0,222.1553177006729,5.407868020953447,0.4589511299736428,229.38205164911207
TRX_101882,ACC_016,2026-01-20 14:30:00,119.81643657821756,4.794272340634014,-0.3027178362437178,0,119.81643657821756,0,0,119.81643657821756,14,1,222.4134153416886,5.409023935600651,-0.2988001995376332,119.8164365782176
TRX_101901,ACC_016,2026-01-20 19:15:00,189.85628538434048,5.251520712284466,0.2380946726511136,0,189.85628538434048,0,0,189.85628538434048,19,1,218.87558848777581,5.393061879519295,0.23799057518289884,189.85628538434048
TRX_101966,ACC_016,2026-01-21 11:30:00,111.47859909339712,4.722762973267486,-0.3872958528594626,0,111.47859909339712,0,0,111.47859909339712,11,2,217.90827838432796,5.388652821923954,-0.3827492545553686,111.47859909339714
TRX_100060,ACC_017,2026-01-01 15:00:00,223.84137544010824,5.415395155532474,0.4319178862293332,0,223.84137544010824,0,0,223.84137544010824,15,3,223.84137544010824,5.415395155532474,0.43037242890164895,223.84137544010827
TRX_100107,ACC_017,2026-01-02 02:45:00,178.75162809072006,5.1915760540884826,0.1671948663231078,0,178.75162809072006,0,0,178.75162809072006,2,4,223.84137544010824,5.415395155532474,0.16761801289856962,178.75162809072015
TRX_100214,ACC_017,2026-01-03 05:30:00,166.0268976406548,5.118154863163883,0.0803556320429397,0,166.0268976406548,0,0,166.0268976406548,5,5,201.29650176541415,5.3097344517128375,0.08142455568611064,166.0268976406548
TRX_100233,ACC_017,2026-01-03 10:15:00,99.58663491023265,4.611019395064771,-0.5194610580904043,0,99.58663491023265,0,0,99.58663491023265,10,5,189.53996705716102,5.249861973386633,-0.5139316176482526,99.58663491023265
TRX_100328,ACC_017,2026-01-04 10:00:00,104.57754010558536,4.659445660256699,-0.4621846814019076,0,104.57754010558536,0,0,104.57754010558536,10,6,167.05163402042893,5.124271277542045,-0.4570811748235618,104.57754010558536
TRX_100355,ACC_017,2026-01-04 16:45:00,141.54494634822683,4.959657362946505,-0.1071079786785586,0,141.54494634822683,0,0,141.54494634822683,16,6,154.55681523746023,5.047011036189444,-0.10464498815032829,141.5449463482269
TRX_100395,ACC_017,2026-01-05 02:45:00,143.0502973079041,4.970162525449991,-0.0946829518395313,0,143.0502973079041,0,0,143.0502973079041,2,0,152.388170422588,5.032971770070316,-0.09231235960873907,143.05029730790412
TRX_100457,ACC_017,2026-01-05 18:15:00,55.90782029030166,4.04143277088525,-1.193142125873293,0,55.90782029030166,0,0,55.90782029030166,18,0,151.05418854906173,5.024236960926211,-1.1826028786527856,55.90782029030168
TRX_100554,ACC_017,2026-01-06 18:30:00,614.2487616206115,6.422026676462332,1.6225157147173197,1,614.2487616206115,0,0,614.2487616206115,18,1,139.1608925167167,4.942790995009678,1.6121164163709396,614.2487616206117
TRX_100598,ACC_017,2026-01-07 05:30:00,318.618613982005,5.767128453691785,0.8479319810478214,0,318.618613982005,0,0,318.618613982005,5,2,191.94843352826058,5.262422969413541,0.8432928487873204,318.6186139820051
TRX_100646,ACC_017,2026-01-07 17:30:00,266.27280207889754,5.588269867421349,0.6363862068569791,0,266.27280207889754,0,0,266.27280207889754,17,2,204.61545157363503,5.326007684325386,0.6333202276865028,266.2728020788976
TRX_100667,ACC_017,2026-01-07 22:45:00,174.57611316411757,5.1680726421310235,0.1393961031642109,0,174.57611316411757,0,0,174.57611316411757,22,2,210.22066525593164,5.352903393901152,0.14002597431419822,174.57611316411757
TRX_100749,ACC_017,2026-01-08 19:15:00,152.59150678165258,5.034296524794498,-0.0188281839684781,0,152.59150678165258,0,0,152.59150678165258,19,3,207.2502859149471,5.338740653986932,-0.01702168318751933,152.59150678165258
TRX_100794,ACC_017,2026-01-09 06:30:00,22.797828092560444,3.1695943198981835,-2.2243128620913373,0,22.797828092560444,0,0,22.797828092560444,6,4,203.0457644431552,5.318344304190433,-2.206105348103369,22.797828092560447
TRX_100806,ACC_017,2026-01-09 09:30:00,390.7317633120269,5.970577328300681,1.0885620261848192,0,390.7317633120269,0,0,390.7317633120269,9,4,190.1709118466842,5.25316785435057,1.0821334566240082,390.7317633120269
TRX_100834,ACC_017,2026-01-09 16:30:00,68.86845945524946,4.246614323591491,-0.9504627481480796,0,68.86845945524946,0,0,68.86845945524946,16,4,203.541635277707,5.320771550250117,-0.9417281780212837,68.86845945524944
TRX_100861,ACC_017,2026-01-09 23:15:00,154.16312034286125,5.044476952854609,-0.0067872382108389,0,154.16312034286125,0,0,154.16312034286125,23,4,195.12456178880342,5.278749976704256,-0.005070279521174063,154.16312034286122
TRX_100866,ACC_017,2026-01-10 00:30:00,75.6106589883137,4.338736218349372,-0.8415051747217899,0,75.6106589883137,0,0,75.6106589883137,0,5,192.71506523315978,5.266388343501915,-0.8335808639536259,75.61065898831369
TRX_100868,ACC_017,2026-01-10 01:00:00,251.93385643444265,5.533128017528893,0.5711669430293117,0,251.93385643444265,0,0,251.93385643444265,1,5,186.20926488622388,5.232227054732396,0.5685859647377812,251.93385643444273
TRX_100927,ACC_017,2026-01-10 15:45:00,167.2888345611999,5.12568175651947,0.0892580980377902,0,167.2888345611999,0,0,167.2888345611999,15,5,189.6684539150775,5.250536076348232,0.09026081878968528,167.2888345611999
TRX_100964,ACC_017,2026-01-11 01:00:00,81.62688449479884,4.414335105715676,-0.7520902604627118,0,81.62688449479884,0,0,81.62688449479884,1,6,188.5494729473836,5.244650061411834,-0.7448308807204639,81.62688449479883
TRX_100970,ACC_017,2026-01-11 02:30:00,381.67251507243225,5.947179571384942,1.0608882269880326,0,381.67251507243225,0,0,381.67251507243225,2,6,183.45792111630814,5.217421367638395,1.0546654527114132,381.67251507243236
TRX_101075,ACC_017,2026-01-12 04:45:00,,,0.1102524442842665,0,,1,1,155.02741995695692,4,0,192.46767538704106,5.2651104462516995,-0.702378706551362,84.66948184689625
TRX_101130,ACC_017,2026-01-12 18:30:00,321.4507645947883,5.775950456657757,0.8583662435915755,0,321.4507645947883,0,0,321.4507645947883,18,0,192.46767538704106,5.2651104462516995,0.853649517285882,321.45076459478844
TRX_101261,ACC_017,2026-01-14 03:15:00,431.40218492649007,6.069356138773772,1.2053930957516177,0,431.40218492649007,0,0,431.40218492649007,3,2,198.0756357873779,5.293684831846197,1.1980957158408814,431.40218492649024
TRX_101280,ACC_017,2026-01-14 08:00:00,191.9200230449384,5.262275714654105,0.2508151986831667,0,191.9200230449384,0,0,191.9200230449384,8,2,207.7975753348409,5.34136524356003,0.2506165054476274,191.9200230449385
TRX_101400,ACC_017,2026-01-15 14:00:00,127.75471600090364,4.857909168006247,-0.2274511006945877,0,127.75471600090364,0,0,127.75471600090364,14,3,207.1624732432448,5.338318896146555,-0.22409318255559854,127.75471600090364
TRX_101406,ACC_017,2026-01-15 15:30:00,78.32253090802742,4.373522210707202,-0.8003618903104547,0,78.32253090802742,0,0,78.32253090802742,15,3,204.108328733924,5.323538272415347,-0.7927435402037741,78.32253090802745
TRX_101408,ACC_017,2026-01-15 16:00:00,103.6131403256168,4.650269168268608,-0.4730382173850314,0,103.6131403256168,0,0,103.6131403256168,16,3,199.449595481113,5.300562821032666,-0.46785399884855333,103.61314032561681
TRX_101436,ACC_017,2026-01-15 23:00:00,237.32668856856935,5.473642373505363,0.5008100377188162,0,237.32668856856935,0,0,237.32668856856935,23,3,196.0268649398453,5.283340089693432,0.49875226620566215,237.32668856856944
TRX_101456,ACC_017,2026-01-16 04:00:00,43.24437643962896,3.7897282772677343,-1.490846715180073,0,43.24437643962896,0,0,43.24437643962896,4,4,197.45099678911163,5.2905422020892825,-1.4780935977162393,43.24437643962895
TRX_101488,ACC_017,2026-01-16 12:00:00,248.46687783678595,5.519326152217781,0.5548427265441048,0,248.46687783678595,0,0,248.46687783678595,12,4,192.31077611079553,5.264299132776276,0.5523831427436906,248.4668778367859
TRX_101498,ACC_017,2026-01-16 14:30:00,154.8627958798869,5.04897610666006,-0.0014658443945044,0,154.8627958798869,0,0,154.8627958798869,14,4,194.12226326324685,5.273626353180527,0.00021154192763179295,154.8627958798869
TRX_101520,ACC_017,2026-01-16 20:00:00,155.02741995695692,5.050031760758836,-0.0002172648979313,0,155.02741995695692,0,0,155.02741995695692,20,4,192.89540490751685,5.267318863708473,0.0014508364044464605,155.0274199569569
TRX_101531,ACC_017,2026-01-16 22:45:00,142.0648726049296,4.963298181969706,-0.1028017840752574,0,142.0648726049296,0,0,142.0648726049296,22,4,191.74789021204532,5.261383066661331,-0.10037081641948742,142.06487260492958
TRX_101551,ACC_017,2026-01-17 03:45:00,37.57867913863491,3.652699769945786,-1.6529177807749182,0,37.57867913863491,0,0,37.57867913863491,3,5,190.2866249883066,5.253772957579079,-1.6389594272404546,37.57867913863491
TRX_101574,ACC_017,2026-01-17 09:30:00,806.5417027181948,6.693994697996352,1.9441870801812875,1,732.128172029599,1,0,806.5417027181948,9,5,185.92354082117316,5.23069966062934,1.9313956834605124,806.5417027181945
TRX_101690,ACC_017,2026-01-18 14:30:00,98.03747172548576,4.5954982807983065,-0.5378187237874773,0,98.03747172548576,0,0,98.03747172548576,14,6,203.16293420720154,5.31891837214955,-0.5321527671770048,98.03747172548572
TRX_101737,ACC_017,2026-01-19 02:15:00,187.446254695332,5.23881284525368,0.2230643874106986,0,187.446254695332,0,0,187.446254695332,2,0,200.3217054914795,5.304904153417475,0.22307206215708072,187.44625469533196
TRX_101796,ACC_017,2026-01-19 17:00:00,85.89370308261884,4.464685567995918,-0.6925380312628474,0,85.89370308261884,0,0,85.89370308261884,17,0,199.9828778389493,5.303219719549788,-0.6857215096856563,85.89370308261881
TRX_101825,ACC_017,2026-01-20 00:15:00,24.336955841068743,3.232264035121991,-2.1501899826602404,0,24.336955841068743,0,0,24.336955841068743,0,1,197.05751438365877,5.288557465199497,-2.1325336809915183,24.336955841068747
TRX_101828,ACC_017,2026-01-20 01:00:00,107.02119216581016,4.682327431632358,-0.4351211663565479,0,107.02119216581016,0,0,107.02119216581016,1,1,192.739500420094,5.2665144753848905,-0.4302189167046682,107.0211921658102
TRX_101858,ACC_017,2026-01-20 08:30:00,269.8302844012248,5.601492367876938,0.6520251770285702,0,269.8302844012248,0,0,269.8302844012248,8,1,190.64880997486756,5.255664582440563,0.6488428991783195,269.83028440122484
TRX_101876,ACC_017,2026-01-20 13:00:00,137.45330828360375,4.930533144482109,-0.1415547752860086,0,137.45330828360375,0,0,137.45330828360375,13,1,192.53408317549514,5.265453637400766,-0.138835622304372,137.45330828360377
TRX_101906,ACC_017,2026-01-20 20:30:00,386.26250900061166,5.959102780907261,1.074990455132813,0,386.26250900061166,0,0,386.26250900061166,20,1,191.25313492219536,5.258812914740166,1.0686628101072173,386.2625090006115
TRX_101926,ACC_017,2026-01-21 01:30:00,252.4427531620456,5.535137971738007,0.5735442251499059,0,252.4427531620456,0,0,252.4427531620456,1,2,195.68516615125026,5.281604308983653,0.5709455682792197,252.44275316204556
TRX_101939,ACC_017,2026-01-21 04:45:00,504.8563860060545,6.2262528068799226,1.3909633153009011,0,504.8563860060545,0,0,504.8563860060545,4,2,196.94644586260125,5.287996518668048,1.3822859486453711,504.8563860060546
TRX_101961,ACC_017,2026-01-21 10:15:00,213.84387663034735,5.369911609141579,0.3781220230569693,0,213.84387663034735,0,0,213.84387663034735,10,2,203.64014021354592,5.321253023002043,0.3769766168704795,213.84387663034727
TRX_100043,ACC_018,2026-01-01 10:45:00,86.5326046408944,4.472011348423678,-0.6838734324618746,0,86.5326046408944,0,0,86.5326046408944,10,3,86.5326046408944,4.472011348423678,-0.6771213448845101,86.53260464089439
TRX_100070,ACC_018,2026-01-01 17:30:00,241.06487114677685,5.489205752824317,0.5192176925913401,0,241.06487114677685,0,0,241.06487114677685,17,3,86.5326046408944,4.472011348423678,0.5170230331670304,241.06487114677685
TRX_100087,ACC_018,2026-01-01 21:45:00,14.6428278747716,2.750012529180325,-2.720575057855215,0,14.6428278747716,0,0,14.6428278747716,21,3,163.79873789383564,5.104724959034854,-2.698677106609804,14.642827874771601
TRX_100262,ACC_018,2026-01-03 17:30:00,164.94468493481818,5.111654509541101,0.0726673104011338,0,164.94468493481818,0,0,164.94468493481818,17,5,114.0801012208143,4.74562841825208,0.07379340799161799,164.9446849348182
TRX_100310,ACC_018,2026-01-04 05:30:00,111.39349003061506,4.722006017905195,-0.3881911451206994,0,111.39349003061506,0,0,111.39349003061506,5,6,126.79624714931526,4.8504371764834415,-0.3836378890055826,111.39349003061501
TRX_100312,ACC_018,2026-01-04 06:00:00,133.71148156522727,4.903135317832962,-0.1739596744328511,0,133.71148156522727,0,0,133.71148156522727,6,6,123.71569572557523,4.826036712652825,-0.1709995435001314,133.71148156522727
TRX_100377,ACC_018,2026-01-04 22:15:00,67.38315085157247,4.225126461704302,-0.9758776106571578,0,67.38315085157247,0,0,67.38315085157247,22,6,125.3816600321839,4.839306376503416,-0.9669540437534628,67.38315085157248
TRX_100582,ACC_018,2026-01-07 01:30:00,191.69500534284572,5.261108655742664,0.2494348546577835,0,191.69500534284572,0,0,191.69500534284572,1,2,117.09615872066797,4.771499197023779,0.24924642630452293,191.69500534284575
TRX_100640,ACC_018,2026-01-07 16:00:00,384.1898988963179,5.953736456569544,1.0686434115815182,0,384.1898988963179,0,0,384.1898988963179,16,2,126.4210145484402,4.847496678895227,1.0623629661334768,384.1898988963179
TRX_100716,ACC_018,2026-01-08 11:00:00,148.47882824155255,5.00715476568873,-0.0509302181098498,0,148.47882824155255,0,0,148.47882824155255,11,3,155.0620016982044,5.050253375071847,-0.0488849916233139,148.47882824155255
TRX_100761,ACC_018,2026-01-08 22:15:00,172.39530951841058,5.155574013913745,0.1246132960444576,0,172.39530951841058,0,0,172.39530951841058,22,3,154.4036843525392,5.046026146484795,0.12535309904625636,172.39530951841056
TRX_100773,ACC_018,2026-01-09 01:15:00,31.300386508995334,3.475079196379782,-1.86299929003178,0,31.300386508995334,0,0,31.300386508995334,1,4,156.0392866403457,5.056496007423156,-1.847478672364608,31.30038650899533
TRX_100850,ACC_018,2026-01-09 20:30:00,216.7673211095745,5.383427158422394,0.3941075980066736,0,216.7673211095745,0,0,216.7673211095745,20,4,145.6443782960665,4.988010460532987,0.3928433156255451,216.7673211095746
TRX_100901,ACC_018,2026-01-10 09:15:00,280.51671306885413,5.640191817287503,0.6977971198635592,0,280.51671306885413,0,0,280.51671306885413,9,5,151.11537389710557,5.024639271718764,0.6942744604879258,280.516713068854
TRX_100955,ACC_018,2026-01-10 22:45:00,281.3398196318022,5.643111379622535,0.7012502449683777,0,281.3398196318022,0,0,281.3398196318022,22,5,160.35832669508758,5.083627523581575,0.6977019065431409,281.3398196318021
TRX_100979,ACC_018,2026-01-11 04:45:00,333.60638825412866,5.81295488058245,0.9021333876290396,0,333.60638825412866,0,0,333.60638825412866,4,6,168.42375955753525,5.13240302951115,0.8970911884173167,333.60638825412866
TRX_101117,ACC_018,2026-01-12 15:15:00,124.72375097560716,4.83408704743407,-0.2556268178597065,0,124.72375097560716,0,0,124.72375097560716,15,0,178.74767385107234,5.191554055494179,-0.2520593719403043,124.72375097560716
TRX_101206,ACC_018,2026-01-13 13:30:00,108.10793193002212,4.692337593496196,-0.4232816036862971,0,108.10793193002212,0,0,108.10793193002212,13,1,175.56979603486852,5.173716243162364,-0.4184673985471026,108.10793193002215
TRX_101257,ACC_018,2026-01-14 02:15:00,34.69122139288352,3.574904759188384,-1.7449301695677946,0,34.69122139288352,0,0,34.69122139288352,2,2,171.82191469571038,5.152261669484564,-1.7302875689747277,34.69122139288352
TRX_101306,ACC_018,2026-01-14 14:30:00,189.24198878233733,5.248296886958147,0.2342816791642863,0,189.24198878233733,0,0,189.24198878233733,14,2,164.60450978503528,5.109602474581768,0.23420593689488844,189.2419887823374
TRX_101364,ACC_018,2026-01-15 05:00:00,241.1185793476125,5.489427603451393,0.5194800873895892,0,241.1185793476125,0,0,241.1185793476125,5,3,165.83638373490038,5.11701359404529,0.5172834766751189,241.1185793476126
TRX_101376,ACC_018,2026-01-15 08:00:00,289.80760606257576,5.6726619009657835,0.7362012531679418,0,289.80760606257576,0,0,289.80760606257576,8,3,169.42125019264856,5.138273314323193,0.7323930027366204,289.8076060625757
TRX_101429,ACC_018,2026-01-15 21:15:00,75.13037342089306,4.332447310348691,-0.8489434081304312,0,75.13037342089306,0,0,75.13037342089306,21,3,174.89335727764526,5.169877886832845,-0.840963783187754,75.1303734208931
TRX_101538,ACC_018,2026-01-17 00:30:00,171.0586194711332,5.147835229629299,0.1154602151279298,0,171.0586194711332,0,0,171.0586194711332,0,5,170.55583624039517,5.144908789363456,0.11626808471050597,171.05861947113328
TRX_101566,ACC_018,2026-01-17 07:30:00,106.44370810157618,4.676967064850763,-0.4414611635823161,0,106.44370810157618,0,0,106.44370810157618,7,5,170.57678554167592,5.145030895511208,-0.4365117667526465,106.44370810157614
TRX_101571,ACC_018,2026-01-17 08:45:00,139.7886551727958,4.94725986642083,-0.1217711718483106,0,139.7886551727958,0,0,139.7886551727958,8,5,168.01146244407192,5.129966537735906,-0.11919913897341627,139.78865517279576
TRX_101597,ACC_018,2026-01-17 15:15:00,663.1801135587407,6.4985533680528995,1.7130279934754251,1,663.1801135587407,0,0,663.1801135587407,15,5,166.92596985671514,5.123523226671251,1.7019556035886536,663.1801135587406
TRX_101610,ACC_018,2026-01-17 18:30:00,337.2934739957691,5.8239137850175915,0.9150950797197404,0,337.2934739957691,0,0,337.2934739957691,18,5,185.3057529567902,5.227389157199417,0.9099564913173452,337.2934739957692
TRX_101638,ACC_018,2026-01-18 01:30:00,304.48555774394737,5.721902503333626,0.7944407907083912,0,304.48555774394737,0,0,304.48555774394737,1,6,190.73388585103945,5.25610839943332,0.7901994438997312,304.4855577439473
TRX_101689,ACC_018,2026-01-18 14:15:00,53.066674104086765,3.9902179905733677,-1.2537166310005423,0,53.066674104086765,0,0,53.066674104086765,14,6,194.65635729562243,5.276359841333857,-1.24272692349416,53.06667410408676
TRX_101729,ACC_018,2026-01-19 00:15:00,109.9224642399037,4.70883143687209,-0.4037734383860295,0,109.9224642399037,0,0,109.9224642399037,0,0,189.9367011892379,5.251941965732877,-0.3991043050670603,109.92246423990373
TRX_101781,ACC_018,2026-01-19 13:15:00,124.6845284754786,4.833775025089123,-0.2559958636511505,0,124.6845284754786,0,0,124.6845284754786,13,0,187.35559677151747,5.238331648437842,-0.25242567333503607,124.68452847547863
TRX_101833,ACC_018,2026-01-20 02:15:00,165.68963546761535,5.116133613064462,0.0779649896587442,0,165.68963546761535,0,0,165.68963546761535,2,1,185.39712588726627,5.227879483072885,0.0790516912342243,165.68963546761537
TRX_101898,ACC_018,2026-01-20 18:30:00,184.49986052906536,5.22305413018233,0.2044256983237739,0,184.49986052906536,0,0,184.49986052906536,18,1,184.79992920788288,5.224670445367194,0.20457197905953708,184.4998605290653
TRX_101942,ACC_018,2026-01-21 05:30:00,394.5177361213552,5.980195631009682,1.0999381157279902,0,394.5177361213552,0,0,394.5177361213552,5,2,184.7911036585059,5.224622943955168,1.0934249482569363,394.5177361213551
TRX_101944,ACC_018,2026-01-21 06:00:00,149.51856894581317,5.01408645827779,-0.0427317284215304,0,149.51856894581317,0,0,149.51856894581317,6,2,190.78329315744446,5.256366053115515,-0.04074746972996014,149.51856894581317
TRX_100007,ACC_019,2026-01-01 01:45:00,163.57406826857533,5.103360731898299,0.0628578086657217,0,163.57406826857533,0,0,163.57406826857533,1,3,163.57406826857533,5.103360731898299,0.06405685428849665,163.57406826857527
TRX_100224,ACC_019,2026-01-03 08:00:00,399.8523527086497,5.993593161771099,1.115784103758357,0,399.8523527086497,0,0,399.8523527086497,8,5,163.57406826857533,5.103360731898299,1.1091530981261306,399.8523527086497
TRX_100251,ACC_019,2026-01-03 14:45:00,160.81337430830095,5.086443660715705,0.0428490688283608,0,160.81337430830095,0,0,160.81337430830095,14,5,281.7132104886125,5.644432993316315,0.044196908777200845,160.813374308301
TRX_100254,ACC_019,2026-01-03 15:30:00,620.2754859971815,6.431774600307306,1.634045114225266,1,620.2754859971815,0,0,620.2754859971815,15,5,241.41326509517532,5.490643976687854,1.6235600778842065,620.2754859971816
TRX_100289,ACC_019,2026-01-04 00:15:00,471.8893941574676,6.158861522156778,1.3112559789199831,0,471.8893941574676,0,0,471.8893941574676,0,6,336.1288203206768,5.820465113455536,1.3031713532114417,471.88939415746745
TRX_100351,ACC_019,2026-01-04 15:45:00,,,0.1102524442842665,0,,1,1,190.81127527495488,15,6,363.280935088035,5.897925369644921,-0.2589935100503671,123.98333639135713
TRX_100456,ACC_019,2026-01-05 18:00:00,59.62899126403174,4.104773182373598,-1.1182259775056156,0,59.62899126403174,0,0,59.62899126403174,18,0,363.280935088035,5.897925369644921,-1.1082438417223284,59.62899126403173
TRX_100458,ACC_019,2026-01-05 18:30:00,299.4700490200319,5.7053480785254065,0.774860972454411,0,299.4700490200319,0,0,299.4700490200319,18,0,312.67227778403446,5.7483487395480255,0.7707652303107754,299.47004902003187
TRX_100514,ACC_019,2026-01-06 08:30:00,262.80409221519216,5.5752067527299625,0.6209357508942173,0,262.80409221519216,0,0,262.80409221519216,8,1,310.78624510346265,5.742317841165237,0.6179846685238924,262.8040922151922
TRX_100605,ACC_019,2026-01-07 07:15:00,242.7498082310787,5.496142323133355,0.5274219514242702,0,242.7498082310787,0,0,242.7498082310787,7,2,304.78847599242886,5.722893607998833,0.5251662813029434,242.7498082310787
TRX_100610,ACC_019,2026-01-07 08:30:00,78.54099333690515,4.37627252822187,-0.7971089402562074,0,78.54099333690515,0,0,78.54099333690515,8,2,297.89529068561217,5.7000933136810366,-0.7895147806040471,78.54099333690516
TRX_100617,ACC_019,2026-01-07 10:15:00,184.81389849140865,5.224745627088062,0.2064263236777248,0,184.81389849140865,0,0,184.81389849140865,10,2,275.9598609507415,5.623872589372391,0.20655772682980855,184.81389849140857
TRX_100661,ACC_019,2026-01-07 21:15:00,128.91545258544906,4.866883874149388,-0.2168362278010082,0,128.91545258544906,0,0,128.91545258544906,21,2,267.6738643635294,5.593498243914635,-0.2135572468100506,128.91545258544912
TRX_100675,ACC_019,2026-01-08 00:45:00,24.093641091898508,3.2226144710887406,-2.161603046671221,0,24.093641091898508,0,0,24.093641091898508,0,3,256.11066338202266,5.549506589032223,-2.143861872132861,24.093641091898505
TRX_100681,ACC_019,2026-01-08 02:15:00,20.93194511856605,3.0879442551935155,-2.32088483277976,0,20.93194511856605,0,0,20.93194511856605,2,3,238.26320012893623,5.477564201763804,-2.3019591645545856,20.931945118566045
TRX_100714,ACC_019,2026-01-08 10:30:00,184.4462224390728,5.222764934027799,0.2040836503087525,0,184.4462224390728,0,0,184.4462224390728,10,3,222.73953905676692,5.410482603243099,0.20423247467316452,184.44622243907273
TRX_100805,ACC_019,2026-01-09 09:15:00,166.38713517908337,5.120309304320144,0.0829038067314095,0,166.38713517908337,0,0,166.38713517908337,9,4,220.186651282254,5.399006921001984,0.08395378095854779,166.38713517908343
TRX_100898,ACC_019,2026-01-10 08:30:00,457.8298930754111,6.128679538048618,1.2755581053769012,0,457.8298930754111,0,0,457.8298930754111,8,5,216.8241815258058,5.3836882306251805,1.2677389457136468,457.8298930754112
TRX_100990,ACC_019,2026-01-11 07:30:00,350.8570898314185,5.863225098362789,0.9615907072961236,0,350.8570898314185,0,0,350.8570898314185,7,6,231.0009880875473,5.446741630655289,0.9561063557109175,350.8570898314184
TRX_101042,ACC_019,2026-01-11 20:30:00,376.4182671307325,5.933354034335241,1.0445360126506074,0,376.4182671307325,0,0,376.4182671307325,20,6,237.65966040665126,5.475038522023591,1.0384348410701978,376.4182671307323
TRX_101109,ACC_019,2026-01-12 13:15:00,246.33913779992724,5.510760422417673,0.5447115722067131,0,246.33913779992724,0,0,246.33913779992724,13,0,244.9627449710766,5.505180081256677,0.5423273283974301,246.3391377999272
TRX_101295,ACC_019,2026-01-14 11:45:00,119.97040396616585,4.795545920357483,-0.3012115042626087,0,119.97040396616585,0,0,119.97040396616585,11,2,245.0315646125191,5.50545983913416,-0.297305069344032,119.97040396616582
TRX_101305,ACC_019,2026-01-14 14:15:00,344.80472310265907,5.845874231636709,0.9410688938848244,0,344.80472310265907,0,0,344.80472310265907,14,2,239.07627124840707,5.480956669723625,0.9357371520801935,344.804723102659
TRX_101326,ACC_019,2026-01-14 19:30:00,159.40365933390822,5.077693508974604,0.0324997886346783,0,159.40365933390822,0,0,159.40365933390822,19,2,243.88210996905488,5.5007769109388756,0.03392459066030059,159.40365933390825
TRX_101371,ACC_019,2026-01-15 06:45:00,100.15810186019672,4.616684657887059,-0.5127604437406776,0,100.15810186019672,0,0,100.15810186019672,6,3,240.2091338544833,5.48566433252113,-0.5072808321935235,100.15810186019671
TRX_101373,ACC_019,2026-01-15 07:15:00,86.52998111605397,4.471981376001766,-0.6839088824748142,0,86.52998111605397,0,0,86.52998111605397,7,3,234.37367418805468,5.461174354196948,-0.6771565312746116,86.52998111605396
TRX_101485,ACC_019,2026-01-16 11:15:00,20.557734208950265,3.070734648168963,-2.3412395706620366,0,20.557734208950265,0,0,20.557734208950265,11,4,228.45992646517465,5.435728401901908,-2.322162535107882,20.55773420895026
TRX_101516,ACC_019,2026-01-16 19:00:00,358.324799967646,5.88422671474792,0.9864304608136548,0,358.324799967646,0,0,358.324799967646,19,4,220.4636883014737,5.4002586406127815,0.9807613892303725,358.32479996764596
TRX_101527,ACC_019,2026-01-16 21:45:00,200.0381629483633,5.303494755451662,0.2995671992370515,0,200.0381629483633,0,0,200.0381629483633,21,4,225.56965540022085,5.423052427006426,0.29900596337635327,200.0381629483633
TRX_101753,ACC_019,2026-01-19 06:15:00,190.81127527495488,5.256511947347931,0.2439980777248443,0,190.81127527495488,0,0,190.81127527495488,6,0,224.65781638408308,5.419019765088471,0.24385007978180837,190.81127527495494
TRX_101805,ACC_019,2026-01-19 19:15:00,197.20646857810527,5.289309257983432,0.282789240142253,0,197.20646857810527,0,0,197.20646857810527,19,0,223.49069427687175,5.413834255440666,0.282352773014446,197.2064685781053
TRX_101886,ACC_019,2026-01-20 15:30:00,351.6746036035676,5.865545828989048,0.9643355615816096,0,351.6746036035676,0,0,351.6746036035676,15,1,222.61455342024618,5.4099238260155085,0.9588307979791114,351.6746036035677
TRX_100051,ACC_020,2026-01-01 12:45:00,190.14132122987803,5.253013056181403,0.2398597489139834,0,190.14132122987803,0,0,190.14132122987803,12,3,190.14132122987803,5.253013056181403,0.23974252551504438,190.14132122987797
TRX_100178,ACC_020,2026-01-02 20:30:00,276.06013175424164,5.624234564773696,0.678923609749328,0,276.06013175424164,0,0,276.06013175424164,20,4,190.14132122987803,5.253013056181403,0.6755413026018089,276.06013175424164
TRX_100249,ACC_020,2026-01-03 14:15:00,60.21911620950485,4.114459497109646,-1.106769446440368,0,60.21911620950485,0,0,60.21911620950485,14,5,233.10072649205983,5.4557514778327585,-1.0968725067680183,60.21911620950487
TRX_100255,ACC_020,2026-01-03 15:45:00,272.32090975208195,5.61064659843068,0.6628523832029763,0,272.32090975208195,0,0,272.32090975208195,15,5,175.4735230645415,5.173170854154811,0.6595895891953372,272.3209097520819
TRX_100293,ACC_020,2026-01-04 01:15:00,177.41971681486334,5.184138734301682,0.1583983438580091,0,177.41971681486334,0,0,177.41971681486334,1,6,199.68536973642662,5.301738356964004,0.15888690547922343,177.41971681486334
TRX_100303,ACC_020,2026-01-04 03:45:00,217.00572774134105,5.384521336486781,0.3954017418918516,0,217.00572774134105,0,0,217.00572774134105,3,6,195.23223915211398,5.279298851431318,0.3941278356529094,217.005727741341
TRX_100324,ACC_020,2026-01-04 09:00:00,365.7078644566164,5.9045655214156625,1.0104862732426976,0,365.7078644566164,0,0,365.7078644566164,9,6,198.86115391698513,5.29762289504344,1.004638311413082,365.70786445661633
TRX_100413,ACC_020,2026-01-05 07:15:00,135.0596568605653,4.91309344294229,-0.1621816584613017,0,135.0596568605653,0,0,135.0596568605653,7,0,222.69639827978958,5.4102897676949855,-0.15930911435129622,135.05965686056524
TRX_100528,ACC_020,2026-01-06 12:00:00,107.80230970303091,4.689532563084664,-0.4265992656583037,0,107.80230970303091,0,0,107.80230970303091,12,1,211.74180560238656,5.360079250154177,-0.421760388836573,107.80230970303089
TRX_100600,ACC_020,2026-01-07 06:00:00,265.12467027004385,5.583964884208814,0.6312944691575798,0,265.12467027004385,0,0,265.12467027004385,6,2,200.19297272468037,5.304264510799925,0.6282663545245826,265.1246702700439
TRX_100688,ACC_020,2026-01-08 04:00:00,195.7976934247857,5.2821762641469565,0.2743526605242412,0,195.7976934247857,0,0,195.7976934247857,4,3,206.68614247921673,5.336028009730968,0.27397893173921534,195.79769342478562
TRX_100715,ACC_020,2026-01-08 10:45:00,235.8767609182741,5.467540009764834,0.4935924403487209,0,235.8767609182741,0,0,235.8767609182741,10,3,205.69628347426848,5.331250486237098,0.49158834225754267,235.87676091827416
TRX_100752,ACC_020,2026-01-08 20:00:00,50.12867490944397,3.93434549264898,-1.3198000719795489,0,50.12867490944397,0,0,50.12867490944397,20,3,208.21132326126894,5.343344857213884,-1.308318937169675,50.12867490944398
TRX_100869,ACC_020,2026-01-10 01:15:00,87.48392188085013,4.482820861846514,-0.6710884332435381,0,87.48392188085013,0,0,87.48392188085013,1,5,196.05111954189778,5.283463185136661,-0.6644314208861973,87.48392188085012
TRX_100972,ACC_020,2026-01-11 03:00:00,118.99811095648568,4.787476000628853,-0.3107562370721913,0,118.99811095648568,0,0,118.99811095648568,3,6,188.2963197089658,5.243313616446603,-0.3067788230666048,118.99811095648572
TRX_101022,ACC_020,2026-01-11 15:30:00,588.1841415510812,6.378738769004056,1.5713167530833698,1,588.1841415510812,0,0,588.1841415510812,15,6,183.6764391254671,5.218605316130978,1.5612981941065593,588.184141551081
TRX_101043,ACC_020,2026-01-11 20:45:00,497.3199056776974,6.2112422516652845,1.3732095155525696,0,497.3199056776974,0,0,497.3199056776974,20,6,208.958170527068,5.3469083229105685,1.364664174436385,497.3199056776976
TRX_101045,ACC_020,2026-01-11 21:15:00,38.71095137531357,3.6816270029350813,-1.6187039695986032,0,38.71095137531357,0,0,38.71095137531357,21,6,225.92062553592856,5.424600289090952,-1.6050000459291625,38.71095137531357
TRX_101071,ACC_020,2026-01-12 03:45:00,48.74032526885024,3.906815977735667,-1.3523607259960664,0,48.74032526885024,0,0,48.74032526885024,3,0,215.52008808256107,5.377683328738971,-1.340637454969219,48.74032526885024
TRX_101190,ACC_020,2026-01-13 09:30:00,159.66891897339215,5.079345843790822,0.0344540948561916,0,159.66891897339215,0,0,159.66891897339215,9,1,206.74220582920785,5.336297915964183,0.03586436374881706,159.6689189733921
TRX_101281,ACC_020,2026-01-14 08:15:00,296.16851425555285,5.694299365964786,0.7617930594110047,0,296.16851425555285,0,0,296.16851425555285,8,2,204.38854148641707,5.324903509601522,0.7577944963666116,296.16851425555274
TRX_101284,ACC_020,2026-01-14 09:00:00,320.56798085140923,5.773208970318984,0.8551237386491933,0,320.56798085140923,0,0,320.56798085140923,9,2,208.75901638018544,5.345959330741358,0.8504311251232943,320.56798085140935
TRX_101381,ACC_020,2026-01-15 09:15:00,45.6190451563262,3.8420091519805797,-1.4290112822432348,0,45.6190451563262,0,0,45.6190451563262,9,3,213.84124203796836,5.369899346243636,-1.4167180019128518,45.61904515632621
TRX_101388,ACC_020,2026-01-15 11:00:00,30.680588855905967,3.4557041543967717,-1.8859152055700965,0,30.680588855905967,0,0,30.680588855905967,11,3,206.52723347789694,5.3352625767354045,-1.8702241744617778,30.680588855905963
TRX_101484,ACC_020,2026-01-16 11:00:00,355.7506725841476,5.877037141664622,0.9779269618443162,0,355.7506725841476,0,0,355.7506725841476,11,4,199.20028995198064,5.299318315191663,0.972321126247339,355.7506725841474
TRX_101627,ACC_020,2026-01-17 22:45:00,338.7739309127382,5.828280487379947,0.9202598160131876,0,338.7739309127382,0,0,338.7739309127382,22,5,205.46230525726733,5.330117854611394,0.9150828202217047,338.77393091273814
TRX_101665,ACC_020,2026-01-18 08:15:00,52.61555897145991,3.9818393052721484,-1.263626557639837,0,52.61555897145991,0,0,52.61555897145991,8,6,210.58967547478545,5.3546489061415015,-1.252563155294717,52.61555897145991
TRX_101684,ACC_020,2026-01-18 13:00:00,223.57893884465727,5.4142272660671384,0.4305365598627018,0,223.57893884465727,0,0,223.57893884465727,13,6,204.73878227095858,5.326607316909041,0.4290013747224451,223.57893884465727
TRX_101819,ACC_020,2026-01-19 22:45:00,516.2481050807318,6.248522653169414,1.4173030732776208,0,516.2481050807318,0,0,516.2481050807318,22,0,205.41164500573353,5.329872451617304,1.4084298318909125,516.2481050807316
TRX_101871,ACC_020,2026-01-20 11:45:00,46.07466838515644,3.8517350301244893,-1.4175079573845202,0,46.07466838515644,0,0,46.07466838515644,11,1,216.13014362900932,5.380496913994014,-1.4053002211455585,46.07466838515645
TRX_101884,ACC_020,2026-01-20 15:00:00,211.44556977028648,5.358685813296965,0.3648446639858946,0,211.44556977028648,0,0,211.44556977028648,15,1,210.46162778754757,5.354043553125634,0.36379799443704347,211.44556977028645
TRX_101919,ACC_020,2026-01-20 23:45:00,135.21724876113225,4.914251028583312,-0.1608125189878859,0,135.21724876113225,0,0,135.21724876113225,23,1,210.4933678515069,5.35419364031858,-0.1579501564378833,135.2172487611322
TRX_101928,ACC_020,2026-01-21 02:00:00,400.081263579765,5.994164059093977,1.1164593350607508,0,400.081263579765,0,0,400.081263579765,2,2,208.14098912993268,5.343008613670269,1.109823308093478,400.0812635797648
TRX_101969,ACC_020,2026-01-21 12:15:00,212.8975642744131,5.36549722880713,0.372900895433764,0,212.8975642744131,0,0,212.8975642744131,12,2,213.9573610829579,5.3704396879151615,0.3717943159886048,212.8975642744131
TRX_100005,ACC_021,2026-01-01 01:15:00,,,0.1102524442842665,0,,1,1,182.31300463267885,1,3,,,-0.06739303795574232,146.14069934065918
TRX_100023,ACC_021,2026-01-01 05:45:00,215.6593921919105,5.378326499159062,0.3880747709825705,0,215.6593921919105,0,0,215.6593921919105,5,3,215.6593921919105,5.378326499159062,0.386855351518278,215.65939219191043
TRX_100040,ACC_021,2026-01-01 10:00:00,168.8560356527511,5.134951229169529,0.1002216073050083,0,168.8560356527511,0,0,168.8560356527511,10,3,215.6593921919105,5.378326499159062,0.10114279828611397,168.85603565275116
TRX_100084,ACC_021,2026-01-01 21:00:00,366.7210404020494,5.907324608323786,1.0137495953353608,0,366.7210404020494,0,0,366.7210404020494,21,3,192.25771392233082,5.264024603474659,1.0078773659199072,366.7210404020493
TRX_100322,ACC_021,2026-01-04 08:30:00,147.94240608193095,5.003559694858144,-0.0551823038385016,0,147.94240608193095,0,0,147.94240608193095,8,6,250.41215608223703,5.527093648536225,-0.053105456858345904,147.94240608193098
TRX_100343,ACC_021,2026-01-04 13:45:00,434.48727511589817,6.076465576843626,1.2138018146837637,0,434.48727511589817,0,0,434.48727511589817,13,6,224.7947185821605,5.419626261637589,1.206441903615306,434.4872751158983
TRX_100372,ACC_021,2026-01-04 21:00:00,11111.896356376605,9.315861546801528,5.04521154828911,1,732.128172029599,1,0,11111.896356376605,21,6,266.73322988890806,5.58999107389817,5.009359486599226,11111.896356376606
TRX_100501,ACC_021,2026-01-06 05:15:00,280.9553910009435,5.6417488704851655,0.6996387313345218,0,280.9553910009435,0,0,280.9553910009435,5,1,2074.2604176368573,7.637841927265615,0.6961023768766433,280.9553910009436
TRX_100571,ACC_021,2026-01-06 22:45:00,648.5333398951338,6.476254166425462,1.6866535153445212,1,648.5333398951338,0,0,648.5333398951338,22,1,1818.0739852602983,7.506082851281023,1.6757772583841961,648.5333398951338
TRX_100624,ACC_021,2026-01-07 12:00:00,243.19265183791583,5.497957470470043,0.5295688248655573,0,243.19265183791583,0,0,243.19265183791583,12,2,1671.8814045896527,7.422302810601867,0.5272971895915304,243.1926518379158
TRX_100707,ACC_021,2026-01-08 08:45:00,103.31566327090464,4.6474215259080225,-0.4764062788259163,0,103.31566327090464,0,0,103.31566327090464,8,3,1513.1382098394597,7.322601717703736,-0.47119701381293266,103.31566327090465
TRX_100709,ACC_021,2026-01-08 09:15:00,44.62497609236329,3.820455287899522,-1.454504209135418,0,44.62497609236329,0,0,44.62497609236329,9,3,1372.1559551826042,7.224866986486122,-1.4420213515049565,44.62497609236329
TRX_100778,ACC_021,2026-01-09 02:30:00,67.53706445056218,4.227374685802984,-0.9732185137838818,0,67.53706445056218,0,0,67.53706445056218,2,4,1251.471320719855,7.132873935068007,-0.9643147211653449,67.53706445056217
TRX_100790,ACC_021,2026-01-09 05:30:00,37.16390002169149,3.641890043184132,-1.6657030323206727,0,37.16390002169149,0,0,37.16390002169149,5,4,1152.810132697414,7.050824903806601,-1.651649601689761,37.16390002169149
TRX_100807,ACC_021,2026-01-09 09:45:00,120.54698976445648,4.80030093504581,-0.2955874898694171,0,120.54698976445648,0,0,120.54698976445648,9,4,1066.9911917223585,6.973534772035155,-0.2917228777461897,120.54698976445646
TRX_100840,ACC_021,2026-01-09 18:00:00,77.94560586498149,4.368759081964404,-0.8059955016370162,0,77.94560586498149,0,0,77.94560586498149,18,4,999.3880344396512,6.908143238155895,-0.7983352573677116,77.94560586498147
TRX_100899,ACC_021,2026-01-10 08:45:00,14.25965425741104,2.7252123688113747,-2.7499075558621824,0,14.25965425741104,0,0,14.25965425741104,8,5,937.9585392013398,6.844771324028262,-2.7277914744742326,14.259654257411041
TRX_100905,ACC_021,2026-01-10 10:15:00,399.05051055373536,5.991590815520129,1.1134158199834916,0,399.05051055373536,0,0,399.05051055373536,10,5,880.2273588923442,6.781315661759376,1.1068024260145222,399.0505105537355
TRX_101002,ACC_021,2026-01-11 10:30:00,195.7699736126066,5.2820353998710186,0.2741860526865595,0,195.7699736126066,0,0,195.7699736126066,10,6,851.9228384018379,6.7486690843165835,0.27381356287515957,195.76997361260655
TRX_101106,ACC_021,2026-01-12 12:30:00,86.64082607403985,4.4732469404477895,-0.6824120305981164,0,86.64082607403985,0,0,86.64082607403985,12,0,815.4699014691028,6.704990048864078,-0.6756708106869417,86.64082607403986
TRX_101235,ACC_021,2026-01-13 20:45:00,122.75089360477818,4.818270622471441,-0.2743337635726275,0,122.75089360477818,0,0,122.75089360477818,20,1,777.11047644831,6.656868514673498,-0.27062720407572294,122.75089360477818
TRX_101243,ACC_021,2026-01-13 22:45:00,253.9929948187096,5.5412360734819055,0.5807567816248675,0,253.9929948187096,0,0,253.9929948187096,22,1,744.3924973061334,6.6139109216686816,0.5781044888186551,253.99299481870972
TRX_101277,ACC_021,2026-01-14 07:15:00,211.5278086742768,5.359072844152017,0.3653024264203123,0,211.5278086742768,0,0,211.5278086742768,7,2,721.0401400448276,6.582080732977402,0.36425235273639417,211.5278086742767
TRX_101360,ACC_021,2026-01-15 04:00:00,322.39109330195805,5.778862405953479,0.8618103643408953,0,322.39109330195805,0,0,322.39109330195805,4,3,697.8804886188934,6.54947975282181,0.8570680259461874,322.3910933019579
TRX_101370,ACC_021,2026-01-15 06:30:00,144.63586157899653,4.981109407488762,-0.0817354792906535,0,144.63586157899653,0,0,144.63586157899653,6,3,681.5548627355483,6.525842908788928,-0.07946117050738555,144.6358615789965
TRX_101430,ACC_021,2026-01-15 21:30:00,157.17596490696027,5.063708115263814,0.0159585031330727,0,157.17596490696027,0,0,157.17596490696027,21,3,659.1832376873587,6.492517429347235,0.01750631387630879,157.17596490696025
TRX_101444,ACC_021,2026-01-16 01:00:00,91.58982304604451,4.5281792333018975,-0.6174406212729315,0,91.58982304604451,0,0,91.58982304604451,1,4,639.1029467761427,6.461629017755769,-0.6111825590789655,91.58982304604449
TRX_101458,ACC_021,2026-01-16 04:30:00,158.8457896269842,5.074209535634306,0.0283791039479556,0,158.8457896269842,0,0,158.8457896269842,4,4,618.0447497096005,6.428177563625018,0.02983454930773439,158.84578962698427
TRX_101467,ACC_021,2026-01-16 06:45:00,54.64146891565298,4.018928767059975,-1.2197588346982935,0,54.64146891565298,0,0,54.64146891565298,6,4,601.0373808176518,6.400319537762526,-1.2090216532108669,54.641468915652965
TRX_101530,ACC_021,2026-01-16 22:30:00,386.7027448010846,5.960238924355419,1.0763342337589568,0,386.7027448010846,0,0,386.7027448010846,22,4,581.5232411068662,6.367369083539823,1.0699965957684523,386.70274480108446
TRX_101554,ACC_021,2026-01-17 04:30:00,293.03311556781915,5.68369239898128,0.7492476228785382,0,293.03311556781915,0,0,293.03311556781915,4,5,574.805292958391,6.355769570491489,0.7453423535542499,293.03311556781927
TRX_101880,ACC_021,2026-01-20 14:00:00,214.6852526334054,5.373820181254383,0.3827449037965807,0,214.6852526334054,0,0,214.6852526334054,14,1,565.4128870453718,6.339323294672532,0.38156511971174756,214.68525263340536
TRX_101941,ACC_021,2026-01-21 05:15:00,260.4200105141192,5.566128349576666,0.6101982299089121,0,260.4200105141192,0,0,260.4200105141192,5,2,554.0990923869213,6.319146642650501,0.607326996755061,260.42001051411927
TRX_100016,ACC_022,2026-01-01 04:00:00,45.00314227475533,3.828709704476819,-1.4447412618721662,0,45.00314227475533,0,0,45.00314227475533,4,3,45.00314227475533,3.828709704476819,-1.4323310060732168,45.00314227475532
TRX_100026,ACC_022,2026-01-01 06:30:00,256.7087931905297,5.551830238886543,0.5932870770340098,0,256.7087931905297,0,0,256.7087931905297,6,3,45.00314227475533,3.828709704476819,0.5905416031041496,256.70879319052966
TRX_100130,ACC_022,2026-01-02 08:30:00,45.95542637025898,3.8491987766169897,-1.4205077222992275,0,45.95542637025898,0,0,45.95542637025898,8,4,150.8559677326425,5.022932490901564,-1.4082776784085864,45.95542637025898
TRX_100168,ACC_022,2026-01-02 18:00:00,421.1074834746507,6.045259981782325,1.176893260814578,0,421.1074834746507,0,0,421.1074834746507,18,4,115.889120611848,4.761225798380224,1.1698078189752492,421.10748347465056
TRX_100239,ACC_022,2026-01-03 11:45:00,140.8449810286928,4.954734778384924,-0.1129301870713109,0,140.8449810286928,0,0,140.8449810286928,11,5,192.19371132754867,5.263693371184205,-0.11042389988466773,140.84498102869284
TRX_100332,ACC_022,2026-01-04 11:00:00,334.4407769159366,5.81544541896982,0.9050790827857238,0,334.4407769159366,0,0,334.4407769159366,11,6,181.9239652677775,5.20907057616138,0.9000149780102726,334.4407769159368
TRX_100333,ACC_022,2026-01-04 11:15:00,11.506643459631892,2.5262599798950496,-2.985219362905009,0,11.506643459631892,0,0,11.506643459631892,11,6,207.34343387580404,5.339187842496908,-2.9613533931168554,11.50664345963189
TRX_100388,ACC_022,2026-01-05 01:00:00,128.93801613861896,4.867057537817126,-0.2166308263394039,0,128.93801613861896,0,0,128.93801613861896,1,0,179.36674953063655,5.194992275400008,-0.21335337280956082,128.93801613861893
TRX_100427,ACC_022,2026-01-05 10:45:00,108.34699943564728,4.694526306743067,-0.4206928935329531,0,108.34699943564728,0,0,108.34699943564728,10,0,173.06315785663438,5.159418209542163,-0.415897939250423,108.34699943564725
TRX_100429,ACC_022,2026-01-05 11:15:00,121.36664099506936,4.807021792042252,-0.2876383668992254,0,121.36664099506936,0,0,121.36664099506936,11,0,165.8724735876358,5.1172298894901616,-0.28383286816368625,121.36664099506939
TRX_100430,ACC_022,2026-01-05 11:30:00,76.54669565605401,4.350880279508483,-0.8271417333388827,0,76.54669565605401,0,0,76.54669565605401,11,0,161.42189032837916,5.090197211306296,-0.8193242358232232,76.54669565605401
TRX_100479,ACC_022,2026-01-05 23:45:00,149.13815874783958,5.011555928501252,-0.0457247235684404,0,149.13815874783958,0,0,149.13815874783958,23,0,153.70596353998596,5.0415263058986355,-0.04371820756834292,149.13815874783955
TRX_100486,ACC_022,2026-01-06 01:30:00,133.91229171765198,4.904624876317433,-0.1721978926287425,0,133.91229171765198,0,0,133.91229171765198,1,1,153.32531314064042,5.039062797376494,-0.16925086312761448,133.91229171765195
TRX_100603,ACC_022,2026-01-07 06:45:00,126.5226150901778,4.848293722126001,-0.2388238113110707,0,126.5226150901778,0,0,126.5226150901778,6,2,151.83200380041055,5.0293393037566165,-0.2353813203891143,126.52261509017775
TRX_100666,ACC_022,2026-01-07 22:30:00,390.1897460744348,5.969192726350967,1.0869243821806578,0,390.1897460744348,0,0,390.1897460744348,22,2,150.0241903211082,5.017440024786187,1.080507990904833,390.18974607443494
TRX_100781,ACC_022,2026-01-09 03:15:00,44.318367230070166,3.813712407930703,-1.4624793798723872,0,44.318367230070166,0,0,44.318367230070166,3,4,166.03522737133,5.11820473251484,-1.4499372151508891,44.318367230070166
TRX_100904,ACC_022,2026-01-10 10:00:00,147.26717956456747,4.9990159135556755,-0.060556481021872,0,147.26717956456747,0,0,147.26717956456747,10,5,158.42792361250125,5.07159193051524,-0.058439669152440275,147.2671795645675
TRX_100922,ACC_022,2026-01-10 14:30:00,143.22602227200022,4.97138166815389,-0.0932410054811086,0,143.22602227200022,0,0,143.22602227200022,14,5,157.77140925674044,5.067465490139594,-0.09088113623628986,143.22602227200025
TRX_100936,ACC_022,2026-01-10 18:00:00,361.5954627904836,5.893287785254277,0.9971474815350791,0,361.5954627904836,0,0,361.5954627904836,18,5,156.96333220203263,5.062362931422793,0.9913987131848525,361.5954627904838
TRX_100966,ACC_022,2026-01-11 01:30:00,128.14985906856649,4.860973428318386,-0.2238268334252857,0,128.14985906856649,0,0,128.14985906856649,1,6,167.7334443382669,5.128320217314687,-0.22049586702889504,128.14985906856654
TRX_100983,ACC_022,2026-01-11 05:45:00,87.45371038529551,4.482479368683514,-0.6714923357737674,0,87.45371038529551,0,0,87.45371038529551,5,6,165.7542650747819,5.116521262128492,-0.6648323198087398,87.4537103852955
TRX_101001,ACC_022,2026-01-11 10:15:00,139.8762316750894,4.94788171535696,-0.1210356773027791,0,139.8762316750894,0,0,139.8762316750894,10,6,162.0256672324254,5.093907656093619,-0.11846911390852756,139.8762316750894
TRX_101097,ACC_022,2026-01-12 10:15:00,111.23224015208108,4.720570297196785,-0.3898892500600017,0,111.23224015208108,0,0,111.23224015208108,10,0,161.01887470709195,5.087712838983164,-0.3853233660441732,111.2322401520811
TRX_101159,ACC_022,2026-01-13 01:45:00,341.27829363092764,5.835624130235709,0.928945541678905,0,341.27829363092764,0,0,341.27829363092764,1,1,158.85423842209147,5.074262390150214,0.9237039547783706,341.2782936309277
TRX_101229,ACC_022,2026-01-13 19:15:00,274.691383993811,5.619282066158794,0.6730660203793419,0,274.691383993811,0,0,274.691383993811,19,1,166.45524072245965,5.120716095988206,0.6697272729996921,274.69138399381103
TRX_101273,ACC_022,2026-01-14 06:15:00,171.69866400948973,5.151548249219351,0.1198518052670556,0,171.69866400948973,0,0,171.69866400948973,6,2,170.7846864533137,5.14624186968275,0.12062701693611921,171.6986640094898
TRX_101285,ACC_022,2026-01-14 09:15:00,166.51866066681657,5.121094752025895,0.0838327984363328,0,166.51866066681657,0,0,166.51866066681657,9,2,170.8198394362435,5.146446482721309,0.08487586424765997,166.51866066681657
TRX_101397,ACC_022,2026-01-15 13:15:00,94.1326595798566,4.555272334147619,-0.5853961379011754,0,94.1326595798566,0,0,94.1326595798566,13,3,170.66053651885736,5.145518901759134,-0.5793763734384089,94.13265957985658
TRX_101417,ACC_022,2026-01-15 18:15:00,78.10134139334578,4.370729832826353,-0.8036645874465292,0,78.10134139334578,0,0,78.10134139334578,18,3,167.9273980567502,5.129469025322382,-0.7960216769428144,78.10134139334576
TRX_101443,ACC_022,2026-01-16 00:45:00,86.63642680932199,4.473196742665174,-0.6824714022447753,0,86.63642680932199,0,0,86.63642680932199,0,4,164.82994782697762,5.110962852608444,-0.6757297408183316,86.63642680932199
TRX_101479,ACC_022,2026-01-16 09:45:00,351.1047688626392,5.863928770126768,0.9624229781487074,0,351.1047688626392,0,0,351.1047688626392,9,4,162.2234971263891,5.095120409656372,0.9569324374090807,351.10476886263916
TRX_101555,ACC_022,2026-01-17 04:45:00,327.3537359482887,5.794091490517399,0.8798226306316571,0,327.3537359482887,0,0,327.3537359482887,4,5,168.31644137594557,5.131769398280581,0.8749463446197866,327.3537359482886
TRX_101594,ACC_022,2026-01-17 14:30:00,164.7210038080352,5.110305674444266,0.0710719697984513,0,164.7210038080352,0,0,164.7210038080352,14,5,173.2863568313313,5.1606996754023395,0.07220993108608727,164.7210038080351
TRX_101817,ACC_022,2026-01-19 22:15:00,184.0903489106922,5.220844078353521,0.2018117498694319,0,184.0903489106922,0,0,184.0903489106922,22,0,173.02680067911018,5.159209314245043,0.20197746914564263,184.09034891069211
TRX_101827,ACC_022,2026-01-20 00:45:00,314.52159063612385,5.754227112717879,0.8326728636560602,0,314.52159063612385,0,0,314.52159063612385,0,1,173.35219915650964,5.161077386500727,0.8281472053128127,314.5215906361239
TRX_101831,ACC_022,2026-01-20 01:45:00,98.9864577258275,4.605034754075879,-0.5265394183617707,0,98.9864577258275,0,0,98.9864577258275,1,1,177.3856103416415,5.183947557372808,-0.5209573399296813,98.9864577258275
TRX_101872,ACC_022,2026-01-20 12:00:00,730.13511447691,6.594598277795603,1.8266255300112944,1,730.13511447691,0,0,730.13511447691,12,1,175.20785610231331,5.171664298786877,1.8147083758350724,730.1351144769098
TRX_101933,ACC_022,2026-01-21 03:15:00,115.25887411663744,4.755819378041188,-0.348198245718336,0,115.25887411663744,0,0,115.25887411663744,3,2,190.20589011243754,5.253350806170198,-0.34394239546497424,115.25887411663747
TRX_101958,ACC_022,2026-01-21 09:30:00,126.72431624764178,4.8498741618859675,-0.2369545392813866,0,126.72431624764178,0,0,126.72431624764178,9,2,188.23360021781124,5.242982231853593,-0.23352594913849725,126.72431624764172
TRX_101967,ACC_022,2026-01-21 11:45:00,319.79138006592154,5.770791005512653,0.8522638802124944,0,319.79138006592154,0,0,319.79138006592154,11,2,186.656439090371,5.234612839356126,0.8475925339284203,319.79138006592143
TRX_101985,ACC_022,2026-01-21 16:15:00,91.24759675785026,4.524476231175876,-0.6218203632127185,0,91.24759675785026,0,0,91.24759675785026,16,2,189.98481261475976,5.252193909779167,-0.6155297312139787,91.24759675785027
TRX_100008,ACC_023,2026-01-01 02:00:00,265.5020841214377,5.585382063918426,0.6329706446495645,0,265.5020841214377,0,0,265.5020841214377,2,3,265.5020841214377,5.585382063918426,0.6299300651934587,265.50208412143763
TRX_100082,ACC_023,2026-01-01 20:30:00,121.06892910724387,4.804585877867311,-0.2905194550300532,0,121.06892910724387,0,0,121.06892910724387,20,3,265.5020841214377,5.585382063918426,-0.28669253117877735,121.06892910724387
TRX_100124,ACC_023,2026-01-02 07:00:00,59.36988990155879,4.100490469078973,-1.123291375362328,0,59.36988990155879,0,0,59.36988990155879,7,4,193.2855066143408,5.269328760777438,-1.1132715709169227,59.36988990155881
TRX_100158,ACC_023,2026-01-02 15:30:00,120.5513581997989,4.800336874700517,-0.2955449820858224,0,120.5513581997989,0,0,120.5513581997989,15,4,148.64696771008013,5.008278971548015,-0.29168068607030917,120.55135819979887
TRX_100219,ACC_023,2026-01-03 06:45:00,234.20122161202147,5.460441409939646,0.4851965403977967,0,234.20122161202147,0,0,234.20122161202147,6,5,141.6230653325098,4.960205243375145,0.48325487813641393,234.20122161202147
TRX_100269,ACC_023,2026-01-03 19:15:00,54.47433777730121,4.015920531429718,-1.2233168385303768,0,54.47433777730121,0,0,54.47433777730121,19,5,160.13869658841213,5.0822654636258315,-1.2125531980661912,54.47433777730121
TRX_100374,ACC_023,2026-01-04 21:30:00,109.88587488689004,4.708501518227104,-0.4041636511045174,0,109.88587488689004,0,0,109.88587488689004,21,6,142.52797011989364,4.966529929933945,-0.39949161598168936,109.88587488689001
TRX_100389,ACC_023,2026-01-05 01:15:00,93.78911645479712,4.551654597341195,-0.5896750319117572,0,93.78911645479712,0,0,93.78911645479712,1,0,137.86481365803598,4.933500896272585,-0.5836234475964769,93.7891164547971
TRX_100420,ACC_023,2026-01-05 09:00:00,181.91869167061915,5.209041746296634,0.1878524900749017,0,181.91869167061915,0,0,181.91869167061915,9,0,132.35535150763113,4.893017381113607,0.1881220169207234,181.91869167061907
TRX_100426,ACC_023,2026-01-05 10:30:00,170.27119877859812,5.143248257969336,0.1100349543605706,0,170.27119877859812,0,0,170.27119877859812,10,0,137.86238930351868,4.933483437741396,0.1108831687137905,170.27119877859815
TRX_100463,ACC_023,2026-01-05 19:45:00,94.24844574734136,4.5564886962604625,-0.5839574802989692,0,94.24844574734136,0,0,94.24844574734136,19,0,141.10327025102663,4.956554048568198,-0.5779484143654503,94.24844574734135
TRX_100507,ACC_023,2026-01-06 06:45:00,187.65451327476944,5.2399173701886514,0.2243707691022568,0,187.65451327476944,0,0,187.65451327476944,6,1,136.8437407506916,4.926120730205263,0.22436872898478646,187.6545132747694
TRX_100553,ACC_023,2026-01-06 18:15:00,91.98016658025944,4.532386207831703,-0.6124648037711464,0,91.98016658025944,0,0,91.98016658025944,18,1,141.07797179436477,4.956376004046001,-0.6062437440779794,91.9801665802594
TRX_100587,ACC_023,2026-01-07 02:45:00,118.68196031394706,4.78483789372059,-0.3138764695415615,0,118.68196031394706,0,0,118.68196031394706,2,2,137.30121754712587,4.929434042298814,-0.30987585203134554,118.68196031394702
TRX_100593,ACC_023,2026-01-07 04:15:00,70.18490453656506,4.265280781003702,-0.9283849141060724,0,70.18490453656506,0,0,70.18490453656506,4,2,135.97127060189882,4.919771200201468,-0.9198145250553441,70.18490453656506
TRX_100626,ACC_023,2026-01-07 12:30:00,72.80267806036304,4.30139501902883,-0.8856706413297764,0,72.80267806036304,0,0,72.80267806036304,12,2,131.5855128642099,4.88722781736534,-0.8774178955430803,72.80267806036304
TRX_100636,ACC_023,2026-01-07 15:00:00,298.97518754317457,5.703699763046272,0.7729114201213905,0,298.97518754317457,0,0,298.97518754317457,15,2,127.91158568896948,4.859126787123829,0.7688301757586185,298.9751875431745
TRX_100726,ACC_023,2026-01-08 13:30:00,115.18474986248457,4.75518159537891,-0.3489525859480701,0,115.18474986248457,0,0,115.18474986248457,13,3,137.97415050392271,4.934287948238896,-0.34469112606876395,115.18474986248457
TRX_100800,ACC_023,2026-01-09 08:00:00,87.14320130883031,4.478962779480721,-0.6756515970143271,0,87.14320130883031,0,0,87.14320130883031,8,4,136.7080726905095,4.925136029219629,-0.6689606508418877,87.14320130883033
TRX_100837,ACC_023,2026-01-09 17:15:00,76.80695441274864,4.354230815528118,-0.8231788722260464,0,76.80695441274864,0,0,76.80695441274864,17,4,134.09939524936848,4.906010768637619,-0.815390844394803,76.80695441274867
TRX_100881,ACC_023,2026-01-10 04:15:00,102.53101902603493,4.639871268538767,-0.4853363787099907,0,102.53101902603493,0,0,102.53101902603493,4,5,131.2347732075375,4.884578927682764,-0.4800607053072362,102.53101902603493
TRX_100940,ACC_023,2026-01-10 19:00:00,194.1363399948579,5.27369849371247,0.2643255405107559,0,194.1363399948579,0,0,194.1363399948579,19,5,129.8679277703231,4.874188629681486,0.26402637806908447,194.13633999485793
TRX_100950,ACC_023,2026-01-10 21:30:00,371.0486711661258,5.919024682182883,1.0275879087997777,0,371.0486711661258,0,0,371.0486711661258,21,5,132.78921923507465,4.8962655707190015,1.0216127712280605,371.0486711661259
TRX_101064,ACC_023,2026-01-12 02:00:00,121.87767230757794,4.8111893264105206,-0.2827091974207789,0,121.87767230757794,0,0,121.87767230757794,2,0,143.14832584077254,4.970842810009147,-0.27894035428956904,121.87767230757795
TRX_101126,ACC_023,2026-01-12 17:30:00,37.49138084345957,3.6504343420343144,-1.6555972255329188,0,37.49138084345957,0,0,37.49138084345957,17,0,142.26204861022276,4.964675461029774,-1.6416189463969317,37.49138084345956
TRX_101197,ACC_023,2026-01-13 11:15:00,612.4907856020461,6.419165244644606,1.6191313437357673,1,612.4907856020461,0,0,612.4907856020461,11,1,138.07122189955223,4.934986189671466,1.608757213151248,612.4907856020463
TRX_101231,ACC_023,2026-01-13 19:45:00,110.35979165084032,4.712766325632853,-0.3991194315160881,0,110.35979165084032,0,0,110.35979165084032,19,1,156.318128195802,5.0582700494239345,-0.3944849075638928,110.3597916508403
TRX_101239,ACC_023,2026-01-13 21:45:00,137.4265591865366,4.930339926409631,-0.1417833048052365,0,137.4265591865366,0,0,137.4265591865366,21,1,154.61596758302565,5.047391225907464,-0.13906245237145662,137.42655918653662
TRX_101294,ACC_023,2026-01-14 11:30:00,86.02960398532896,4.466248336467376,-0.690689660026838,0,86.02960398532896,0,0,86.02960398532896,11,2,154.0020601402939,5.043438408058622,-0.6838868838006591,86.02960398532895
TRX_101330,ACC_023,2026-01-14 20:30:00,164.74576435636976,5.11045507432841,0.0712486731640223,0,164.74576435636976,0,0,164.74576435636976,20,2,151.6581823418468,5.028201319721731,0.07238532040297718,164.74576435636973
TRX_101340,ACC_023,2026-01-14 23:00:00,80.92256867578816,4.405774516705229,-0.7622153345086756,0,80.92256867578816,0,0,80.92256867578816,23,2,152.09443507566428,5.031054953705598,-0.7548806599911809,80.92256867578817
TRX_101369,ACC_023,2026-01-15 06:15:00,677.1395570076213,6.519353103053438,1.7376289709034831,1,677.1395570076213,0,0,677.1395570076213,6,3,149.79856841760375,5.01594496227683,1.7263736366690565,677.1395570076211
TRX_101386,ACC_023,2026-01-15 10:30:00,252.09422729224457,5.533761859279295,0.5719166221283112,0,252.09422729224457,0,0,252.09422729224457,10,3,166.2779743110418,5.119656945476527,0.5693300688731783,252.09422729224463
TRX_101404,ACC_023,2026-01-15 15:00:00,39.46316358886779,3.700392019213472,-1.5965095646271037,0,39.46316358886779,0,0,39.46316358886779,15,3,168.8784668256237,5.135083280360924,-1.5829706889095576,39.463163588867786
TRX_101425,ACC_023,2026-01-15 20:15:00,184.8718561685954,5.225057490951177,0.2067951820240895,0,184.8718561685954,0,0,184.8718561685954,20,3,165.0721343774838,5.1124222384121225,0.2069238421733902,184.8718561685954
TRX_101441,ACC_023,2026-01-16 00:15:00,181.31860374832624,5.205755726660661,0.1839659359966583,0,181.31860374832624,0,0,181.31860374832624,0,4,165.63784071437271,5.115822839081754,0.18426436507218003,181.3186037483262
TRX_101532,ACC_023,2026-01-16 23:00:00,83.87333389846998,4.441159955623979,-0.7203630520589452,0,83.87333389846998,0,0,83.87333389846998,23,4,166.07341746531586,5.118433341350573,-0.7133396106431857,83.87333389847001
TRX_101552,ACC_023,2026-01-17 04:00:00,278.2467741434669,5.632095886023919,0.6882216217973871,0,278.2467741434669,0,0,278.2467741434669,4,5,163.85179358513085,5.10504684956247,0.6847701702935677,278.24677414346695
TRX_101564,ACC_023,2026-01-17 07:00:00,250.8876804196388,5.528983275531547,0.5662647313271358,0,250.8876804196388,0,0,250.8876804196388,7,5,166.8621878103502,5.123143332111686,0.56372020816933,250.88768041963874
TRX_101587,ACC_023,2026-01-17 12:45:00,123.36744263709868,4.823240430915834,-0.2684557009261986,0,123.36744263709868,0,0,123.36744263709868,12,5,169.0166876208448,5.135896594708199,-0.2647928534460003,123.3674426370987
TRX_101680,ACC_023,2026-01-18 12:00:00,40.07629743455845,3.71543125038877,-1.578721848261041,0,40.07629743455845,0,0,40.07629743455845,12,6,167.87545649625113,5.129161499437338,-1.5653152503026364,40.07629743455845
TRX_101773,ACC_023,2026-01-19 11:15:00,120.95460739128814,4.803648904934619,-0.2916276638590244,0,120.95460739128814,0,0,120.95460739128814,11,0,164.75840383620985,5.110531329658261,-0.28779249884977526,120.95460739128818
TRX_101851,ACC_023,2026-01-20 06:45:00,217.42514650972456,5.386443376939225,0.3976750436327225,0,217.42514650972456,0,0,217.42514650972456,6,1,163.71545630180694,5.104219477964424,0.39638423206124934,217.4251465097245
TRX_100011,ACC_024,2026-01-01 02:45:00,343.2031589352048,5.841232061350679,0.9355783467013687,0,343.2031589352048,0,0,343.2031589352048,2,3,343.2031589352048,5.841232061350679,0.9302874351676361,343.20315893520484
TRX_100014,ACC_024,2026-01-01 03:30:00,240.89572698145923,5.488506753059217,0.5183909475658388,0,240.89572698145923,0,0,240.89572698145923,3,3,343.2031589352048,5.841232061350679,0.5162024362033208,240.89572698145923
TRX_100018,ACC_024,2026-01-01 04:30:00,126.8765900034026,4.851065658238692,-0.2355452917655766,0,126.8765900034026,0,0,126.8765900034026,4,3,292.049442958332,5.680341342078905,-0.23212718144481,126.87659000340255
TRX_100089,ACC_024,2026-01-01 22:15:00,231.9490578826549,5.450819793964672,0.4738165320748227,0,231.9490578826549,0,0,231.9490578826549,22,3,236.99182530668887,5.472236325630701,0.47195949686555805,231.9490578826548
TRX_100101,ACC_024,2026-01-02 01:15:00,113.37314855270668,4.7394663359473475,-0.3675398776872164,0,113.37314855270668,0,0,113.37314855270668,1,4,235.73113345068037,5.4669250391365365,-0.36314019403319064,113.37314855270668
TRX_100105,ACC_024,2026-01-02 02:15:00,201.6920040140413,5.311687605289857,0.3092573281706988,0,201.6920040140413,0,0,201.6920040140413,2,4,211.25953647108562,5.357809754552368,0.3086240319895663,201.6920040140413
TRX_100125,ACC_024,2026-01-02 07:15:00,,,0.1102524442842665,0,,1,1,178.41099864891606,7,4,209.6649477282449,5.350268945927634,-0.16842502665821363,134.0072308952399
TRX_100199,ACC_024,2026-01-03 01:45:00,238.37049743250867,5.47801255007658,0.5059788831479695,0,238.37049743250867,0,0,238.37049743250867,1,5,209.6649477282449,5.350268945927634,0.5038826736882773,238.3704974325087
TRX_100203,ACC_024,2026-01-03 02:45:00,20.592344067537432,3.072338810543237,-2.3393422406066566,0,20.592344067537432,0,0,20.592344067537432,2,5,213.76574054313974,5.36954785523596,-2.3202793144841407,20.59234406753743
TRX_100235,ACC_024,2026-01-03 10:45:00,83.417531582438,4.435775100202131,-0.7267320133309428,0,83.417531582438,0,0,83.417531582438,10,5,189.61906598368944,5.250277017611259,-0.7196612093472303,83.41753158243804
TRX_100294,ACC_024,2026-01-04 01:30:00,398.6443730348391,5.990575084240239,1.112214459375345,0,398.6443730348391,0,0,398.6443730348391,1,6,177.81889549466152,5.186373536656073,1.105609999284446,398.64437303483913
TRX_100296,ACC_024,2026-01-04 02:00:00,289.47054093443194,5.671502163006721,0.7348295680309623,0,289.47054093443194,0,0,289.47054093443194,2,6,199.90144324867927,5.30281445571086,0.731031518090386,289.470540934432
TRX_100365,ACC_024,2026-01-04 19:15:00,178.51205877351828,5.190242385468631,0.1656174639373259,0,178.51205877351828,0,0,178.51205877351828,19,6,208.04408849283863,5.342545179444547,0.1660523408129882,178.5120587735182
TRX_100384,ACC_024,2026-01-05 00:00:00,231.3483667571257,5.4482378262707565,0.470762698506447,0,231.3483667571257,0,0,231.3483667571257,0,0,205.58308601622858,5.330702685068072,0.46892837302859935,231.3483667571256
TRX_100408,ACC_024,2026-01-05 06:00:00,300.98378926664884,5.710373338009155,0.780804620059855,0,300.98378926664884,0,0,300.98378926664884,6,0,207.56503068860528,5.340250890395929,0.776664678179154,300.9837892666489
TRX_100521,ACC_024,2026-01-06 10:15:00,132.28113151008353,4.89246066810401,-0.1865851630281422,0,132.28113151008353,0,0,132.28113151008353,10,1,214.23779915846555,5.371743459510708,-0.1835311430708238,132.28113151008353
TRX_100529,ACC_024,2026-01-06 12:15:00,161.89028742399725,5.09307689089615,0.0506945507991646,0,161.89028742399725,0,0,161.89028742399725,12,1,208.77402131524008,5.346030862342986,0.0519840480831497,161.89028742399734
TRX_100576,ACC_024,2026-01-07 00:00:00,70.59982021436917,4.27109256299095,-0.921511003573973,0,70.59982021436917,0,0,70.59982021436917,0,2,205.84378794703738,5.33196386077668,-0.9129917321295193,70.5998202143692
TRX_100586,ACC_024,2026-01-07 02:30:00,181.3962312405945,5.206181415368624,0.1844694211754692,0,181.3962312405945,0,0,181.3962312405945,2,2,197.888260433351,5.292743161661276,0.18476410610026112,181.39623124059455
TRX_100735,ACC_024,2026-01-08 15:45:00,671.4965528882431,6.510996985646118,1.727745736539278,1,671.4965528882431,0,0,671.4965528882431,15,3,196.972036589309,5.288125791373807,1.7165638986473752,671.496552888243
TRX_100857,ACC_024,2026-01-09 22:15:00,139.46311976424423,4.94494496153536,-0.1245091357134294,0,139.46311976424423,0,0,139.46311976424423,22,4,221.94701113135815,5.4069341249794,-0.12191674206162502,139.4631197642442
TRX_100870,ACC_024,2026-01-10 01:30:00,161.98666242310895,5.093668371833765,0.0513941274618008,0,161.98666242310895,0,0,161.98666242310895,1,5,217.82281656300248,5.3882623455634775,0.05267842236728064,161.98666242310895
TRX_100942,ACC_024,2026-01-10 19:30:00,472.4761038315053,6.160101444259713,1.3127225022033833,0,472.4761038315053,0,0,472.4761038315053,19,5,215.1639520801504,5.376037157169063,1.3046269707433857,472.4761038315053
TRX_101011,ACC_024,2026-01-11 12:45:00,486.3279498807205,6.1889373048242105,1.3468282422451414,0,486.3279498807205,0,0,486.3279498807205,12,6,226.85995897793921,5.428731225238089,1.3384790845875068,486.3279498807203
TRX_101018,ACC_024,2026-01-11 14:30:00,305.04448328924025,5.723730461613429,0.7966028163486069,0,305.04448328924025,0,0,305.04448328924025,14,6,238.14117597371234,5.477054071990894,0.7923453917084249,305.04448328924036
TRX_101079,ACC_024,2026-01-12 05:45:00,486.1596185925309,6.188591828298271,1.346419628374996,0,486.1596185925309,0,0,486.1596185925309,5,0,240.928813778526,5.488643524943778,1.33807350936077,486.1596185925307
TRX_101171,ACC_024,2026-01-13 04:45:00,219.08329311684,5.39400607977609,0.4066198634479755,0,219.08329311684,0,0,219.08329311684,4,1,250.73804597108622,5.528389046741736,0.40526253402245443,219.08329311684
TRX_101264,ACC_024,2026-01-14 04:00:00,,,0.1102524442842665,0,,1,1,178.41099864891606,4,2,249.52055547669212,5.523540974949549,0.09389086354970128,167.8100125068534
TRX_101268,ACC_024,2026-01-14 05:00:00,230.37176957955592,5.44402580895743,0.4657809166304243,0,230.37176957955592,0,0,230.37176957955592,5,2,249.52055547669212,5.523540974949549,0.46398363800724574,230.3717695795559
TRX_101339,ACC_024,2026-01-14 22:45:00,127.19956686539864,4.853588165895828,-0.2325617848154318,0,127.19956686539864,0,0,127.19956686539864,22,2,248.8113411842056,5.520705997718549,-0.22916586124453267,127.19956686539861
TRX_101352,ACC_024,2026-01-15 02:00:00,289.936585618147,5.67310532458575,0.7367257143913939,0,289.936585618147,0,0,289.936585618147,2,3,244.4680635299625,5.503166851318141,0.7329135638216868,289.9365856181471
TRX_101399,ACC_024,2026-01-15 13:45:00,76.1912495001645,4.346286102162845,-0.8325755166624491,0,76.1912495001645,0,0,76.1912495001645,13,3,246.03594360196885,5.509533846696618,-0.8247176109984412,76.19124950016452
TRX_101478,ACC_024,2026-01-16 09:30:00,178.41099864891606,5.189679255710412,0.1649514197559624,0,178.41099864891606,0,0,178.41099864891606,9,4,240.37445379857536,5.4863494778712365,0.16539124964695207,178.4109986489161
TRX_101526,ACC_024,2026-01-16 21:30:00,173.67235970067156,5.162911988827904,0.1332923179274865,0,173.67235970067156,0,0,173.67235970067156,21,4,238.3756326647154,5.478034002917174,0.13396757967269005,173.6723597006716
TRX_101577,ACC_024,2026-01-17 10:15:00,163.24453841921897,5.101356405178502,0.0604871824827011,0,163.24453841921897,0,0,163.24453841921897,10,5,236.35365538458902,5.469551245698575,0.06170385718797318,163.244538419219
TRX_101648,ACC_024,2026-01-18 04:00:00,106.65953352554912,4.678973780275097,-0.4390877121485699,0,106.65953352554912,0,0,106.65953352554912,4,6,234.13822759775962,5.4601735437645065,-0.4341559654112801,106.65953352554908
TRX_101657,ACC_024,2026-01-18 06:15:00,310.43043968285804,5.741176005691482,0.8172366098115168,0,310.43043968285804,0,0,310.43043968285804,6,6,230.3888542426946,5.444099646973315,0.8128257426548428,310.43043968285815
TRX_101691,ACC_024,2026-01-18 14:45:00,2.7096866888037363,1.3109474225959892,-4.422635598706815,1,14.45445091828967,1,0,2.7096866888037363,14,6,232.67575668384214,5.453934499252522,-4.388080331050847,2.7096866888037354
TRX_101722,ACC_024,2026-01-18 22:30:00,78.89424614334445,4.380703836954427,-0.791867790496195,0,78.89424614334445,0,0,78.89424614334445,22,6,226.28781029509108,5.4262171011542435,-0.7843126064793164,78.89424614334446
TRX_101752,ACC_024,2026-01-19 06:00:00,50.922951394368944,3.949760915818139,-1.3015674128894872,0,50.922951394368944,0,0,50.922951394368944,6,0,222.30420045315196,5.408534969475962,-1.290221864640473,50.92295139436894
TRX_101800,ACC_024,2026-01-19 18:00:00,137.2647389308853,4.929170245431574,-0.1431667500913646,0,137.2647389308853,0,0,137.2647389308853,18,0,217.79416758318402,5.388131413808553,-0.14043560971288305,137.2647389308853
TRX_101896,ACC_024,2026-01-20 18:00:00,97.5304992847732,4.590366137659139,-0.5438887885032517,0,97.5304992847732,0,0,97.5304992847732,18,1,215.72931043825324,5.378649157532596,-0.5381776920590916,97.53049928477319
TRX_101917,ACC_024,2026-01-20 23:15:00,50.45761382710632,3.940758436309133,-1.312215134852862,0,50.45761382710632,0,0,50.45761382710632,23,1,212.77434015941625,5.364920973424772,-1.300790405174805,50.45761382710632
TRX_101935,ACC_024,2026-01-21 03:45:00,56.82867585331931,4.057484774680233,-1.1741565482673644,0,56.82867585331931,0,0,56.82867585331931,3,2,208.81539561472576,5.346228075608861,-1.163758486661133,56.82867585331933
TRX_101959,ACC_024,2026-01-21 09:45:00,307.68261188749955,5.7323136030266495,0.8067545643474634,0,307.68261188749955,0,0,307.68261188749955,9,2,205.19666419183514,5.32883039391483,0.802421646572074,307.6826118874996
TRX_100028,ACC_025,2026-01-01 07:00:00,50.17725673085469,3.9352952288819334,-1.318676767301441,0,50.17725673085469,0,0,50.17725673085469,7,3,50.17725673085469,3.9352952288819334,-1.3072039859093194,50.17725673085468
TRX_100045,ACC_025,2026-01-01 11:15:00,20.33091994234181,3.060157660589413,-2.353749548923519,0,20.33091994234181,0,0,20.33091994234181,11,3,50.17725673085469,3.9352952288819334,-2.334579483333509,20.330919942341815
TRX_100091,ACC_025,2026-01-01 22:45:00,260.6220467087084,5.5669008924414225,0.6111119583567796,0,260.6220467087084,0,0,260.6220467087084,22,3,35.25408833659825,3.5905521566405683,0.6082339302918179,260.62204670870847
TRX_100098,ACC_025,2026-01-02 00:30:00,178.13350022458957,5.18813133917226,0.1631206147089463,0,178.13350022458957,0,0,178.13350022458957,0,4,110.37674112730163,4.712918518686077,0.1635740593205701,178.13350022458954
TRX_100182,ACC_025,2026-01-02 21:30:00,152.18109719561835,5.031620863242179,-0.0219928343571494,0,152.18109719561835,0,0,152.18109719561835,21,4,127.31593090162362,4.854495433060736,-0.020162799759186553,152.18109719561838
TRX_100267,ACC_025,2026-01-03 18:45:00,78.75863869910556,4.379005058044361,-0.7938770286725815,0,78.75863869910556,0,0,78.75863869910556,18,5,132.28896416042258,4.892519434263219,-0.786306903023057,78.75863869910555
TRX_100306,ACC_025,2026-01-04 04:30:00,489.62995826785135,6.195690194509253,1.3548152520176984,0,489.62995826785135,0,0,489.62995826785135,4,6,123.36724325020306,4.823238827706414,1.346406699228434,489.6299582678512
TRX_100308,ACC_025,2026-01-04 05:00:00,244.6711192776536,5.503993727960724,0.536708234779883,0,244.6711192776536,0,0,244.6711192776536,5,6,175.69048825272424,5.1743995479544385,0.5343835075222858,244.67111927765356
TRX_100378,ACC_025,2026-01-04 22:30:00,205.00269676301863,5.327889259786509,0.3284199057977208,0,205.00269676301863,0,0,205.00269676301863,22,6,184.3130671308404,5.222046649589873,0.3276441077475621,205.0026967630187
TRX_100407,ACC_025,2026-01-05 05:45:00,91.95693914116409,4.532136365938919,-0.6127603053611824,0,91.95693914116409,0,0,91.95693914116409,5,0,186.6119148677491,5.234375546643532,-0.6065370481803015,91.9569391411641
TRX_100428,ACC_025,2026-01-05 11:00:00,199.7628849236437,5.302124534695658,0.2979465646525704,0,199.7628849236437,0,0,199.7628849236437,11,0,177.1464172950906,5.1826057812410955,0.2973973805868755,199.7628849236437
TRX_100472,ACC_025,2026-01-05 22:00:00,128.9627803339418,4.8672481043389215,-0.2164054329533287,0,128.9627803339418,0,0,128.9627803339418,22,0,179.20245980677726,5.1940809955071385,-0.21312965555387933,128.96278033394182
TRX_100570,ACC_025,2026-01-06 22:30:00,227.82307700277377,5.432949115445621,0.4526799089947756,0,227.82307700277377,0,0,227.82307700277377,22,1,175.01581985070763,5.170573876514075,0.45098005557767024,227.8230770027738
TRX_100594,ACC_025,2026-01-07 04:30:00,68.29970227687555,4.238440610037647,-0.9601302435578198,0,68.29970227687555,0,0,68.29970227687555,4,2,179.07791655471271,5.193389626977533,-0.9513237814240348,68.29970227687554
TRX_100602,ACC_025,2026-01-07 06:30:00,185.16609034146592,5.226639234087737,0.2086659956281327,0,185.16609034146592,0,0,185.16609034146592,6,2,171.16518696343863,5.148454405257004,0.20878074353450005,185.16609034146586
TRX_100623,ACC_025,2026-01-07 11:45:00,290.18354469143776,5.673953806111291,0.737729259622014,0,290.18354469143776,0,0,290.18354469143776,11,2,172.0985805219738,5.153861261813323,0.7339096462216899,290.1835446914377
TRX_100669,ACC_025,2026-01-07 23:15:00,104.57761804823176,4.659446398506686,-0.4621838082335103,0,104.57761804823176,0,0,104.57761804823176,23,2,179.4788907825653,5.1956138223608725,-0.45708030814845213,104.57761804823177
TRX_100698,ACC_025,2026-01-08 06:30:00,268.30903418947446,5.595859546189418,0.6453629325726977,0,268.30903418947446,0,0,268.30903418947446,6,3,175.0729335628986,5.170898304443898,0.6422301982810094,268.3090341894745
TRX_100764,ACC_025,2026-01-08 23:00:00,41.11920418432079,3.740503793077803,-1.549067188875191,0,41.11920418432079,0,0,41.11920418432079,23,3,180.2527169310417,5.199892283586804,-1.5358811168016684,41.11920418432079
TRX_100780,ACC_025,2026-01-09 03:00:00,397.1262228192892,5.986769097767335,1.1077129122494327,0,397.1262228192892,0,0,397.1262228192892,3,4,172.92990047068798,5.158652347182147,1.1011419277635093,397.12622281928924
TRX_100890,ACC_025,2026-01-10 06:30:00,83.81156332946094,4.4404318935189035,-0.7212241706940009,0,83.81156332946094,0,0,83.81156332946094,6,5,184.13971658811803,5.221110764840216,-0.7141943255982491,83.81156332946095
TRX_100959,ACC_025,2026-01-10 23:45:00,109.75560823285232,4.7073260463145035,-0.4055539456437724,0,109.75560823285232,0,0,109.75560823285232,23,5,179.36218548056294,5.194966970803504,-0.4008715716420004,109.75560823285231
TRX_100969,ACC_025,2026-01-11 02:15:00,130.7114894112562,4.880613844209535,-0.2005970457379277,0,130.7114894112562,0,0,130.7114894112562,2,6,176.19825015112153,5.1772691631285515,-0.1974388268824452,130.71148941125617
TRX_100973,ACC_025,2026-01-11 03:15:00,111.66088930102404,4.7243823271068495,-0.3853805550323895,0,111.66088930102404,0,0,111.66088930102404,3,6,174.2205649015622,5.166045551188974,-0.38084819977666884,111.66088930102403
TRX_101113,ACC_025,2026-01-12 14:15:00,338.52395411945315,5.8275445015626,0.9193893255728302,0,338.52395411945315,0,0,338.52395411945315,14,0,171.61391175153975,5.151057376510964,0.9142188031544569,338.52395411945304
TRX_101116,ACC_025,2026-01-12 15:00:00,469.2920701849621,6.15335392762442,1.3047418474288883,0,469.2920701849621,0,0,469.2920701849621,15,0,178.2903134462563,5.189006354869829,1.2967056638417895,469.29207018496214
TRX_101129,ACC_025,2026-01-12 18:15:00,155.44872279634117,5.052728306427629,0.0029720862707247,0,155.44872279634117,0,0,155.44872279634117,18,0,189.48268870543728,5.249561317500223,0.004616470069572483,155.4487227963412
TRX_101207,ACC_025,2026-01-13 13:45:00,134.0207693961702,4.905428613984173,-0.1712472683925659,0,134.0207693961702,0,0,134.0207693961702,13,1,188.22217144954485,5.242921835003417,-0.16830730817684583,134.02076939617018
TRX_101251,ACC_025,2026-01-14 00:45:00,19.99862144918433,3.0444567902917408,-2.372319821851703,0,19.99862144918433,0,0,19.99862144918433,0,2,186.28640709049574,5.232639033888021,-2.353011659046793,19.998621449184327
TRX_101265,ACC_025,2026-01-14 04:15:00,316.16513970381754,5.759422583670223,0.8388178296194939,0,316.16513970381754,0,0,316.16513970381754,4,2,180.5523455166574,5.2015440171746175,0.8342464744419305,316.1651397038175
TRX_101414,ACC_025,2026-01-15 17:30:00,172.06457105248495,5.153664767937856,0.1223551270266197,0,172.06457105248495,0,0,172.06457105248495,17,3,185.07277198956274,5.226137844451665,0.12311172282695963,172.06457105248495
TRX_101438,ACC_025,2026-01-15 23:30:00,224.2514364288661,5.417217273510805,0.4340730042274719,0,224.2514364288661,0,0,224.2514364288661,23,3,184.65315260449572,5.223880161919766,0.4325115204367155,224.25143642886616
TRX_101500,ACC_025,2026-01-16 15:00:00,193.6996004898664,5.271457860449322,0.261675421731367,0,193.6996004898664,0,0,193.6996004898664,15,4,185.8905989740073,5.230523413431901,0.2613959668095582,193.69960048986636
TRX_101504,ACC_025,2026-01-16 16:00:00,264.97168384448315,5.583389851402844,0.6306143465944946,0,264.97168384448315,0,0,264.97168384448315,16,4,186.1272353835788,5.231788788606069,0.6275912896702406,264.97168384448304
TRX_101537,ACC_025,2026-01-17 00:15:00,17220.66126161682,9.753923246128569,5.56333093668334,1,732.128172029599,1,0,17220.66126161682,0,5,188.44618975007597,5.24410502509596,5.5236258974524395,17220.661261616828
TRX_101539,ACC_025,2026-01-17 00:45:00,547.1281566487129,6.306509122104096,1.4858868227031754,1,547.1281566487129,0,0,547.1281566487129,0,5,675.0809060891258,6.516312752445254,1.4765035605526537,547.128156648713
TRX_101595,ACC_025,2026-01-17 14:45:00,9.839789274052205,2.3832235561594666,-3.1543963178815058,0,9.839789274052205,0,0,9.839789274052205,14,5,671.5266630491144,6.511041758346722,-3.129272269313474,9.839789274052203
TRX_101625,ACC_025,2026-01-17 22:15:00,156.79916704206448,5.061323129830443,0.0131376511938015,0,156.79916704206448,0,0,156.79916704206448,22,5,653.6432340281668,6.4840904063697105,0.014706439108345942,156.79916704206443
TRX_101640,ACC_025,2026-01-18 02:00:00,185.74904453439797,5.229765707718167,0.2123638459714007,0,185.74904453439797,0,0,185.74904453439797,2,6,640.5683901601114,6.463915788131827,0.21245109493709569,185.74904453439788
TRX_101661,ACC_025,2026-01-18 07:15:00,232.9839159874893,5.455252377899137,0.4790591900854616,0,232.9839159874893,0,0,232.9839159874893,7,6,628.906355656888,6.445571166522826,0.47716316802485975,232.98391598748924
TRX_101698,ACC_025,2026-01-18 16:30:00,431.9617497253949,6.0706493862838355,1.2069226898932313,0,431.9617497253949,0,0,431.9617497253949,16,6,619.008294665153,6.429732856441828,1.199613935206708,431.96174972539507
TRX_101711,ACC_025,2026-01-18 19:45:00,124.30401101916262,4.830742872715789,-0.2595821551155793,0,124.30401101916262,0,0,124.30401101916262,19,6,614.4461838129638,6.422347506891965,-0.25598529546267207,124.30401101916262
TRX_101718,ACC_025,2026-01-18 21:30:00,291.0657974722732,5.676979110693587,0.7413074518316812,0,291.0657974722732,0,0,291.0657974722732,21,6,602.7761320797781,6.403203486977976,0.7374612293244021,291.06579747227323
TRX_101763,ACC_025,2026-01-19 08:45:00,190.63100921965585,5.255571695967897,0.2428859912979586,0,190.63100921965585,0,0,190.63100921965585,8,0,595.5270545307663,6.391124595967559,0.24274626334852348,190.63100921965588
TRX_101895,ACC_025,2026-01-20 17:45:00,262.1167712169156,5.572597930662745,0.6178501551985139,0,262.1167712169156,0,0,262.1167712169156,17,1,586.3248716827866,6.375578110827731,0.6149220187576071,262.1167712169156
TRX_101905,ACC_025,2026-01-20 20:15:00,147.00978683596168,4.997278398847815,-0.062611534132303,0,147.00978683596168,0,0,147.00978683596168,20,1,579.1202472279895,6.363235404858941,-0.060479439928997215,147.00978683596168
TRX_101922,ACC_025,2026-01-21 00:30:00,76.98197713064498,4.356477737562928,-0.8205213153745032,0,76.98197713064498,0,0,76.98197713064498,0,2,569.7265415672932,6.346910183500482,-0.812753050376098,76.981977130645
TRX_101952,ACC_025,2026-01-21 08:00:00,63.8913978749434,4.172715070625479,-1.0378674123959704,0,63.8913978749434,0,0,63.8913978749434,8,2,559.2426146643858,6.328369930379756,-1.02848286040038,63.89139787494341
TRX_100049,ACC_026,2026-01-01 12:15:00,443.6798967612011,6.097354690201136,1.238508504753947,0,443.6798967612011,0,0,443.6798967612011,12,3,443.6798967612011,6.097354690201136,1.2309648632092987,443.6798967612009
TRX_100071,ACC_026,2026-01-01 17:45:00,191.09256720740308,5.257977376716746,0.2457313207120118,0,191.09256720740308,0,0,191.09256720740308,17,3,443.6798967612011,6.097354690201136,0.2455704335653439,191.09256720740305
TRX_100090,ACC_026,2026-01-01 22:30:00,64.60930374104221,4.183717511214549,-1.024854227729039,0,64.60930374104221,0,0,64.60930374104221,22,3,317.38623198430207,5.763265211779966,-1.0155664478469455,64.6093037410422
TRX_100141,ACC_026,2026-01-02 11:15:00,383.1470133909387,5.951025326692608,1.0654368108769745,0,383.1470133909387,0,0,383.1470133909387,11,4,233.12725590321546,5.455864796182714,1.0591802112080613,383.1470133909388
TRX_100148,ACC_026,2026-01-02 13:00:00,305.80108860352755,5.7261996177381995,0.7995232215408008,0,305.80108860352755,0,0,305.80108860352755,13,4,270.6321952751463,5.6044489279639755,0.7952440794048673,305.8010886035275
TRX_100227,ACC_026,2026-01-03 08:45:00,100.18779954340044,4.616978191714144,-0.5124132653244959,0,100.18779954340044,0,0,100.18779954340044,8,5,277.66597394082254,5.63001383855521,-0.5069362355580477,100.18779954340044
TRX_100252,ACC_026,2026-01-03 15:00:00,54.02744330765557,4.00783203001882,-1.23288354890583,0,54.02744330765557,0,0,54.02744330765557,15,5,248.08627820791887,5.517799335274836,-1.2220487659191992,54.027443307655574
TRX_100276,ACC_026,2026-01-03 21:00:00,373.8560936505825,5.926542202054321,1.0364792882653062,0,373.8560936505825,0,0,373.8560936505825,21,5,220.36358750788122,5.399806542014678,1.0304380302469185,373.8560936505824
TRX_100394,ACC_026,2026-01-05 02:30:00,101.1076252057803,4.626027406082032,-0.5017102675026341,0,101.1076252057803,0,0,101.1076252057803,2,0,239.5501507757189,5.482928594941021,-0.49631283022230566,101.10762520578027
TRX_100404,ACC_026,2026-01-05 05:00:00,160.3730597457633,5.083718825830473,0.0396262584653894,0,160.3730597457633,0,0,160.3730597457633,5,0,224.1676479346146,5.416845226685407,0.04099806473594152,160.3730597457633
TRX_100460,ACC_026,2026-01-05 19:00:00,226.92793295215284,5.429029495446319,0.4480439613191498,0,226.92793295215284,0,0,226.92793295215284,19,0,217.7881891157295,5.388104088815379,0.44637858297222255,226.92793295215284
TRX_100462,ACC_026,2026-01-05 19:30:00,252.5978845119544,5.535749880698445,0.5742679631457681,0,252.5978845119544,0,0,252.5978845119544,19,0,218.61907491904068,5.3918945679716455,0.5716639242216284,252.59788451195442
TRX_100483,ACC_026,2026-01-06 00:45:00,342.54128408083216,5.8393072909932195,0.9333018161534156,0,342.54128408083216,0,0,342.54128408083216,0,1,221.45064238511682,5.404705245020939,0.9280278339631302,342.54128408083204
TRX_100498,ACC_026,2026-01-06 04:30:00,60.20131224824327,4.114168631253164,-1.1071134693026654,0,60.20131224824327,0,0,60.20131224824327,4,1,230.7653071309411,5.445725252452195,-1.097213971315781,60.201312248243255
TRX_100499,ACC_026,2026-01-06 04:45:00,179.5972579480613,5.19626945785578,0.1727460101303272,0,179.5972579480613,0,0,179.5972579480613,4,1,218.5821646393198,5.39172648884762,0.17312787581012049,179.59725794806133
TRX_100555,ACC_026,2026-01-06 18:45:00,289.8637161951588,5.6728548282448505,0.7364294387499908,0,289.8637161951588,0,0,289.8637161951588,18,1,215.98317085990257,5.3798197968920185,0.7326194914242047,289.86371619515893
TRX_100558,ACC_026,2026-01-06 19:30:00,149.6646839035086,5.015056731145064,-0.0415841339494733,0,149.6646839035086,0,0,149.6646839035086,19,1,220.6007049433561,5.400877136020398,-0.03960840930589676,149.66468390350863
TRX_100560,ACC_026,2026-01-06 20:00:00,61.06221606974973,4.1281373668865635,-1.090591886214858,0,61.06221606974973,0,0,61.06221606974973,20,1,216.42799782336508,5.38186775123114,-1.0808152504292448,61.062216069749724
TRX_100680,ACC_026,2026-01-08 02:00:00,275.8720764077236,5.6235555814938945,0.6781205393092473,0,275.8720764077236,0,0,275.8720764077236,2,3,207.79656550371976,5.341360407136228,0.6747442041682568,275.8720764077237
TRX_100740,ACC_026,2026-01-08 17:00:00,198.1471242079511,5.294043869191737,0.2883891222303233,0,198.1471242079511,0,0,198.1471242079511,17,3,211.37948713024628,5.35837470810437,0.2879110117662487,198.1471242079511
TRX_100779,ACC_026,2026-01-09 02:45:00,256.3556140229353,5.550458840599257,0.5916650497192609,0,256.3556140229353,0,0,256.3556140229353,2,4,210.7178689841315,5.355254581683754,0.5889316379413962,256.35561402293524
TRX_100824,ACC_026,2026-01-09 14:00:00,84.84320694853142,4.452522457230035,-0.7069240036513755,0,84.84320694853142,0,0,84.84320694853142,14,4,212.89109493836028,5.365466983330005,-0.7000005012706084,84.84320694853139
TRX_100911,ACC_026,2026-01-10 11:45:00,355.216983603009,5.875540049682437,0.9761562697628784,0,355.216983603009,0,0,355.216983603009,11,5,207.07073639336807,5.337878100701895,0.9705636018584728,355.216983603009
TRX_100916,ACC_026,2026-01-10 13:00:00,255.3682628783906,5.546614937659707,0.5871186567267994,0,255.3682628783906,0,0,255.3682628783906,13,5,213.51187757639593,5.368365110151557,0.5844190540487001,255.36826287839068
TRX_100920,ACC_026,2026-01-10 14:00:00,27.13399959853905,3.336978795065903,-2.026338142927765,0,27.13399959853905,0,0,27.13399959853905,14,5,215.2558936306457,5.376462399223944,-2.0096028613320067,27.133999598539045
TRX_100928,ACC_026,2026-01-10 16:00:00,31.414666166008743,3.478610979823618,-1.858822057736256,0,31.414666166008743,0,0,31.414666166008743,16,5,207.7310178693614,5.341046427234026,-1.8433325039176456,31.41466616600875
TRX_100938,ACC_026,2026-01-10 18:30:00,266.2442788974294,5.588163142369858,0.6362599773361376,0,266.2442788974294,0,0,266.2442788974294,18,5,200.9496197269248,5.3080182590015825,0.6331949368672803,266.2442788974295
TRX_100945,ACC_026,2026-01-10 20:15:00,654.1527604093334,6.484868430442211,1.6968420737386496,1,654.1527604093334,0,0,654.1527604093334,20,5,203.36794043694348,5.319921998850364,1.6858900499038412,654.1527604093333
TRX_100967,ACC_026,2026-01-11 01:45:00,266.5734289523612,5.5893940294241125,0.637715814376245,0,266.5734289523612,0,0,266.5734289523612,1,6,219.46739829310027,5.395749830409457,0.6346399476238236,266.57342895236127
TRX_100995,ACC_026,2026-01-11 08:45:00,407.5107357876293,6.0125181949525865,1.1381677694209702,0,407.5107357876293,0,0,407.5107357876293,8,6,221.09174417790237,5.403090558565656,1.1313703084060356,407.5107357876292
TRX_101035,ACC_026,2026-01-11 18:45:00,304.9719169780363,5.723493323159255,0.7963223398060788,0,304.9719169780363,0,0,304.9719169780363,18,6,227.30571056489327,5.430685566647769,0.7920670009203452,304.97191697803623
TRX_101040,ACC_026,2026-01-11 20:00:00,99.18974718380764,4.607065859900462,-0.5241371190755884,0,99.18974718380764,0,0,99.18974718380764,20,6,229.81107206209143,5.44159950602269,-0.5185729052619708,99.18974718380761
TRX_101050,ACC_026,2026-01-11 22:30:00,94.7814235854118,4.562068757879931,-0.5773576380440478,0,94.7814235854118,0,0,94.7814235854118,22,6,225.72915565964507,5.423756158241166,-0.5713976516172065,94.78142358541184
TRX_101111,ACC_026,2026-01-12 13:45:00,176.66135183317064,5.179879220415221,0.1533603852026414,0,176.66135183317064,0,0,176.66135183317064,13,0,221.76104256648648,5.406099638933565,0.15388641143526863,176.66135183317058
TRX_101186,ACC_026,2026-01-13 08:30:00,71.34922241751582,4.281504705507863,-0.9091959965303904,0,71.34922241751582,0,0,71.34922241751582,8,1,220.4345810743301,5.400127200825371,-0.9007683052248375,71.34922241751583
TRX_101199,ACC_026,2026-01-13 11:45:00,107.02041618981436,4.682320248053216,-0.4351296627661573,0,107.02041618981436,0,0,107.02041618981436,11,1,216.17499939842114,5.380703477375965,-0.430227349931011,107.0204161898144
TRX_101203,ACC_026,2026-01-13 12:45:00,162.0888032823857,5.094294857867582,0.0521351065548773,0,162.0888032823857,0,0,162.0888032823857,12,1,213.14292764262652,5.366643678265633,0.053413891194059565,162.0888032823857
TRX_101236,ACC_026,2026-01-13 21:00:00,262.37315019040835,5.573571848617613,0.6190020609138445,0,262.37315019040835,0,0,262.37315019040835,21,1,211.7630864437011,5.360179276460478,0.6160653583645272,262.3731501904084
TRX_101248,ACC_026,2026-01-14 00:00:00,9.022502734632882,2.3048328383838648,-3.2471132817522896,1,14.45445091828967,1,0,9.022502734632882,0,2,213.09493022650918,5.366419515850114,-3.221299746576601,9.02250273463288
TRX_101252,ACC_026,2026-01-14 01:00:00,120.73526713484851,4.801848745481145,-0.2937568103159704,0,120.73526713484851,0,0,120.73526713484851,1,2,207.86230388056362,5.341675201731556,-0.2899058119801485,120.7352671348485
TRX_101274,ACC_026,2026-01-14 06:30:00,225.58518858489515,5.423120982754583,0.4410556421237839,0,225.58518858489515,0,0,225.58518858489515,6,2,205.68412796192075,5.331191675940263,0.4394422321793374,225.5851885848951
TRX_101421,ACC_026,2026-01-15 19:15:00,6021.750574106543,8.70329933995087,4.320700922378539,1,732.128172029599,1,0,6021.750574106543,19,3,206.16951968443232,5.333537393794098,4.290236659779732,6021.750574106545
TRX_101457,ACC_026,2026-01-16 04:15:00,333.25852461431083,5.811914719364575,0.900903132405027,0,333.25852461431083,0,0,333.25852461431083,4,4,344.63573526591114,5.8453854322381,0.8958700819452213,333.2585246143109
TRX_101465,ACC_026,2026-01-16 06:15:00,83.97308525769876,4.442334562320938,-0.7189737808572695,0,83.97308525769876,0,0,83.97308525769876,6,4,344.3711489716879,5.844619632900382,-0.7119606707104381,83.97308525769877
TRX_101493,ACC_026,2026-01-16 13:15:00,160.20547461101123,5.082679791102615,0.038397335602366,0,160.20547461101123,0,0,160.20547461101123,13,4,338.4530111600063,5.827335531410937,0.03977828071677713,160.20547461101125
TRX_101542,ACC_026,2026-01-17 01:30:00,428.9312141057665,6.063625228695599,1.1986148368232368,0,428.9312141057665,0,0,428.9312141057665,1,5,334.49195479225085,5.815597976369377,1.1913678632088163,428.93121410576634
TRX_101545,ACC_026,2026-01-17 02:15:00,246.93760715680773,5.513177130467278,0.5475699442089043,0,246.93760715680773,0,0,246.93760715680773,2,5,336.54498216863163,5.821698781931177,0.5451644442116171,246.93760715680784
TRX_101553,ACC_026,2026-01-17 04:15:00,180.90852757880089,5.203503965012357,0.1813026550711141,0,180.90852757880089,0,0,180.90852757880089,4,5,334.63844227476307,5.816034515931521,0.1816208895463591,180.90852757880086
TRX_101586,ACC_026,2026-01-17 12:30:00,400.1112454310272,5.994238808860248,1.1165477456733253,0,400.1112454310272,0,0,400.1112454310272,12,5,331.4357357185972,5.806446565381395,1.1099110612434826,400.1112454310273
TRX_101672,ACC_026,2026-01-18 10:00:00,128.4664243289232,4.863421575931576,-0.2209312761419314,0,128.4664243289232,0,0,128.4664243289232,10,6,332.83727673313655,5.810653678848685,-0.2176218424606473,128.46642432892318
TRX_101728,ACC_026,2026-01-19 00:00:00,19.455781494738517,3.0182655562119742,-2.4032976183665458,0,19.455781494738517,0,0,19.455781494738517,0,0,328.7498596850523,5.798334366078159,-2.383759090211649,19.455781494738517
TRX_101832,ACC_026,2026-01-20 02:00:00,22.153508041324223,3.1421463043143203,-2.2567771224199475,0,22.153508041324223,0,0,22.153508041324223,2,1,322.6852699166148,5.779771654541886,-2.238328189043449,22.15350804132421
TRX_101852,ACC_026,2026-01-20 07:00:00,299.45672974385525,5.705303749410281,0.7748085419998607,0,299.45672974385525,0,0,299.45672974385525,7,1,316.90581295747455,5.76175515324022,0.7707131897535506,299.45672974385513
TRX_101984,ACC_026,2026-01-21 16:00:00,270.4948757929141,5.603943265504956,0.6549239869039741,0,270.4948757929141,0,0,270.4948757929141,16,2,316.57658497231193,5.760719001756905,0.6517201521508246,270.4948757929142
TRX_101990,ACC_026,2026-01-21 17:30:00,148.62287382741837,5.0081179537682745,-0.0497910032014275,0,148.62287382741837,0,0,148.62287382741837,17,2,315.72321998750834,5.758028269415519,-0.04775424844853999,148.6228738274184
TRX_100030,ACC_027,2026-01-01 07:30:00,283.3232631642992,5.650111841423693,0.7095300717426999,0,283.3232631642992,0,0,283.3232631642992,7,3,283.3232631642992,5.650111841423693,0.7059201606619717,283.3232631642992
TRX_100131,ACC_027,2026-01-02 08:45:00,268.4534666025009,5.596395709772719,0.645997082392885,0,268.4534666025009,0,0,268.4534666025009,8,4,283.3232631642992,5.650111841423693,0.6428596322672218,268.4534666025009
TRX_100144,ACC_027,2026-01-02 12:00:00,297.2850267872846,5.6980494951126595,0.7662285410417446,0,297.2850267872846,0,0,297.2850267872846,12,4,275.8883648834001,5.623614410093651,0.7621969936862261,297.28502678728455
TRX_100186,ACC_027,2026-01-02 22:30:00,70.21973061959974,4.265769895472354,-0.927806411831754,0,70.21973061959974,0,0,70.21973061959974,22,4,283.0205855180282,5.649046719752762,-0.919240324793883,70.21973061959972
TRX_100193,ACC_027,2026-01-03 00:15:00,38.535148669663926,3.6771901159727296,-1.6239517170342714,0,38.535148669663926,0,0,38.535148669663926,0,5,229.82037179342112,5.441639796741422,-1.6102087686661544,38.535148669663926
TRX_100340,ACC_027,2026-01-04 13:00:00,130.6123481531833,4.879860845440609,-0.2014876583210792,0,130.6123481531833,0,0,130.6123481531833,13,6,191.56332716866967,5.260425071933092,-0.19832281645484373,130.61234815318323
TRX_100341,ACC_027,2026-01-04 13:15:00,197.21910075880172,5.289372988386705,0.2828646175551074,0,197.21910075880172,0,0,197.21910075880172,13,6,181.40483066608863,5.206228561204498,0.28242758988568517,197.2191007588018
TRX_100391,ACC_027,2026-01-05 01:45:00,,,0.1102524442842665,0,,1,1,256.27964359154447,1,0,183.66401210790477,5.218538023108913,-0.06763060046999761,146.1109269360981
TRX_100527,ACC_027,2026-01-06 11:45:00,477.828390006646,6.171342266008379,1.3260176332281102,0,477.828390006646,0,0,477.828390006646,11,1,183.66401210790477,5.218538023108913,1.317823232969935,477.8283900066462
TRX_100655,ACC_027,2026-01-07 19:45:00,81.71716032059938,4.415427081358001,-0.7507987215018476,0,81.71716032059938,0,0,81.71716032059938,19,2,220.4345593452474,5.400127102696688,-0.7435489462459808,81.71716032059936
TRX_100678,ACC_027,2026-01-08 01:30:00,282.73261238993496,5.6480322889971095,0.7070704720263802,0,282.73261238993496,0,0,282.73261238993496,1,3,205.02151500917543,5.3279806051280305,0.7034788516768602,282.73261238993484
TRX_100748,ACC_027,2026-01-08 19:00:00,137.57462340018685,4.931408977641608,-0.1405188797908493,0,137.57462340018685,0,0,137.57462340018685,19,3,212.79262474725138,5.365006501958765,-0.13780743021149228,137.57462340018685
TRX_100782,ACC_027,2026-01-09 03:30:00,455.2092326070921,6.122951547714532,1.2687832997885926,0,455.2092326070921,0,0,455.2092326070921,3,4,205.95462462479097,5.33249956452535,1.2610145207410055,455.2092326070921
TRX_100853,ACC_027,2026-01-09 21:15:00,354.7017508227221,5.874092601131562,0.9744442936666724,0,354.7017508227221,0,0,354.7017508227221,21,4,226.72584195664936,5.428142457875765,0.9688643568153741,354.7017508227222
TRX_100894,ACC_027,2026-01-10 07:30:00,320.368688391161,5.772589026003579,0.8543904968021441,0,320.368688391161,0,0,320.368688391161,7,5,236.57014263865497,5.470462917297099,0.8497033360047708,320.3686883911611
TRX_100918,ACC_027,2026-01-10 13:30:00,257.17090142765187,5.553621774260164,0.5954060233228387,0,257.17090142765187,0,0,257.17090142765187,13,5,242.55575304954826,5.495345881609977,0.5926447919196154,257.17090142765176
TRX_101150,ACC_027,2026-01-12 23:30:00,266.1760292329828,5.587907726683817,0.6359578833177806,0,266.1760292329828,0,0,266.1760292329828,23,0,243.53009627475518,5.49933839448787,0.6328950893610094,266.1760292329828
TRX_101156,ACC_027,2026-01-13 01:00:00,121.41640744386092,4.807428408838591,-0.2871574391071957,0,121.41640744386092,0,0,121.41640744386092,1,1,244.9454670846444,5.5051098328403425,-0.2833555167751324,121.41640744386089
TRX_101182,ACC_027,2026-01-13 07:30:00,50.93939716649435,3.950077599823281,-1.301192853499085,0,50.93939716649435,0,0,50.93939716649435,7,1,237.67905181165713,5.47511977001174,-1.2898500906484778,50.939397166494345
TRX_101188,ACC_027,2026-01-13 09:00:00,80.41656026009183,4.399578695315445,-0.7695434693216623,0,80.41656026009183,0,0,80.41656026009183,9,1,227.30462655359256,5.430680818567349,-0.7621542993741868,80.41656026009183
TRX_101258,ACC_027,2026-01-14 02:30:00,235.1903128164252,5.46463789029066,0.4901599458637748,0,235.1903128164252,0,0,235.1903128164252,2,2,219.57367569603986,5.396231769218627,0.48818137340328405,235.1903128164252
TRX_101260,ACC_027,2026-01-14 03:00:00,352.1273024712754,5.866828622152087,0.9658527907986152,0,352.1273024712754,0,0,352.1273024712754,3,2,220.35450755205912,5.399765522883431,0.9603367443716779,352.1273024712755
TRX_101445,ACC_027,2026-01-16 01:15:00,308.5577259262667,5.735144588226763,0.81010292445904,0,308.5577259262667,0,0,308.5577259262667,1,4,226.62940254821228,5.4277188790939555,0.8057451067154229,308.55772592626664
TRX_101448,ACC_027,2026-01-16 02:00:00,87.15069385212576,4.479047780079217,-0.6755510621851616,0,87.15069385212576,0,0,87.15069385212576,2,4,230.35341724721476,5.4439464861417575,-0.6688608636366242,87.15069385212574
TRX_101747,ACC_027,2026-01-19 04:45:00,493.90193219587024,6.204359626164949,1.3650690601777713,0,493.90193219587024,0,0,493.90193219587024,4,0,224.12721188221087,5.416665628577053,1.3565842552863163,493.90193219587013
TRX_101766,ACC_027,2026-01-19 09:30:00,255.38838575543704,5.546693426654868,0.5872114899286771,0,255.38838575543704,0,0,255.38838575543704,9,0,235.36782522861336,5.465389173175224,0.5845111968995701,255.38838575543704
TRX_101793,ACC_027,2026-01-19 16:15:00,222.9458744248544,5.411404390625417,0.4271977916032889,0,222.9458744248544,0,0,222.9458744248544,16,0,236.1686476496863,5.468771481531142,0.4256874351017703,222.9458744248543
TRX_101824,ACC_027,2026-01-20 00:00:00,119.38136295948652,4.7906647281978,-0.3069847556112082,0,119.38136295948652,0,0,119.38136295948652,0,1,235.66007944873124,5.4666248476646775,-0.30303538810164377,119.38136295948652
TRX_101874,ACC_027,2026-01-20 12:30:00,507.1854405498054,6.230846421419799,1.3963964329634952,0,507.1854405498054,0,0,507.1854405498054,12,1,231.35346031949996,5.448259748122911,1.3876786631097824,507.1854405498056
TRX_101902,ACC_027,2026-01-20 19:30:00,315.59900825820193,5.757636014966333,0.8367047576809841,0,315.59900825820193,0,0,315.59900825820193,19,1,241.2046024705823,5.489782833707155,0.8321491162923734,315.599008258202
TRX_101910,ACC_027,2026-01-20 21:30:00,254.1100728911725,5.541695110417497,0.5812997095655776,0,254.1100728911725,0,0,254.1100728911725,21,1,243.7699268080864,5.500318695085554,0.5786433792938517,254.1100728911726
TRX_100032,ACC_028,2026-01-01 08:00:00,44.15174161294334,3.8100288530491246,-1.4668361204988607,0,44.15174161294334,0,0,44.15174161294334,8,3,44.15174161294334,3.8100288530491246,-1.4542615570210877,44.15174161294334
TRX_100052,ACC_028,2026-01-01 13:00:00,350.5842738869721,5.862449437526802,0.9606732910541644,0,350.5842738869721,0,0,350.5842738869721,13,3,44.15174161294334,3.8100288530491246,0.9551957618042255,350.58427388697197
TRX_100116,ACC_028,2026-01-02 05:00:00,225.8814068877964,5.424427444346206,0.4426008652780833,0,225.8814068877964,0,0,225.8814068877964,5,4,197.3680077499577,5.290123930588097,0.4409759643332174,225.88140688779635
TRX_100169,ACC_028,2026-01-02 18:15:00,7.183867276392231,2.1021648110681914,-3.486819776342377,1,14.45445091828967,1,0,7.183867276392231,18,4,206.87247412923728,5.336924786527602,-3.4592236718192,7.183867276392231
TRX_100174,ACC_028,2026-01-02 19:30:00,107.91263761491736,4.690546071093092,-0.4254005346341912,0,107.91263761491736,0,0,107.91263761491736,19,4,156.950322416026,5.0622805684997365,-0.420570572135716,107.9126376149174
TRX_100175,ACC_028,2026-01-02 19:45:00,116.67030579077029,4.767886695187259,-0.3339255736520812,0,116.67030579077029,0,0,116.67030579077029,19,4,147.14278545580427,4.998176575269207,-0.3297758616482298,116.67030579077026
TRX_100181,ACC_028,2026-01-02 21:15:00,206.5193625725263,5.335224648919846,0.337095869337188,0,206.5193625725263,0,0,206.5193625725263,21,4,142.06403884496527,4.963292354107292,0.33625555277370395,206.51936257252632
TRX_100218,ACC_028,2026-01-03 06:30:00,211.6451025412009,5.359624590826397,0.3659550072095422,0,211.6451025412009,0,0,211.6451025412009,6,5,151.2719422346169,5.025668015973349,0.364900080630363,211.6451025412009
TRX_100266,ACC_028,2026-01-03 18:30:00,188.56167325731295,5.2447144241194765,0.230044505593147,0,188.56167325731295,0,0,188.56167325731295,18,5,158.81858727293985,5.074039342418698,0.23000027292360722,188.56167325731298
TRX_100346,ACC_028,2026-01-04 14:30:00,217.23014818754848,5.385550231533653,0.3966186720028978,0,217.23014818754848,0,0,217.23014818754848,14,6,162.12337460453688,5.094506813917197,0.3953357161037964,217.23014818754845
TRX_100357,ACC_028,2026-01-04 17:15:00,,,0.1102524442842665,0,,1,1,163.97066850961784,17,6,167.63405196283804,5.12773099411213,-0.15444402713338573,135.62468142881016
TRX_100422,ACC_028,2026-01-05 09:30:00,92.99441740654106,4.5432353912142736,-0.5996328847346515,0,92.99441740654106,0,0,92.99441740654106,9,0,167.63405196283804,5.12773099411213,-0.5935072491791691,92.99441740654105
TRX_100459,ACC_028,2026-01-05 18:45:00,272.17502917078843,5.610112722241057,0.6622209388076534,0,272.17502917078843,0,0,272.17502917078843,18,0,160.84863063953833,5.086661519660146,0.6589628405151874,272.17502917078855
TRX_100489,ACC_028,2026-01-06 02:15:00,172.44607401054844,5.155866738455344,0.1249595172746949,0,172.44607401054844,0,0,172.44607401054844,2,1,170.12583051714248,5.142399136874513,0.12569674561386918,172.44607401054847
TRX_100525,ACC_028,2026-01-06 11:15:00,361.877782888532,5.89406609131582,0.9980680264291204,0,361.877782888532,0,0,361.877782888532,11,1,170.30431078586602,5.143441570138166,0.9923124124775098,361.8777828885321
TRX_100614,ACC_028,2026-01-07 09:30:00,134.29572035763073,4.907462903912479,-0.1688412030937978,0,134.29572035763073,0,0,134.29572035763073,9,2,183.98813022177072,5.22029166205652,-0.16591913550237639,134.29572035763076
TRX_100687,ACC_028,2026-01-08 03:45:00,42.411284897347,3.7707194279830403,-1.5133295147048746,0,42.411284897347,0,0,42.411284897347,3,3,180.67530289749473,5.202221043750489,-1.500409204652675,42.411284897347
TRX_100689,ACC_028,2026-01-08 04:15:00,117.07902204900596,4.771354078712564,-0.3298245106415068,0,117.07902204900596,0,0,117.07902204900596,4,3,172.0338017724855,5.153486961380551,-0.3257052960558722,117.07902204900601
TRX_100696,ACC_028,2026-01-08 06:00:00,385.2333838064653,5.956441808015312,1.0718431778213564,0,385.2333838064653,0,0,385.2333838064653,6,3,168.80116767110434,5.134628150597444,1.0655389374184556,385.2333838064652
TRX_100736,ACC_028,2026-01-08 16:00:00,559.9122878824711,6.329564543713213,1.5131557233206856,1,559.9122878824711,0,0,559.9122878824711,16,3,180.8251796786244,5.203045674235493,1.5035696769007447,559.9122878824711
TRX_100738,ACC_028,2026-01-08 16:30:00,160.5204278046729,5.084631622618415,0.0407058728535536,0,160.5204278046729,0,0,160.5204278046729,16,3,200.77713274198476,5.307163785056618,0.0420696506077372,160.52042780467292
TRX_100743,ACC_028,2026-01-08 17:45:00,227.95303207648595,5.433516882415656,0.4533514378586709,0,227.95303207648595,0,0,227.95303207648595,17,3,198.76429749511917,5.297138159031656,0.4516465906395795,227.953032076486
TRX_100744,ACC_028,2026-01-08 18:00:00,144.11776418570338,4.977545579589538,-0.0859506123057622,0,144.11776418570338,0,0,144.11776418570338,18,3,200.15423723708903,5.304071963235274,-0.0836449578264956,144.11776418570332
TRX_100754,ACC_028,2026-01-08 20:30:00,195.525274150778,5.280791044670721,0.272714286137889,0,195.525274150778,0,0,195.525274150778,20,3,197.6071248256624,5.291328626222668,0.2723527410693122,195.52527415077805
TRX_100793,ACC_028,2026-01-09 06:15:00,69.95947527383612,4.262108943298618,-0.932136419006794,0,69.95947527383612,0,0,69.95947527383612,6,4,197.5166095789283,5.290872772087245,-0.9235381320150676,69.9594752738361
TRX_100820,ACC_028,2026-01-09 13:00:00,187.56155808177277,5.239424521649384,0.2237878503396061,0,187.56155808177277,0,0,187.56155808177277,13,4,192.20172898288277,5.263734870925138,0.223790145078061,187.56155808177277
TRX_100902,ACC_028,2026-01-10 09:30:00,26.87587390335691,3.3277615800819302,-2.037239844212152,0,26.87587390335691,0,0,26.87587390335691,9,5,192.0161221468384,5.262773719855656,-2.0204234924786055,26.87587390335692
TRX_100939,ACC_028,2026-01-10 18:45:00,167.4209092145628,5.126466258082481,0.0901859706882548,0,167.4209092145628,0,0,167.4209092145628,18,5,185.6645741374737,5.229313285020433,0.0911817913461498,167.42090921456276
TRX_100961,ACC_028,2026-01-11 00:15:00,97.25717167288632,4.587588242211498,-0.5471743564781869,0,97.25717167288632,0,0,97.25717167288632,0,6,184.98888284403256,5.225686902271185,-0.5414388270174278,97.2571716728863
TRX_101023,ACC_028,2026-01-11 15:45:00,132.8359861498433,4.896615066314362,-0.1816715303978526,0,132.8359861498433,0,0,132.8359861498433,15,6,181.85560744506304,5.208696811038285,-0.1786540505056107,132.83598614984328
TRX_101222,ACC_028,2026-01-13 17:30:00,367.2570823687549,5.908781287659508,1.0154724891826663,0,367.2570823687549,0,0,367.2570823687549,17,1,180.16527567626238,5.199409739903766,1.009587447524614,367.25708236875494
TRX_101275,ACC_028,2026-01-14 06:45:00,91.70545393596284,4.529427305101798,-0.6159644588998447,0,91.70545393596284,0,0,91.70545393596284,6,2,186.40166923267878,5.233254277089512,-0.6097173741381043,91.7054539359628
TRX_101286,ACC_028,2026-01-14 09:30:00,89.74744014848484,4.50808026501692,-0.6412127638071117,0,89.74744014848484,0,0,89.74744014848484,9,2,183.34695261020408,5.216819594086264,-0.6347779208685185,89.74744014848484
TRX_101312,ACC_028,2026-01-14 16:00:00,67.250288985572,4.22318166827694,-0.9781778235785016,0,67.250288985572,0,0,67.250288985572,16,2,180.42196784577536,5.20082563203446,-0.9692371512181802,67.25028898557198
TRX_101331,ACC_028,2026-01-14 20:45:00,127.06765333943969,4.852558666005016,-0.2337794303082904,0,127.06765333943969,0,0,127.06765333943969,20,2,176.99252303182982,5.1817415439706735,-0.2303744517573192,127.06765333943972
TRX_101346,ACC_028,2026-01-15 00:30:00,258.18923508267903,5.557558432298846,0.6000621228139659,0,258.18923508267903,0,0,258.18923508267903,0,3,175.52414451146538,5.173457663116572,0.5972662664822612,258.18923508267903
TRX_101459,ACC_028,2026-01-16 04:45:00,8063.955833812818,8.995283514265681,4.666046479977361,1,732.128172029599,1,0,8063.955833812818,4,4,177.8860042420715,5.186748755157394,4.6330140666644075,8063.9558338128245
TRX_101707,ACC_028,2026-01-18 18:45:00,292.1816152324837,5.680792264200974,0.745817475798936,0,292.1816152324837,0,0,292.1816152324837,18,6,396.9434995079256,5.9863100341716535,0.7419377146489327,292.18161523248364
TRX_101734,ACC_028,2026-01-19 01:30:00,269.9514442227177,5.601939632216474,0.6525541808798694,0,269.9514442227177,0,0,269.9514442227177,1,0,394.1120972302109,5.979169515096458,0.6493679691101325,269.9514442227177
TRX_101756,ACC_028,2026-01-19 07:00:00,116.97217213383313,4.77044876727925,-0.3308952716937869,0,116.97217213383313,0,0,116.97217213383313,7,0,390.8447116247506,5.970865617490362,-0.32676809442932064,116.97217213383317
TRX_101812,ACC_028,2026-01-19 21:00:00,145.79964288415178,4.98906868350819,-0.0723216108114366,0,145.79964288415178,0,0,145.79964288415178,21,0,383.82233881729115,5.952781770166026,-0.07011730794695292,145.79964288415172
TRX_101878,ACC_028,2026-01-20 13:30:00,70.51794320725418,4.269948372163898,-0.9228643002726552,0,70.51794320725418,0,0,70.51794320725418,13,1,377.8717714189627,5.937197813847664,-0.9143349650824645,70.51794320725418
TRX_101968,ACC_028,2026-01-21 12:00:00,384.1290641778241,5.953578509740928,1.0684565992800383,0,384.1290641778241,0,0,384.1290641778241,12,2,370.3753365845307,5.9172132401022015,1.0621775430554425,384.1290641778242
TRX_100001,ACC_029,2026-01-01 00:15:00,416.5908679747859,6.034502168452853,1.1641694101075015,0,416.5908679747859,0,0,416.5908679747859,0,3,416.5908679747859,6.034502168452853,1.1571785887593335,416.590867974786
TRX_100069,ACC_029,2026-01-01 17:15:00,219.66875389970647,5.3966627259841635,0.4097620233551794,0,219.66875389970647,0,0,219.66875389970647,17,3,416.5908679747859,6.034502168452853,0.4083813273623691,219.66875389970642
TRX_100094,ACC_029,2026-01-01 23:30:00,55.94203633273399,4.042033843991135,-1.1924312040317362,0,55.94203633273399,0,0,55.94203633273399,23,3,318.1298109372462,5.765597950848708,-1.1818972435577784,55.942036332733984
TRX_100163,ACC_029,2026-01-02 16:45:00,53.55001029177513,3.9991179009458837,-1.2431902231313878,0,53.55001029177513,0,0,53.55001029177513,16,4,230.73388606907545,5.445589670503511,-1.232278794905835,53.55001029177512
TRX_100247,ACC_029,2026-01-03 13:45:00,80.91380867160434,4.405667580695852,-0.762341813540878,0,80.91380867160434,0,0,80.91380867160434,13,5,186.43791712475038,5.23344768191389,-0.7550061984662813,80.91380867160434
TRX_100309,ACC_029,2026-01-04 05:15:00,83.2923586109796,4.434291215715177,-0.7284870841897033,0,83.2923586109796,0,0,83.2923586109796,5,6,165.33309543412116,5.113992376826602,-0.7214032286801201,83.29235861097956
TRX_100359,ACC_029,2026-01-04 17:45:00,245.81159398036385,5.508625268157837,0.5421862091792377,0,245.81159398036385,0,0,245.81159398036385,17,6,151.65963929693092,5.028210863580496,0.5398207451478316,245.81159398036388
TRX_100366,ACC_029,2026-01-04 19:30:00,105.20228527238594,4.66534562714869,-0.4552064697885195,0,105.20228527238594,0,0,105.20228527238594,19,6,165.10991853742135,5.112649729089412,-0.4501548564479585,105.20228527238595
TRX_100402,ACC_029,2026-01-05 04:30:00,137.7587918086253,4.932737115005595,-0.1389480195221028,0,137.7587918086253,0,0,137.7587918086253,4,0,157.6214643792919,5.066520636609104,-0.13624825159271134,137.75879180862532
TRX_100480,ACC_029,2026-01-06 00:00:00,131.30191193402737,4.885086522520852,-0.1953069659279288,0,131.30191193402737,0,0,131.30191193402737,0,1,155.41450076032893,5.052509539672242,-0.19218808657441183,131.30191193402732
TRX_100487,ACC_029,2026-01-06 01:45:00,157.18156669871374,5.063743529573222,0.0160003895622204,0,157.18156669871374,0,0,157.18156669871374,1,1,153.0032418776988,5.036973653345945,0.017547888818423944,157.18156669871368
TRX_100545,ACC_029,2026-01-06 16:15:00,233.3963988831345,5.4570136944582845,0.4811423949394725,0,233.3963988831345,0,0,233.3963988831345,16,1,153.38308958870016,5.039437108203304,0.4792308811954949,233.39639888313457
TRX_100557,ACC_029,2026-01-06 19:15:00,291.42223795208906,5.678198778171446,0.7427500188687978,0,291.42223795208906,0,0,291.42223795208906,19,1,160.05086536323634,5.081720249020992,0.7388930687598887,291.42223795208906
TRX_100568,ACC_029,2026-01-06 22:00:00,149.6243353367763,5.014788891533284,-0.0419009224202674,0,149.6243353367763,0,0,149.6243353367763,22,1,170.15635556237885,5.142577498744098,-0.039922841989799694,149.62433533677637
TRX_100637,ACC_029,2026-01-07 15:15:00,201.3313495529619,5.309906697827485,0.3071509520903238,0,201.3313495529619,0,0,201.3313495529619,15,2,168.68978268912153,5.133971962349355,0.30653331990461863,201.33134955296197
TRX_100658,ACC_029,2026-01-07 20:30:00,81.4417429674673,4.41209189805334,-0.7547434241239857,0,81.4417429674673,0,0,81.4417429674673,20,2,170.8658871467109,5.146714446777895,-0.7474643142187127,81.44174296746728
TRX_100756,ACC_029,2026-01-08 21:00:00,214.53563865211584,5.373126272446547,0.3819241801230222,0,214.53563865211584,0,0,214.53563865211584,21,3,165.27687813550818,5.113654339463832,0.3807504993223971,214.53563865211575
TRX_100863,ACC_029,2026-01-09 23:45:00,25.234233251993643,3.2670651705630656,-2.1090287877010505,0,25.234233251993643,0,0,25.234233251993643,23,4,168.17445228354393,5.130930444539789,-2.0916785798850035,25.234233251993647
TRX_100895,ACC_029,2026-01-10 07:45:00,304.2582225421048,5.72115804970289,0.7935602849247592,0,304.2582225421048,0,0,304.2582225421048,7,5,160.23332900401334,5.082852564309556,0.7893254859679748,304.25822254210476
TRX_101098,ACC_029,2026-01-12 10:30:00,226.99969996001016,5.429344312988707,0.4484163131425765,0,226.99969996001016,0,0,226.99969996001016,10,0,167.81358655864975,5.128795068014311,0.44674816581374055,226.9996999600102
TRX_101146,ACC_029,2026-01-12 22:30:00,142.5613605249251,4.966762543281902,-0.0987042956004393,0,142.5613605249251,0,0,142.5613605249251,22,0,170.77289222871778,5.146173210306084,-0.09630379878097016,142.56136052492513
TRX_101152,ACC_029,2026-01-13 00:00:00,114.05328993814716,4.745395411797403,-0.3605272373265256,0,114.05328993814716,0,0,114.05328993814716,0,1,169.4294859571086,5.138321639079974,-0.356179702938515,114.05328993814717
TRX_101173,ACC_029,2026-01-13 05:15:00,147.32273325455412,4.9993905297394035,-0.0601134020941916,0,147.32273325455412,0,0,147.32273325455412,5,1,166.91238613806487,5.12344233228611,-0.05799988516641904,147.32273325455407
TRX_101176,ACC_029,2026-01-13 06:00:00,80.36025482065422,4.3988868837493404,-0.770361712473403,0,80.36025482065422,0,0,80.36025482065422,6,1,166.06066209965138,5.118356992564557,-0.7629664576880361,80.3602548206542
TRX_101225,ACC_029,2026-01-13 18:15:00,211.72053095643068,5.359979242966017,0.3663744735768486,0,211.72053095643068,0,0,211.72053095643068,18,1,162.48981179635982,5.09675067522365,0.3653164276500274,211.72053095643074
TRX_101271,ACC_029,2026-01-14 05:45:00,463.3991465266242,6.14074441202408,1.2898278877724485,0,463.3991465266242,0,0,463.3991465266242,5,2,164.45904056276268,5.108723675139898,1.281902611348622,463.399146526624
TRX_101298,ACC_029,2026-01-14 12:30:00,118.33431550092486,4.781928928153398,-0.3173170612729291,0,118.33431550092486,0,0,118.33431550092486,12,2,175.9567369459881,5.175905278663441,-0.3132908579171229,118.33431550092487
TRX_101301,ACC_029,2026-01-14 13:15:00,78.81655985391507,4.37973099989345,-0.7930184177795547,0,78.81655985391507,0,0,78.81655985391507,13,2,173.82257318876353,5.16377159211943,-0.7854546771612825,78.81655985391508
TRX_101320,ACC_029,2026-01-14 18:00:00,144.79503142368878,4.982201740967063,-0.0804435170977268,0,144.79503142368878,0,0,144.79503142368878,18,2,170.42950128394753,5.144172110862428,-0.0781788159481909,144.79503142368878
TRX_101335,ACC_029,2026-01-14 21:45:00,281.9165462280504,5.645151964501202,0.7036637556471825,0,281.9165462280504,0,0,281.9165462280504,21,2,169.54555404738687,5.139002440201135,0.7000974692303268,281.9165462280504
TRX_101375,ACC_029,2026-01-15 07:45:00,209.39264014626525,5.348975499958314,0.3533597484685893,0,209.39264014626525,0,0,209.39264014626525,7,3,173.29125378674232,5.16072777218918,0.3523984861107058,209.39264014626528
TRX_101422,ACC_029,2026-01-15 19:30:00,129.13294842472965,4.868556608064683,-0.2148577944559559,0,129.13294842472965,0,0,129.13294842472965,19,3,174.4558146370495,5.167387242757063,-0.21159352601854417,129.1329484247296
TRX_101466,ACC_029,2026-01-16 06:30:00,62.54142759422252,4.151692096234909,-1.0627324271877292,0,62.54142759422252,0,0,62.54142759422252,6,4,173.0394750679145,5.159282141690234,-1.0531629673394398,62.54142759422254
TRX_101565,ACC_029,2026-01-17 07:15:00,116.56311438467016,4.766975333073496,-0.3350034911730917,0,116.56311438467016,0,0,116.56311438467016,7,5,169.69104938689355,5.139855193668138,-0.3308457632715678,116.5631143846702
TRX_101593,ACC_029,2026-01-17 14:15:00,113.29905667209692,4.7388183176791925,-0.3683063241245117,0,113.29905667209692,0,0,113.29905667209692,14,5,168.12846306329877,5.130658562634892,-0.363900940817133,113.29905667209697
TRX_101616,ACC_029,2026-01-17 20:00:00,271.33938642988085,5.6070490327375895,0.6585973466648,0,271.33938642988085,0,0,271.33938642988085,20,5,166.5619085949787,5.121352886530666,0.6553661950943771,271.33938642988073
TRX_101618,ACC_029,2026-01-17 20:30:00,24.30540338876628,3.2310179456085857,-2.1516638004753146,0,24.30540338876628,0,0,24.30540338876628,20,5,169.47239409039264,5.138573372121193,-2.1339965388095954,24.305403388766276
TRX_101666,ACC_029,2026-01-18 08:30:00,190.2072026654833,5.253357670752351,0.2402673433030972,0,190.2072026654833,0,0,190.2072026654833,8,6,165.5489619092676,5.115289331712835,0.2401470888420858,190.20720266548338
TRX_101708,ACC_029,2026-01-18 19:00:00,263.0223670611184,5.576033823273822,0.621913972192728,0,263.0223670611184,0,0,263.0223670611184,19,6,166.1978629817996,5.119177919359588,0.6189556153123622,263.02236706111836
TRX_101742,ACC_029,2026-01-19 03:30:00,175.4024726418139,5.172768160718293,0.1449497482839906,0,175.4024726418139,0,0,175.4024726418139,3,0,168.680542573577,5.133917507879656,0.14553831993738198,175.40247264181392
TRX_101786,ACC_029,2026-01-19 14:30:00,176.7705819562625,5.180493853576435,0.1540873452588712,0,176.7705819562625,0,0,176.7705819562625,14,0,168.8485908252829,5.13490739798862,0.15460796547730052,176.77058195626256
TRX_101816,ACC_029,2026-01-19 22:00:00,19.9280272310344,3.041089276451044,-2.376302763556562,0,19.9280272310344,0,0,19.9280272310344,22,0,169.04181012116047,5.136044348700692,-2.356964981738583,19.928027231034402
TRX_101837,ACC_029,2026-01-20 03:15:00,306.01544379970056,5.7268980518584,0.800349297547326,0,306.01544379970056,0,0,306.01544379970056,3,1,165.49148195710984,5.114944148695053,0.796064012324738,306.01544379970045
TRX_101843,ACC_029,2026-01-20 04:45:00,69.19432743902371,4.251267502054895,-0.9449591809947496,0,69.19432743902371,0,0,69.19432743902371,4,1,168.75948106972825,5.134382618014443,-0.9362655379614233,69.1943274390237
TRX_101856,ACC_029,2026-01-20 08:00:00,203.85690637060912,5.32231171770628,0.3218230435388416,0,203.85690637060912,0,0,203.85690637060912,8,1,166.4966366690304,5.120963271475645,0.3210963028347193,203.85690637060907
TRX_101864,ACC_029,2026-01-20 10:00:00,166.0707209119074,5.118417201289451,0.0806659136068848,0,166.0707209119074,0,0,166.0707209119074,10,1,167.32686488462105,5.1259077134409425,0.08173252985156026,166.07072091190733
TRX_101865,ACC_029,2026-01-20 10:15:00,219.26720444833268,5.394841375038399,0.4076078125681591,0,219.26720444833268,0,0,219.26720444833268,10,1,167.29955740695337,5.125745471406929,0.4062431362919757,219.26720444833265
TRX_101879,ACC_029,2026-01-20 13:45:00,134.6161510932363,4.909828476770658,-0.1660433114626315,0,134.6161510932363,0,0,134.6161510932363,13,1,168.40525202485506,5.132293785425986,-0.16314205029895348,134.61615109323628
TRX_101907,ACC_029,2026-01-20 20:45:00,238.06860890710843,5.476750577292729,0.5044862793253947,0,238.06860890710843,0,0,238.06860890710843,20,1,167.70131242211298,5.1281297691429595,0.5024011695642177,238.06860890710837
TRX_101915,ACC_029,2026-01-20 22:45:00,,,0.1102524442842665,0,,1,1,149.6243353367763,22,1,169.137379697317,5.136606226567013,-0.8864179003725832,72.239042584966
TRX_100020,ACC_030,2026-01-01 05:00:00,221.2473853210332,5.403791109740033,0.4181931503802178,0,221.2473853210332,0,0,221.2473853210332,5,3,221.2473853210332,5.403791109740033,0.41674975659265107,221.24738532103316
TRX_100156,ACC_030,2026-01-02 15:00:00,286.05231374668256,5.6596644770120355,0.7208284932120688,0,286.05231374668256,0,0,286.05231374668256,15,4,221.2473853210332,5.403791109740033,0.7171345617971366,286.0523137466826
TRX_100179,ACC_030,2026-01-02 20:45:00,66.3815094932456,4.210370640417373,-0.993330122739778,0,66.3815094932456,0,0,66.3815094932456,20,4,253.6498495338579,5.539889462456133,-0.9842767708124092,66.38150949324562
TRX_100271,ACC_030,2026-01-03 19:45:00,258.5141134615424,5.558811088262055,0.6015437071262291,0,258.5141134615424,0,0,258.5141134615424,19,5,191.22706952032047,5.258677326995395,0.5987368330422299,258.5141134615424
TRX_100335,ACC_030,2026-01-04 11:45:00,248.49463030943815,5.519437393154117,0.5549742972474725,0,248.49463030943815,0,0,248.49463030943815,11,6,208.04883050562594,5.34256786345842,0.5525137350259135,248.49463030943824
TRX_100344,ACC_030,2026-01-04 14:00:00,465.886541306528,6.146086275916807,1.2961460006255834,0,465.886541306528,0,0,465.886541306528,14,6,216.13799046638837,5.380533052208006,1.288173739766375,465.88654130652816
TRX_100358,ACC_030,2026-01-04 17:30:00,58.44960183347102,4.085128925611772,-1.1414603079995438,0,58.44960183347102,0,0,58.44960183347102,17,6,257.762748939745,5.555911614630505,-1.1313053908929191,58.44960183347101
TRX_100447,ACC_030,2026-01-05 15:45:00,40.77371478660929,3.732267308876167,-1.5588089265427985,0,40.77371478660929,0,0,40.77371478660929,15,0,229.28944221027726,5.43933696213826,-1.5455504103622135,40.77371478660928
TRX_100455,ACC_030,2026-01-05 17:45:00,123.36342768967576,4.823208147448824,-0.2684938843378232,0,123.36342768967576,0,0,123.36342768967576,17,0,205.72497628231878,5.331389292877634,-0.26483075290795866,123.36342768967579
TRX_100493,ACC_030,2026-01-06 03:15:00,110.26136012811004,4.711882029344221,-0.4001653368141983,0,110.26136012811004,0,0,110.26136012811004,3,1,196.57369310535844,5.286111644393006,-0.3955230350221577,110.26136012811004
TRX_100505,ACC_030,2026-01-06 06:15:00,40.64995578046504,3.7293003069187716,-1.5623181610681902,0,40.64995578046504,0,0,40.64995578046504,6,1,187.9424598076336,5.241442523244459,-1.5490335485821682,40.649955780465035
TRX_100597,ACC_030,2026-01-07 05:15:00,47.39598457642607,3.8794168469839594,-1.384767167575909,0,47.39598457642607,0,0,47.39598457642607,5,2,174.5522321688001,5.167936617821555,-1.372802907127727,47.39598457642607
TRX_100767,ACC_030,2026-01-08 23:45:00,81.84525229679905,4.416974437424301,-0.7489685793553627,0,81.84525229679905,0,0,81.84525229679905,23,3,163.95587820276893,5.105678033309831,-0.7417324138904924,81.84525229679906
TRX_100832,ACC_030,2026-01-09 16:00:00,435.5591202106625,6.0789238075989225,1.2167092978474885,0,435.5591202106625,0,0,435.5591202106625,16,4,157.639676210002,5.066635443173162,1.209327765377513,435.5591202106627
TRX_100833,ACC_030,2026-01-09 16:15:00,188.33489322432803,5.24351736887999,0.2286286832797389,0,188.33489322432803,0,0,188.33489322432803,16,4,177.49106506719204,5.184538544320885,0.22859497932558367,188.3348932243281
TRX_100851,ACC_030,2026-01-09 20:45:00,160.93015766320005,5.087165116735249,0.0437023740868972,0,160.93015766320005,0,0,160.93015766320005,20,4,178.21398694433444,5.188580549639643,0.04504386845965885,160.93015766320008
TRX_100859,ACC_030,2026-01-09 22:45:00,252.81019267611268,5.536586714742257,0.575257732266496,0,252.81019267611268,0,0,252.81019267611268,22,4,177.13374761426354,5.182534659230496,0.5726463329573207,252.8101926761128
TRX_100924,ACC_030,2026-01-10 15:00:00,199.55034178094687,5.3010652964327445,0.2966937459702081,0,199.55034178094687,0,0,199.55034178094687,15,5,181.58530320613704,5.207217478646411,0.29615387844883523,199.55034178094692
TRX_101007,ACC_030,2026-01-11 11:45:00,281.4175466436132,5.643386637695978,0.7015758076571084,0,281.4175466436132,0,0,281.4175466436132,11,6,182.58336090473756,5.212668847199012,0.6980250481958015,281.41754664361315
TRX_101009,ACC_030,2026-01-11 12:15:00,664.1278258034681,6.499979241437436,1.7147144514494017,1,664.1278258034681,0,0,664.1278258034681,12,6,187.78516015415207,5.2406096497437575,1.7036295202741871,664.1278258034681
TRX_101029,ACC_030,2026-01-11 17:15:00,273.1539443341321,5.613689789250232,0.6664517304378875,0,273.1539443341321,0,0,273.1539443341321,17,6,211.60229343661786,5.359423253416068,0.6631621700046539,273.1539443341322
TRX_101082,ACC_030,2026-01-12 06:30:00,141.11472964503838,4.956634686627872,-0.1106830622978972,0,141.11472964503838,0,0,141.11472964503838,6,0,214.5333244317376,5.373115535322902,-0.10819348577964,141.1147296450384
TRX_101104,ACC_030,2026-01-12 12:00:00,274.0335407471628,5.6168930565826,0.6702404088675682,0,274.0335407471628,0,0,274.0335407471628,12,0,211.19611557779672,5.357510920535411,0.6669226740536289,274.03354074716293
TRX_101148,ACC_030,2026-01-12 23:00:00,114.640632062159,4.7504873829076715,-0.3545046862534085,0,114.640632062159,0,0,114.640632062159,23,0,213.9281775416822,5.370303914372213,-0.35020193836546737,114.64063206215896
TRX_101293,ACC_030,2026-01-14 11:15:00,103.41141953455136,4.648339051981567,-0.4753210708545479,0,103.41141953455136,0,0,103.41141953455136,11,2,209.7911964800354,5.350868053366458,-0.4701198759544286,103.41141953455131
TRX_101297,ACC_030,2026-01-14 12:15:00,181.07293195084955,5.204407331812642,0.1823711161001849,0,181.07293195084955,0,0,181.07293195084955,12,2,205.53600540221603,5.330474757503385,0.18268140500064417,181.07293195084964
TRX_101302,ACC_030,2026-01-14 13:30:00,66.06630332543885,4.205681731930058,-0.9988759497349616,0,66.06630332543885,0,0,66.06630332543885,13,2,204.59511796177887,5.325908787976998,-0.9897813564502195,66.06630332543884
TRX_101315,ACC_030,2026-01-14 16:45:00,69.30114806804337,4.252788129665395,-0.9431606520461157,0,69.30114806804337,0,0,69.30114806804337,16,2,199.4644211233959,5.300636780244245,-0.9344803837132949,69.30114806804335
TRX_101392,ACC_030,2026-01-15 12:00:00,171.7727776799609,5.151977307385465,0.1203592756872136,0,171.7727776799609,0,0,171.7727776799609,12,3,194.81573279999046,5.27717407824732,0.1211307135694331,171.77277767996085
TRX_101402,ACC_030,2026-01-15 14:30:00,25.965770376638964,3.2945682978837403,-2.0764993437249903,0,25.965770376638964,0,0,25.965770376638964,14,3,194.02114814067912,5.273108004686736,-2.0593910400334923,25.96577037663898
TRX_101512,ACC_030,2026-01-16 18:00:00,75.4795723996785,4.337023677719128,-0.8435306896328296,0,75.4795723996785,0,0,75.4795723996785,18,4,188.4193022152111,5.243963087994375,-0.8355913161906254,75.47957239967849
TRX_101568,ACC_030,2026-01-17 08:00:00,483.07301568207714,6.182235754185847,1.3389019539543,0,483.07301568207714,0,0,483.07301568207714,8,5,184.77608512438746,5.224542105094365,1.3306117398750223,483.07301568207697
TRX_101607,ACC_030,2026-01-17 17:45:00,170.0887329296135,5.1421823279386185,0.1087742209606067,0,170.0887329296135,0,0,170.0887329296135,17,5,194.09786420431527,5.273501300384702,0.10963181071568191,170.08873292961357
TRX_101624,ACC_030,2026-01-17 22:00:00,184.2495611282448,5.221703895095089,0.2028287018763229,0,184.2495611282448,0,0,184.2495611282448,22,5,193.37031477174855,5.269765178574816,0.20298685862287233,184.2495611282448
TRX_101630,ACC_030,2026-01-17 23:30:00,253.90546816410028,5.540892763345385,0.5803507300612715,0,253.90546816410028,0,0,253.90546816410028,23,5,193.1020573116455,5.268384089354473,0.5777014568439599,253.90546816410017
TRX_101635,ACC_030,2026-01-18 00:45:00,366.8715578552624,5.907733849677411,1.0142336273339851,0,366.8715578552624,0,0,366.8715578552624,0,6,194.83929762171564,5.277294412827107,1.0083577984307268,366.8715578552625
TRX_101778,ACC_030,2026-01-19 12:30:00,239.2651350395697,5.481743042909126,0.5103911398409805,0,239.2651350395697,0,0,239.2651350395697,12,0,199.61797151709192,5.301402460333999,0.5082621187816374,239.26513503956977
TRX_101806,ACC_030,2026-01-19 19:30:00,123.30582834601218,4.822744886765843,-0.2690418079342067,0,123.30582834601218,0,0,123.30582834601218,19,0,200.6895164771589,5.306729467789639,-0.2653746018888031,123.30582834601219
TRX_101814,ACC_030,2026-01-19 21:30:00,73.68014013709826,4.313214195172809,-0.8716914591176604,0,73.68014013709826,0,0,73.68014013709826,21,0,198.65310363160242,5.2965813787507985,-0.8635426690529688,73.68014013709823
TRX_101923,ACC_030,2026-01-21 00:45:00,564.8567953310362,6.33834103440768,1.523536156026514,1,564.8567953310362,0,0,564.8567953310362,0,2,195.44866867020488,5.280401169041851,1.5138729158651738,564.856795331036
TRX_101943,ACC_030,2026-01-21 05:45:00,176.3523081001961,5.178138195514398,0.1513011803961514,0,176.3523081001961,0,0,176.3523081001961,5,2,204.68387183672564,5.326340387346409,0.15184251983660196,176.3523081001961
TRX_101981,ACC_030,2026-01-21 15:15:00,275.5050488331545,5.622229080590092,0.6765516145709332,0,275.5050488331545,0,0,275.5050488331545,15,2,203.99285808705417,5.322975139931795,0.6731869466863996,275.5050488331545
TRX_100077,ACC_031,2026-01-01 19:15:00,127.10439418406114,4.852845511078305,-0.2334401630448775,0,127.10439418406114,0,0,127.10439418406114,19,3,127.10439418406114,4.852845511078305,-0.23003770744358853,127.1043941840611
TRX_100270,ACC_031,2026-01-03 19:30:00,124.87562839820409,4.835294343266218,-0.2541988834405952,0,124.87562839820409,0,0,124.87562839820409,19,5,127.10439418406114,4.852845511078305,-0.25064205630784747,124.8756283982041
TRX_100369,ACC_031,2026-01-04 20:15:00,361.92651611236056,5.8942003788199555,0.9982268555612231,0,361.92651611236056,0,0,361.92651611236056,20,6,125.99001129113262,4.844108432114496,0.9924700604820721,361.92651611236056
TRX_100380,ACC_031,2026-01-04 23:00:00,184.5970183340944,5.223577755212789,0.2050450181158168,0,184.5970183340944,0,0,184.5970183340944,23,6,204.63551289820862,5.326105246769356,0.20518669330061456,184.59701833409434
TRX_100512,ACC_031,2026-01-06 08:00:00,78.46495665351765,4.375316127669715,-0.7982401271869614,0,78.46495665351765,0,0,78.46495665351765,8,1,199.62588925718006,5.301441926309,-0.7906375555009408,78.46495665351766
TRX_100548,ACC_031,2026-01-06 17:00:00,376.5995489131077,5.933834239654922,1.0451039775900632,0,376.5995489131077,0,0,376.5995489131077,17,1,175.39370273644755,5.172718444162501,1.0389985823573369,376.5995489131078
TRX_100616,ACC_031,2026-01-07 10:00:00,86.2826951576968,4.469152220490044,-0.6872550785144528,0,86.2826951576968,0,0,86.2826951576968,10,2,208.92801043255758,5.3467646644815465,-0.6804778434390714,86.28269515769679
TRX_100633,ACC_031,2026-01-07 14:15:00,33.97012043539826,3.5544939950327015,-1.769071090030019,0,33.97012043539826,0,0,33.97012043539826,14,2,191.40725110757745,5.259614225190766,-1.7542489662875702,33.97012043539826
TRX_100674,ACC_031,2026-01-08 00:30:00,94.06950007727616,4.554608203887314,-0.5861816408675659,0,94.06950007727616,0,0,94.06950007727616,0,3,171.72760977355506,5.15171584367484,-0.5801560350382037,94.06950007727619
TRX_100722,ACC_031,2026-01-08 12:30:00,320.3027510244032,5.772383828252613,0.8541477982658553,0,320.3027510244032,0,0,320.3027510244032,12,3,163.09893091841298,5.1004694832571085,0.8494624422880488,320.30275102440334
TRX_100796,ACC_031,2026-01-09 07:00:00,391.3997168441002,5.972281006090795,1.0905770585329808,0,391.3997168441002,0,0,391.3997168441002,7,4,178.819312929012,5.191952529667401,1.0841335042513587,391.39971684410017
TRX_100821,ACC_031,2026-01-09 13:15:00,259.45914366389985,5.562446010750615,0.6058429275774267,0,259.45914366389985,0,0,259.45914366389985,13,4,198.14480419402,5.294032219375279,0.6030040824840166,259.45914366389985
TRX_100883,ACC_031,2026-01-10 04:45:00,209.1695925616535,5.347914788424193,0.3521051872682701,0,209.1695925616535,0,0,209.1695925616535,4,5,203.25433248317665,5.319365945183088,0.3511532544128853,209.16959256165347
TRX_101010,ACC_031,2026-01-11 12:30:00,408.6009847563751,6.015183477912777,1.1413201444844658,0,408.6009847563751,0,0,408.6009847563751,12,6,203.70935248921336,5.321591180383746,1.1344992409375743,408.6009847563753
TRX_101014,ACC_031,2026-01-11 13:30:00,68.0492409490227,4.234819887021857,-0.9644126695205734,0,68.0492409490227,0,0,68.0492409490227,13,6,218.3444690797249,5.390643412248615,-0.9555743612690303,68.04924094902273
TRX_101019,ACC_031,2026-01-11 14:45:00,449.7074491874495,6.1108184575996205,1.2544328344561355,0,449.7074491874495,0,0,449.7074491874495,14,6,208.32478720434477,5.343887051509755,1.2467707721650867,449.7074491874497
TRX_101083,ACC_031,2026-01-12 06:45:00,96.8966754285453,4.583912590109445,-0.5515217500576566,0,96.8966754285453,0,0,96.8966754285453,6,0,223.4112035782888,5.413480099221708,-0.5457538913496258,96.89667542854532
TRX_101167,ACC_031,2026-01-13 03:45:00,103.66180848504436,4.650734280414916,-0.4724881039623098,0,103.66180848504436,0,0,103.66180848504436,3,1,215.96917251065685,5.379755281285803,-0.46730797632594134,103.6618084850444
TRX_101183,ACC_031,2026-01-13 07:45:00,61.60753274325316,4.136885602228687,-1.0802448726504383,0,61.60753274325316,0,0,61.60753274325316,7,1,209.72987450923392,5.350577097703956,-1.070545182085894,61.60753274325316
TRX_101223,ACC_031,2026-01-13 17:45:00,241.4812830079394,5.490924523926325,0.5212505766200746,0,241.4812830079394,0,0,241.4812830079394,17,1,201.93396178470863,5.312880614711178,0.519040799721527,241.48128300793928
TRX_101362,ACC_031,2026-01-15 04:30:00,,,0.1102524442842665,0,,1,1,141.13258961123148,4,3,203.91132784587018,5.322577338469613,-0.498017432588237,100.95947129349577
TRX_101446,ACC_031,2026-01-16 01:30:00,117.14371969020168,4.771901846826142,-0.329176635512444,0,117.14371969020168,0,0,117.14371969020168,1,4,203.91132784587018,5.322577338469613,-0.32506223882858565,117.14371969020166
TRX_101529,ACC_031,2026-01-16 22:15:00,50.96493172926972,3.950569101256586,-1.3006115280318968,0,50.96493172926972,0,0,50.96493172926972,22,4,199.77953698131452,5.302207475161083,-1.2892730881887255,50.964931729269736
TRX_101567,ACC_031,2026-01-17 07:45:00,346.16995794975014,5.849814452400125,0.9457292072041932,0,346.16995794975014,0,0,346.16995794975014,7,5,193.01523674258522,5.267936695889464,0.9403628091350876,346.16995794975026
TRX_101576,ACC_031,2026-01-17 10:00:00,165.56295082162,5.115373320977859,0.0770657508722522,0,165.56295082162,0,0,165.56295082162,10,5,199.67413766463585,5.301682386834549,0.07815913960695844,165.56295082162003
TRX_101772,ACC_031,2026-01-19 11:00:00,155.16078503840183,5.050886149793551,0.0007932674649694,0,155.16078503840183,0,0,155.16078503840183,11,0,198.25283821284356,5.2945745620498945,0.0024538539771541993,155.16078503840177
TRX_101780,ACC_031,2026-01-19 13:00:00,125.39461041433488,4.839408841676586,-0.2493324424730247,0,125.39461041433488,0,0,125.39461041433488,13,0,196.52915608586588,5.285886199196788,-0.24581180446612844,125.39461041433485
TRX_101798,ACC_031,2026-01-19 17:30:00,318.6683002286616,5.767283896406635,0.848115831597806,0,318.6683002286616,0,0,318.6683002286616,17,0,193.79321202157618,5.27193854471617,0.8434753321388254,318.66830022866156
TRX_101947,ACC_031,2026-01-21 06:45:00,40.29304722923644,3.720694137834502,-1.572497145145568,0,40.29304722923644,0,0,40.29304722923644,6,2,198.41821528850528,5.295404203849544,-1.5591368369841496,40.29304722923645
TRX_100151,ACC_032,2026-01-02 13:45:00,385.5335007664912,5.957218541545452,1.0727618627970108,0,385.5335007664912,0,0,385.5335007664912,13,4,385.5335007664912,5.957218541545452,1.066450790623947,385.5335007664912
TRX_100154,ACC_032,2026-01-02 14:30:00,221.25798335860927,5.403838794372548,0.4182495495876177,0,221.25798335860927,0,0,221.25798335860927,14,4,385.5335007664912,5.957218541545452,0.4168057363892272,221.2579833586093
TRX_100166,ACC_032,2026-01-02 17:30:00,154.54422774544568,5.046930113979086,-0.0038857511751101,0,154.54422774544568,0,0,154.54422774544568,17,4,303.39574206255026,5.718328637921729,-0.0021903692969575486,154.54422774544574
TRX_100201,ACC_032,2026-01-03 02:15:00,116.83098107122224,4.7692512338488005,-0.3323116595896467,0,116.83098107122224,0,0,116.83098107122224,2,5,253.7785706235154,5.540394817427719,-0.3281739494038598,116.83098107122228
TRX_100202,ACC_032,2026-01-03 02:30:00,403.4012949282289,6.002407689238689,1.1262095246237456,0,403.4012949282289,0,0,403.4012949282289,2,5,219.5416732354421,5.396086671294778,1.119500990697173,403.40129492822877
TRX_100221,ACC_032,2026-01-03 07:15:00,212.27011951274383,5.362559528991695,0.3694263181447717,0,212.27011951274383,0,0,212.27011951274383,7,5,256.31359757399946,5.550295565050293,0.36834557727766787,212.27011951274392
TRX_100228,ACC_032,2026-01-03 09:00:00,157.0690418929161,5.063031911587427,0.0151587202810739,0,157.0690418929161,0,0,157.0690418929161,9,5,248.97301789712353,5.52135298362605,0.016712478582798396,157.06904189291603
TRX_100230,ACC_032,2026-01-03 09:30:00,252.52802586775388,5.535474372611745,0.5739421047527655,0,252.52802586775388,0,0,252.52802586775388,9,5,235.84387846795104,5.467401183428627,0.5713404890636907,252.52802586775394
TRX_100256,ACC_032,2026-01-03 16:00:00,219.52903545935075,5.396029366305598,0.4090129144287515,0,219.52903545935075,0,0,219.52903545935075,16,5,237.92939689292638,5.476168097799389,0.40763778915947324,219.52903545935084
TRX_100285,ACC_032,2026-01-03 23:15:00,170.44478299750222,5.144261249734985,0.1112330747962821,0,170.44478299750222,0,0,170.44478299750222,23,5,235.88491228919577,5.467574421036929,0.11207237936686565,170.44478299750216
TRX_100373,ACC_032,2026-01-04 21:15:00,85.51745895450813,4.460346231195732,-0.6976704008181013,0,85.51745895450813,0,0,85.51745895450813,21,6,229.3408993600264,5.43956038272227,-0.6908157125459908,85.51745895450813
TRX_100386,ACC_032,2026-01-05 00:30:00,291.94160708576715,5.679973295932896,0.7448488375024971,0,291.94160708576715,0,0,291.94160708576715,0,0,216.26604114134295,5.381122598664053,0.7409762795988606,291.94160708576715
TRX_100425,ACC_032,2026-01-05 10:15:00,108.79339924223773,4.698600411077466,-0.4158742288351814,0,108.79339924223773,0,0,108.79339924223773,10,0,222.57233830337827,5.4097350229992545,-0.4111151083918669,108.79339924223771
TRX_100446,ACC_032,2026-01-05 15:30:00,206.78979392067808,5.336526962544022,0.3386361864648718,0,206.78979392067808,0,0,206.78979392067808,15,0,213.82011222175208,5.369800990568759,0.33778441538447146,206.78979392067802
TRX_100470,ACC_032,2026-01-05 21:30:00,759.066335381664,6.633405712868329,1.8725251933599003,1,732.128172029599,1,0,759.066335381664,21,0,213.31794662881822,5.367460644324547,1.8602667078689588,759.0663353816636
TRX_100515,ACC_032,2026-01-06 08:45:00,109.24030124179616,4.702662539861362,-0.4110697282720782,0,109.24030124179616,0,0,109.24030124179616,8,1,249.7011725456746,5.524261682240166,-0.40634633633686457,109.24030124179612
TRX_100526,ACC_032,2026-01-06 11:30:00,212.51626966812557,5.363713034299807,0.370790631586615,0,212.51626966812557,0,0,212.51626966812557,11,1,240.9223680891822,5.488616881671691,0.369699745048131,212.51626966812557
TRX_100585,ACC_032,2026-01-07 02:15:00,281.26470190693817,5.642845289917471,0.7009355262073953,0,281.26470190693817,0,0,281.26470190693817,2,2,239.2514211232377,5.48168596301808,0.6973895281777216,281.2647019069381
TRX_100588,ACC_032,2026-01-07 03:00:00,99.79777874938269,4.613116319178026,-0.5169809119357931,0,99.79777874938269,0,0,99.79777874938269,3,2,241.58549227788774,5.491354193723809,-0.5114699150177512,99.79777874938273
TRX_100704,ACC_032,2026-01-08 08:00:00,70.49336009168834,4.269604579537149,-0.9232709225036776,0,70.49336009168834,0,0,70.49336009168834,8,3,234.12298103954535,5.460108700830666,-0.9147385634808354,70.49336009168833
TRX_100730,ACC_032,2026-01-08 14:30:00,139.81833555466926,4.947470659355385,-0.121521855584192,0,139.81833555466926,0,0,139.81833555466926,14,3,225.9414999921525,5.424692274982987,-0.11895167674137556,139.81833555466923
TRX_100774,ACC_032,2026-01-09 01:30:00,622.6386678874265,6.435571142777955,1.6385354914162582,1,622.6386678874265,0,0,622.6386678874265,1,4,221.84039692370092,5.4064558063559325,1.6280170625350718,622.6386678874268
TRX_100818,ACC_032,2026-01-09 12:30:00,288.9601073932755,5.669743352805334,0.7327493275825407,0,288.9601073932755,0,0,288.9601073932755,12,4,240.05850014932483,5.485039643243077,0.7289667472806369,288.96010739327545
TRX_100892,ACC_032,2026-01-10 07:00:00,413.32828229094633,6.026658611998252,1.1548924094490638,0,413.32828229094633,0,0,413.32828229094633,7,5,242.18465698601833,5.493821060050966,1.147970576206698,413.32828229094633
TRX_100896,ACC_032,2026-01-10 08:00:00,146.16863117722332,4.991579080169414,-0.069352428194608,0,146.16863117722332,0,0,146.16863117722332,8,5,249.31564137372365,5.522722686991565,-0.06717020555756627,146.1686311772233
TRX_101123,ACC_032,2026-01-12 16:45:00,97.7123327428262,4.592209890435294,-0.5417080818534824,0,97.7123327428262,0,0,97.7123327428262,16,0,245.18976096586366,5.50610262460716,-0.5360132021615484,97.71233274282622
TRX_101291,ACC_032,2026-01-14 10:45:00,465.6077997459244,6.145489075576902,1.295439659314905,0,465.6077997459244,0,0,465.6077997459244,10,2,239.5175521880545,5.482793068953667,1.2874726511392813,465.60779974592435
TRX_101296,ACC_032,2026-01-14 12:00:00,279.85468804816287,5.637837411195056,0.6950124357733399,0,279.85468804816287,0,0,279.85468804816287,12,2,247.8912650605682,5.517016114585647,0.6915104846080126,279.854688048163
TRX_101323,ACC_032,2026-01-14 18:45:00,235.1841490666613,5.46461179341091,0.4901290796652561,0,235.1841490666613,0,0,235.1841490666613,18,2,249.03281588155372,5.521592172774159,0.4881507367402205,235.1841490666613
TRX_101332,ACC_032,2026-01-14 21:00:00,239.75855761721988,5.483794595704738,0.5128176228714617,0,239.75855761721988,0,0,239.75855761721988,21,2,248.55527564655745,5.519680436331539,0.5106705573520395,239.75855761722
TRX_101351,ACC_032,2026-01-15 01:45:00,156.66675057441685,5.060483632008144,0.0121447314774327,0,156.66675057441685,0,0,156.66675057441685,1,3,248.2620517122462,5.518504759577731,0.013720903206312031,156.6667505744169
TRX_101354,ACC_032,2026-01-15 02:30:00,354.0279095475663,5.872196404828997,0.9722015592069606,0,354.0279095475663,0,0,354.0279095475663,2,3,245.30736457876782,5.5065802055270865,0.9666383003756268,354.0279095475663
TRX_101405,ACC_032,2026-01-15 15:15:00,65.87472732837753,4.202821127875186,-1.0022593416763828,0,65.87472732837753,0,0,65.87472732837753,15,3,248.7048816090428,5.520279746990677,-0.9931395879103794,65.87472732837755
TRX_101547,ACC_032,2026-01-17 02:45:00,393.2618632387903,5.977015316040504,1.096176584306131,0,393.2618632387903,0,0,393.2618632387903,2,5,243.16457390356805,5.497842481142974,1.0896913893379652,393.2618632387903
TRX_101611,ACC_032,2026-01-17 18:45:00,45.92458252396696,3.848541685767402,-1.421284899371843,0,45.92458252396696,0,0,45.92458252396696,18,5,247.5792000604864,5.515761507275686,-1.4090490760298373,45.924582523966954
TRX_101612,ACC_032,2026-01-17 19:00:00,221.85419384009552,5.406517718331913,0.4214180586024741,0,221.85419384009552,0,0,221.85419384009552,19,5,241.81763955944297,5.49231070712073,0.41995068289253473,221.85419384009543
TRX_101693,ACC_032,2026-01-18 15:15:00,62.88841425719332,4.157138034415692,-1.0562912200157826,0,62.88841425719332,0,0,62.88841425719332,15,6,241.26309940057217,5.490024323201906,-1.0467696599896703,62.88841425719333
TRX_101741,ACC_032,2026-01-19 03:15:00,164.20079377957688,5.107161666036453,0.0673533801206392,0,164.20079377957688,0,0,164.20079377957688,3,0,236.44216196426464,5.469924065245281,0.06851899457631676,164.20079377957688
TRX_101776,ACC_032,2026-01-19 12:00:00,70.13003526613608,4.264509684543643,-0.9292969318124648,0,70.13003526613608,0,0,70.13003526613608,12,0,234.5410733278255,5.461885307284337,-0.9207197605724992,70.1300352661361
TRX_101790,ACC_032,2026-01-19 15:30:00,9.287095753712876,2.330890270330795,-3.216293740294527,0,9.287095753712876,0,0,9.287095753712876,15,0,230.32540568521807,5.443825401879231,-3.190709393610373,9.287095753712874
TRX_101810,ACC_032,2026-01-19 20:30:00,275.897236212507,5.6236464489516145,0.6782280131917886,0,275.897236212507,0,0,275.897236212507,20,0,224.79944793693045,5.419647206791981,0.6748508788248561,275.897236212507
TRX_101820,ACC_032,2026-01-19 23:00:00,221.86668179350255,5.406573753191814,0.4214843340777897,0,221.86668179350255,0,0,221.86668179350255,23,0,226.04573545584697,5.425151474966542,0.4200164655124899,221.8666817935026
TRX_101849,ACC_032,2026-01-20 06:15:00,64.37121157681014,4.180081971594081,-1.0291541780956956,0,64.37121157681014,0,0,64.37121157681014,6,1,225.9462341781721,5.42471313558645,-1.0198344217761994,64.37121157681011
TRX_101867,ACC_032,2026-01-20 10:45:00,171.8435444203049,5.152386817798069,0.1208436259165202,0,171.8435444203049,0,0,171.8435444203049,10,1,222.18867551302415,5.408017492271177,0.12161146194442328,171.84354442030488
TRX_101949,ACC_032,2026-01-21 07:15:00,224.50536824573143,5.418343964627143,0.4354056030668657,0,224.50536824573143,0,0,224.50536824573143,7,2,221.0444679881896,5.4028776680667665,0.4338342094493119,224.50536824573152
TRX_101964,ACC_032,2026-01-21 11:00:00,138.34544310462192,4.936956052314126,-0.1339580529915256,0,138.34544310462192,0,0,138.34544310462192,11,2,221.12137688280163,5.4032239751782605,-0.13129539278171265,138.34544310462192
TRX_101973,ACC_032,2026-01-21 13:15:00,57.59828180769372,4.070705375465287,-1.158519824939397,0,57.59828180769372,0,0,57.59828180769372,13,2,219.32190006153687,5.3950896590423625,-1.1482380453043626,57.598281807693716
TRX_100024,ACC_033,2026-01-01 06:00:00,156.19783713133236,5.057505121193917,0.0086218848013511,0,156.19783713133236,0,0,156.19783713133236,6,3,156.19783713133236,5.057505121193917,0.010224254061971996,156.19783713133234
TRX_100111,ACC_033,2026-01-02 03:45:00,81.42653936261082,4.411907464702248,-0.7549615634756215,0,81.42653936261082,0,0,81.42653936261082,3,4,156.19783713133236,5.057505121193917,-0.7476808313843398,81.42653936261085
TRX_100122,ACC_033,2026-01-02 06:30:00,310.4331649510947,5.741184756462008,0.817246959823581,0,310.4331649510947,0,0,310.4331649510947,6,4,118.8121882469716,4.785925418794938,0.8128360156993877,310.43316495109474
TRX_100184,ACC_033,2026-01-02 22:00:00,64.42498669532897,4.1809042450585885,-1.0281816305637432,0,64.42498669532897,0,0,64.42498669532897,22,4,182.68584714834597,5.2132269459670075,-1.0188691065615125,64.424986695329
TRX_100196,ACC_033,2026-01-03 01:00:00,104.27750522386732,4.656599770714431,-0.4655506696892713,0,104.27750522386732,0,0,104.27750522386732,1,5,153.12063203509172,5.037735620677991,-0.46042213205135696,104.27750522386728
TRX_100222,ACC_033,2026-01-03 07:30:00,146.05595443298438,4.99081315675405,-0.0702583274597912,0,146.05595443298438,0,0,146.05595443298438,7,5,143.35200667284684,4.9722548074522015,-0.06806936813309575,146.05595443298435
TRX_100243,ACC_033,2026-01-03 12:45:00,161.96380654146952,5.093528130393097,0.051228256285257,0,161.96380654146952,0,0,161.96380654146952,12,5,143.80266463286975,4.975371881943001,0.0525137846862057,161.9638065414695
TRX_100259,ACC_033,2026-01-03 16:45:00,83.30083508586364,4.434391771078124,-0.7283681518949383,0,83.30083508586364,0,0,83.30083508586364,16,5,146.39711347695544,4.993130396639169,-0.7212851808213961,83.30083508586367
TRX_100295,ACC_033,2026-01-04 01:45:00,77.09933681994262,4.357981565387599,-0.8187426564459425,0,77.09933681994262,0,0,77.09933681994262,1,6,138.51007867806896,4.9381368472399245,-0.8109876183853016,77.09933681994264
TRX_100318,ACC_033,2026-01-04 07:30:00,190.142454806074,5.253018986729687,0.2398667632958724,0,190.142454806074,0,0,190.142454806074,7,6,131.68666291605493,4.8879904307562825,0.23974948773471647,190.14245480607406
TRX_100320,ACC_033,2026-01-04 08:00:00,20.467722288555088,3.0665505181658412,-2.3461883687000973,0,20.467722288555088,0,0,20.467722288555088,8,6,137.5322421050568,4.931103093517206,-2.3270745315744854,20.467722288555088
TRX_100329,ACC_033,2026-01-04 10:15:00,63.58336011784764,4.167956794293224,-1.0434952845127654,0,63.58336011784764,0,0,63.58336011784764,10,6,126.89001303082941,4.8511706213361405,-1.0340688810339929,63.58336011784765
TRX_100345,ACC_033,2026-01-04 14:15:00,204.70228690972075,5.326429914291426,0.3266938585387849,0,204.70228690972075,0,0,204.70228690972075,14,6,121.61445862141426,4.809044949839019,0.3259308961814653,204.70228690972067
TRX_100348,ACC_033,2026-01-04 15:00:00,178.0274064339061,5.187538902690142,0.1624199078718751,0,178.0274064339061,0,0,178.0274064339061,15,6,128.00583002820707,4.859857597357562,0.16287856326650865,178.02740643390612
TRX_100371,ACC_033,2026-01-04 20:45:00,99.0992218492906,4.6061619125575985,-0.5252062667439298,0,99.0992218492906,0,0,99.0992218492906,20,6,131.5787997714713,4.887177183909629,-0.5196341022493564,99.09922184929059
TRX_100375,ACC_033,2026-01-04 21:45:00,249.69817583171172,5.524249728838261,0.5606661082988533,0,249.69817583171172,0,0,249.69817583171172,21,6,129.41349457665925,4.87071013015557,0.5581632191143591,249.69817583171178
TRX_100397,ACC_033,2026-01-05 03:15:00,196.7224657077581,5.2868643590658255,0.279897525267791,0,196.7224657077581,0,0,196.7224657077581,3,0,136.93128715510002,4.926755641988351,0.2794825622811451,196.72246570775812
TRX_100437,ACC_033,2026-01-05 13:15:00,313.2941047332806,5.750329186813358,0.8280625747657996,0,313.2941047332806,0,0,313.2941047332806,13,0,140.4484153052564,4.951935094469948,0.8235712006820292,313.2941047332805
TRX_100504,ACC_033,2026-01-06 06:00:00,43.19114872351933,3.7885245139059207,-1.492270471554466,0,43.19114872351933,0,0,43.19114872351933,6,1,150.0509536068133,5.017617220999203,-1.479506766373868,43.191148723519326
TRX_100533,ACC_033,2026-01-06 13:15:00,21.2231513858374,3.1011346007003877,-2.305283894014221,0,21.2231513858374,0,0,21.2231513858374,13,1,144.42675334979782,4.979672546453027,-2.2864742416495387,21.223151385837408
TRX_100534,ACC_033,2026-01-06 13:30:00,,,0.1102524442842665,0,,1,1,153.01169027193026,13,1,138.2665732515998,4.936389889690127,-0.42484630056456973,107.51668349009273
TRX_100540,ACC_033,2026-01-06 15:00:00,66.39489664457531,4.2105692976120155,-0.9930951600750516,0,66.39489664457531,0,0,66.39489664457531,15,1,138.2665732515998,4.936389889690127,-0.9840435554396977,66.39489664457528
TRX_100699,ACC_033,2026-01-08 06:45:00,96.0634567778425,4.575364958198043,-0.5616314990381263,0,96.0634567778425,0,0,96.0634567778425,6,3,134.8441124607891,4.911507996403875,-0.5557884595191867,96.0634567778425
TRX_100751,ACC_033,2026-01-08 19:45:00,89.19512187881305,4.501975344439987,-0.6484333852866323,0,89.19512187881305,0,0,89.19512187881305,19,3,133.08135538429153,4.898446745455737,-0.6419448464373746,89.19512187881305
TRX_100771,ACC_033,2026-01-09 00:45:00,594.8575746395508,6.390001669782189,1.584637998176642,1,594.8575746395508,0,0,594.8575746395508,0,4,131.17325827535768,4.884113624621093,1.5745203762052546,594.857574639551
TRX_100785,ACC_033,2026-01-09 04:15:00,163.45885953849313,5.102660444935786,0.0620295412018579,0,163.45885953849313,0,0,163.45885953849313,4,4,150.49343812386573,5.0205423112976435,0.0632347462079868,163.45885953849316
TRX_100856,ACC_033,2026-01-09 22:00:00,319.336474032893,5.769371924727251,0.8505854562148158,0,319.336474032893,0,0,319.336474032893,22,4,151.0120549804508,5.023959826783391,0.8459265914747877,319.33647403289314
TRX_101000,ACC_033,2026-01-11 10:00:00,198.5339870150611,5.295984582797884,0.2906845097253049,0,198.5339870150611,0,0,198.5339870150611,10,6,157.48607109785243,5.065666709946887,0.2901893296887259,198.5339870150611
TRX_101044,ACC_033,2026-01-11 21:00:00,306.78368072485824,5.729397200911687,0.8033051770067364,0,306.78368072485824,0,0,306.78368072485824,21,6,159.00636427997128,5.075213591192574,0.7989979104851928,306.78368072485813
TRX_101059,ACC_033,2026-01-12 00:45:00,278.9141605825048,5.634482986819063,0.6910449756900365,0,278.9141605825048,0,0,278.9141605825048,0,0,164.2841255815744,5.107665966226154,0.6875725284092158,278.91416058250473
TRX_101125,ACC_033,2026-01-12 17:15:00,110.41405094509592,4.713253450105784,-0.3985432829179026,0,110.41405094509592,0,0,110.41405094509592,17,0,168.23688540919267,5.131299422286118,-0.3939130434755293,110.41405094509597
TRX_101128,ACC_033,2026-01-12 18:00:00,139.9137464914538,4.948147976185894,-0.1207207561442922,0,139.9137464914538,0,0,139.9137464914538,18,0,166.30945759372278,5.11984513714048,-0.11815653465072617,139.9137464914538
TRX_101131,ACC_033,2026-01-12 18:45:00,149.82554341252816,5.016123827254385,-0.0403220213649475,0,149.82554341252816,0,0,149.82554341252816,18,0,165.4579830420367,5.114742923471963,-0.038355682379486306,149.82554341252816
TRX_101147,ACC_033,2026-01-12 22:45:00,16084.438990731016,9.685669731233007,5.482603793799654,1,732.128172029599,1,0,16084.438990731016,22,0,164.96946930361455,5.111803851583469,5.443499079272765,16084.438990731023
TRX_101154,ACC_033,2026-01-13 00:30:00,62.603577781808696,4.152669723194809,-1.0615761346304944,0,62.603577781808696,0,0,62.603577781808696,0,1,647.3776366195964,6.474473299167397,-1.0520152735132189,62.603577781808674
TRX_101157,ACC_033,2026-01-13 01:15:00,43.97093460668013,3.806016383459253,-1.4715818864333134,0,43.97093460668013,0,0,43.97093460668013,1,1,630.1783995949556,6.4475885477720825,-1.4589720312255456,43.97093460668014
TRX_101164,ACC_033,2026-01-13 03:00:00,43.34020897037074,3.791891917085737,-1.4882876607342472,0,43.34020897037074,0,0,43.34020897037074,3,1,613.4296148810049,6.420694381975536,-1.4755535735933987,43.340208970370746
TRX_101208,ACC_033,2026-01-13 14:00:00,67.58727852599064,4.228107073307391,-0.9723522792638732,0,67.58727852599064,0,0,67.58727852599064,14,1,597.593798050154,6.394583234606746,-0.9634549283694362,67.58727852599063
TRX_101269,ACC_033,2026-01-14 05:15:00,220.72609271868055,5.401442803511419,0.4154156809305919,0,220.72609271868055,0,0,220.72609271868055,5,2,583.2692975224738,6.370362002437002,0.413992941701897,220.7260927186805
TRX_101329,ACC_033,2026-01-14 20:15:00,121.44753674395396,4.807682666772433,-0.2868567144253104,0,121.44753674395396,0,0,121.44753674395396,20,2,573.7286868697424,6.35389808051943,-0.28305702842230807,121.44753674395392
TRX_101345,ACC_033,2026-01-15 00:15:00,83.39872174198922,4.435552256250126,-0.7269955829885897,0,83.39872174198922,0,0,83.39872174198922,0,3,562.1317343024145,6.333513587096716,-0.7199228189779139,83.39872174198919
TRX_101368,ACC_033,2026-01-15 06:00:00,227.73623325607244,5.432569519857477,0.4522309406547715,0,227.73623325607244,0,0,227.73623325607244,6,3,550.163408988404,6.312031333222338,0.45053442597574356,227.7362332560724
TRX_101481,ACC_033,2026-01-16 10:15:00,307.6918457807627,5.732343516454875,0.8067899445853628,0,307.6918457807627,0,0,307.6918457807627,10,4,542.2993315315177,6.297660423171147,0.8024567637060149,307.69184578076266
TRX_101598,ACC_033,2026-01-17 15:30:00,271.1438544945737,5.6063308033082295,0.6577478576698972,0,271.1438544945737,0,0,271.1438544945737,15,5,536.7134390136426,6.287325777019466,0.6545230232960356,271.14385449457365
TRX_101750,ACC_033,2026-01-19 05:30:00,350.87810087013213,5.863284811274684,0.961661333003502,0,350.87810087013213,0,0,350.87810087013213,5,0,530.537402164362,6.275773566264431,0.9561764562125799,350.87810087013213
TRX_101757,ACC_033,2026-01-19 07:15:00,226.7552944241802,5.4282717825183,0.4471477730437376,0,226.7552944241802,0,0,226.7552944241802,7,0,526.4542362258567,6.268062105616765,0.44548905917101267,226.75529442418016
TRX_101845,ACC_033,2026-01-20 05:15:00,139.5244422748881,4.945381440012716,-0.1239928888877381,0,139.5244422748881,0,0,139.5244422748881,5,1,519.7942597413751,6.255355068831649,-0.12140433428822367,139.52444227488803
TRX_101953,ACC_033,2026-01-21 08:15:00,189.18430041002583,5.2479936041704285,0.2339229701223306,0,189.18430041002583,0,0,189.18430041002583,8,2,511.5275245790601,6.239354416066148,0.23384989538075232,189.1843004100258
TRX_101970,ACC_033,2026-01-21 12:30:00,185.4424646040869,5.228122690705339,0.2104205604225486,0,185.4424646040869,0,0,185.4424646040869,12,2,504.66915810737856,6.225882617709903,0.210522260566376,185.44246460408695
TRX_101975,ACC_033,2026-01-21 13:45:00,184.06429589850904,5.220703310095759,0.201645255597669,0,184.06429589850904,0,0,184.06429589850904,13,2,498.01860199272664,6.21264337359923,0.20181221300297542,184.0642958985091
TRX_101977,ACC_033,2026-01-21 14:15:00,172.06897643706074,5.1536902227636485,0.1223852338330156,0,172.06897643706074,0,0,172.06897643706074,14,2,491.6113712561099,6.199720569577757,0.12314160574509445,172.0689764370608
TRX_101978,ACC_033,2026-01-21 14:30:00,112.78656377384996,4.734324445950475,-0.3736214705415169,0,112.78656377384996,0,0,112.78656377384996,14,2,485.220523359729,6.18666227275528,-0.3691765613251863,112.78656377384999
TRX_101982,ACC_033,2026-01-21 15:30:00,120.1619937810036,4.7971284417929025,-0.2993397701221901,0,120.1619937810036,0,0,120.1619937810036,15,2,477.9178967011823,6.171529177085016,-0.29544725429208485,120.16199378100362
TRX_100073,ACC_034,2026-01-01 18:15:00,300.17479121945587,5.707690797932641,0.777631834066646,0,300.17479121945587,0,0,300.17479121945587,18,3,300.17479121945587,5.707690797932641,0.7735154865031008,300.174791219456
TRX_100121,ACC_034,2026-01-02 06:15:00,229.4573666882125,5.440065885191561,0.461097299498838,0,229.4573666882125,0,0,229.4573666882125,6,4,300.17479121945587,5.707690797932641,0.459334850438156,229.4573666882125
TRX_100237,ACC_034,2026-01-03 11:15:00,93.07532475446666,4.544095788553975,-0.5986152460227834,0,93.07532475446666,0,0,93.07532475446666,11,5,264.81607895383416,5.5828046371276185,-0.592497178103621,93.07532475446664
TRX_100342,ACC_034,2026-01-04 13:30:00,164.91670897352074,5.1114859092647364,0.0724678976877944,0,164.91670897352074,0,0,164.91670897352074,13,6,207.56916088737833,5.340270693130188,0.0735954782042665,164.91670897352074
TRX_100423,ACC_034,2026-01-05 09:45:00,82.59160703058804,4.425943120679848,-0.7383608300583938,0,82.59160703058804,0,0,82.59160703058804,9,0,196.90604790891393,5.287792412570635,-0.7312035487671665,82.59160703058807
TRX_100469,ACC_034,2026-01-05 21:15:00,173.94488782470174,5.164470997607692,0.1351362423717504,0,173.94488782470174,0,0,173.94488782470174,21,0,174.04315973324876,5.165032570563199,0.13579779183436003,173.94488782470177
TRX_100511,ACC_034,2026-01-06 07:45:00,110.99771471862384,4.718478466788922,-0.3923633716123108,0,110.99771471862384,0,0,110.99771471862384,7,1,174.02678108182423,5.164938996968172,-0.38777908887412543,110.99771471862381
TRX_100561,ACC_034,2026-01-06 20:15:00,263.04646140863287,5.576125077846076,0.6220219039366734,0,263.04646140863287,0,0,263.04646140863287,20,1,165.0226287442242,5.1121240968024155,0.6190627444254957,263.0464614086328
TRX_100786,ACC_034,2026-01-09 04:30:00,613.0889937877678,6.42013985866663,1.6202840727275671,1,613.0889937877678,0,0,613.0889937877678,4,4,177.27560782727528,5.183330711401054,1.6099013699123692,613.0889937877675
TRX_100819,ACC_034,2026-01-09 12:45:00,134.01789676633726,4.9054073382915195,-0.1712724323109875,0,134.01789676633726,0,0,134.01789676633726,12,4,225.69931737844112,5.423624546386061,-0.16833228496462785,134.01789676633732
TRX_100825,ACC_034,2026-01-09 14:15:00,112.58783751341711,4.732576436412821,-0.3756889364577283,0,112.58783751341711,0,0,112.58783751341711,14,4,216.53117531723075,5.382342175049154,-0.37122865260010757,112.58783751341709
TRX_100846,ACC_034,2026-01-09 19:30:00,12245.58683037043,9.413002551057202,5.160105495398091,1,732.128172029599,1,0,12245.58683037043,19,4,207.08178097142948,5.337931180174459,5.123399028704792,12245.586830370434
TRX_100849,ACC_034,2026-01-09 20:15:00,208.68693067770835,5.345615612063457,0.349385826384484,0,208.68693067770835,0,0,208.68693067770835,20,4,1210.2905350880128,7.099441628145958,0.34845411596556053,208.68693067770826
TRX_100854,ACC_034,2026-01-09 21:30:00,246.10246497393317,5.50980308855765,0.543579281402002,0,246.10246497393317,0,0,246.10246497393317,21,4,1133.2441039795278,7.033721720363958,0.5412034578355013,246.10246497393317
TRX_100872,ACC_034,2026-01-10 02:00:00,158.1648839470307,5.06994067085716,0.0233300854857832,0,158.1648839470307,0,0,158.1648839470307,2,5,1069.8768440505569,6.976233072286281,0.0248230777028592,158.16488394703075
TRX_100913,ACC_034,2026-01-10 12:15:00,128.39571419656514,4.8628752609353425,-0.2215774325901074,0,128.39571419656514,0,0,128.39571419656514,12,5,1009.0960467103217,6.917800701066785,-0.21826319378796005,128.3957141965651
TRX_100984,ACC_034,2026-01-11 06:00:00,106.22240379942664,4.674905217467487,-0.4438998225813252,0,106.22240379942664,0,0,106.22240379942664,6,6,954.0522759282119,6.8617660781744405,-0.4389322907453929,106.2224037994266
TRX_100996,ACC_034,2026-01-11 09:00:00,134.88337048160673,4.911796947824362,-0.1637150937253041,0,134.88337048160673,0,0,134.88337048160673,9,6,904.1799305088716,6.808133742180046,-0.16083114627513204,134.8833704816067
TRX_101091,ACC_034,2026-01-12 08:45:00,124.77145829925536,4.834466436960876,-0.2551780932396488,0,124.77145829925536,0,0,124.77145829925536,8,0,861.441232729579,6.759767010618449,-0.25161398424590975,124.77145829925531
TRX_101259,ACC_034,2026-01-14 02:45:00,270.6826784669566,5.604634761978081,0.6557418573781172,0,270.6826784669566,0,0,270.6826784669566,2,2,822.6691393385095,6.713768919345751,0.6525319405584808,270.6826784669566
TRX_101328,ACC_034,2026-01-14 20:00:00,250.3161710389344,5.526711792017343,0.5635781242785511,0,250.3161710389344,0,0,250.3161710389344,20,2,795.0698162949318,6.679686890911412,0.5610535799844041,250.31617103893439
TRX_101349,ACC_034,2026-01-15 01:15:00,103.90590021081232,4.653063759872096,-0.4697329019588357,0,103.90590021081232,0,0,103.90590021081232,1,3,769.1291665208367,6.646558249507844,-0.464573263290219,103.90590021081228
TRX_101394,ACC_034,2026-01-15 12:30:00,251.23377539164875,5.5303563376077385,0.5678887264954796,0,251.23377539164875,0,0,251.23377539164875,12,3,738.8917453249264,6.606503885395324,0.5653321265518007,251.23377539164878
TRX_101424,ACC_034,2026-01-15 20:00:00,584.7296709971312,6.372858370848177,1.5643616864780965,1,584.7296709971312,0,0,584.7296709971312,20,3,717.6892248930449,6.577429031865897,1.5543948486219905,584.729670997131
TRX_101435,ACC_034,2026-01-15 22:45:00,487.08529371261415,6.190490172778498,1.3486649036012206,0,487.08529371261415,0,0,487.08529371261415,22,3,712.1492434807151,6.569690716155176,1.3403020876727048,487.085293712614
TRX_101450,ACC_034,2026-01-16 02:30:00,80.68724100006945,4.402897820760525,-0.7656177592030873,0,80.68724100006945,0,0,80.68724100006945,2,4,703.1466854899911,6.556986694525108,-0.758257782667899,80.68724100006946
TRX_101476,ACC_034,2026-01-16 09:00:00,147.91971199257446,5.003407315028529,-0.055362531747595,0,147.91971199257446,0,0,147.91971199257446,9,4,679.205937624994,6.522395601769036,-0.053284344508607986,147.91971199257446
TRX_101491,ACC_034,2026-01-16 12:45:00,286.6782853593148,5.661842791029518,0.723404903631429,0,286.6782853593148,0,0,286.6782853593148,12,4,659.5286700089785,6.493040529544157,0.7196918128263937,286.67828535931477
TRX_101514,ACC_034,2026-01-16 18:30:00,203.1143239533204,5.318680248408199,0.3175279073637664,0,203.1143239533204,0,0,203.1143239533204,18,4,646.2125848429192,6.472674810615364,0.31683310729647296,203.11432395332048
TRX_101581,ACC_034,2026-01-17 11:15:00,25.159105876851932,3.26419734698546,-2.11242071856452,0,25.159105876851932,0,0,25.159105876851932,11,5,630.9333344674158,6.448783905145455,-2.095045286767803,25.159105876851925
TRX_101606,ACC_034,2026-01-17 17:30:00,230.588523929272,5.444962193215834,0.4668884292023099,0,230.588523929272,0,0,230.588523929272,17,5,610.7408601810637,6.41630876176338,0.46508291459885065,230.588523929272
TRX_101660,ACC_034,2026-01-18 07:00:00,832.9256802235301,6.726144285946186,1.98221214576288,1,732.128172029599,1,0,832.9256802235301,7,6,598.4778815922961,6.396059079028468,1.969137976910887,832.9256802235298
TRX_101671,ACC_034,2026-01-18 09:45:00,345.79137529552565,5.848723375207074,0.9444387308881336,0,345.79137529552565,0,0,345.79137529552565,9,6,605.8043752995222,6.408206457895848,0.9390819294030863,345.79137529552565
TRX_101703,ACC_034,2026-01-18 17:45:00,162.48188655982904,5.096702198633339,0.0549823993611795,0,162.48188655982904,0,0,162.48188655982904,17,6,597.9251934812193,6.395136704642493,0.05624001020242809,162.48188655982898
TRX_101712,ACC_034,2026-01-18 20:00:00,186.8223793836461,5.235496725721557,0.2191422325488035,0,186.8223793836461,0,0,186.8223793836461,20,6,585.118037395296,6.373521198295126,0.2191790742689252,186.82237938364608
TRX_101721,ACC_034,2026-01-18 22:15:00,220.57312948939423,5.400752690704113,0.4145994469932416,0,220.57312948939423,0,0,220.57312948939423,22,6,573.738161452106,6.353914565696672,0.41318277766098227,220.57312948939415
TRX_101745,ACC_034,2026-01-19 04:15:00,272.18158900105374,5.610136735239335,0.6622493402862587,0,272.18158900105374,0,0,272.18158900105374,4,0,563.928021675364,6.336698327766133,0.6589910307871448,272.18158900105385
TRX_101799,ACC_034,2026-01-19 17:45:00,167.2482310408499,5.12544045459646,0.0889726971343093,0,167.2482310408499,0,0,167.2482310408499,17,0,556.0429829544368,6.322642405629354,0.08997754026049862,167.24823104084996
TRX_101811,ACC_034,2026-01-19 20:45:00,61.28876135014914,4.131781013856415,-1.0862823468453036,0,61.28876135014914,0,0,61.28876135014914,20,0,545.8115421146055,6.3041042131028835,-1.076537758805393,61.28876135014914
TRX_101853,ACC_034,2026-01-20 07:15:00,86.22944575844323,4.468541954629725,-0.6879768731264729,0,86.22944575844323,0,0,86.22944575844323,7,1,533.3878810693631,6.28112194432563,-0.6811942704495471,86.22944575844322
TRX_101855,ACC_034,2026-01-20 07:45:00,151.9876853193628,5.030357430044354,-0.0234871654907309,0,151.9876853193628,0,0,151.9876853193628,7,1,522.20892018659,6.259980849283948,-0.02164601834916232,151.98768531936287
TRX_101892,ACC_034,2026-01-20 17:00:00,248.8554802766057,5.520882671816644,0.5566837068987571,0,248.8554802766057,0,0,248.8554802766057,17,1,513.1791339703161,6.242571714409652,0.5542104327093732,248.85548027660568
TRX_101994,ACC_034,2026-01-21 18:30:00,156.44169103340525,5.059055174058033,0.0104552165972331,0,156.44169103340525,0,0,156.44169103340525,18,2,506.8857136442755,6.2302564491270385,0.012043952347136176,156.4416910334053
TRX_100058,ACC_035,2026-01-01 14:30:00,140.63745886527445,4.953270686284081,-0.1146618483989432,0,140.63745886527445,0,0,140.63745886527445,14,3,140.63745886527445,4.953270686284081,-0.11214268377062643,140.6374588652744
TRX_100109,ACC_035,2026-01-02 03:15:00,106.19042098289368,4.674606888141314,-0.4442526728950012,0,106.19042098289368,0,0,106.19042098289368,3,4,140.63745886527445,4.953270686284081,-0.4392825170994867,106.19042098289368
TRX_100110,ACC_035,2026-01-02 03:30:00,242.1438296481543,5.493653159798021,0.5244778826163887,0,242.1438296481543,0,0,242.1438296481543,3,4,123.41393992408408,4.823614231294689,0.5222441059645018,242.14382964815422
TRX_100127,ACC_035,2026-01-02 07:45:00,63.62632768504072,4.168621877066932,-1.0427086549569875,0,63.62632768504072,0,0,63.62632768504072,7,4,162.99056983210747,5.099808925147216,-1.0332881012226551,63.62632768504073
TRX_100132,ACC_035,2026-01-02 09:00:00,35.984296665775254,3.610493408116419,-1.7028375395919324,0,35.984296665775254,0,0,35.984296665775254,9,4,138.14950929534078,4.9355489615218495,-1.6885079594369579,35.98429666577525
TRX_100134,ACC_035,2026-01-02 09:30:00,118.8811150131213,4.786500543482296,-0.3119099632732162,0,118.8811150131213,0,0,118.8811150131213,9,4,117.71646676942768,4.7767380179370145,-0.3079239696212382,118.88111501312132
TRX_100273,ACC_035,2026-01-03 20:15:00,348.1561928510757,5.855519366070378,0.9524767187675508,0,348.1561928510757,0,0,348.1561928510757,20,5,117.91057481004329,4.778371738430263,0.9470601430538836,348.15619285107556
TRX_100288,ACC_035,2026-01-04 00:00:00,68.50317198148011,4.241372391550569,-0.9566626661669768,0,68.50317198148011,0,0,68.50317198148011,0,6,150.8028059587622,5.022582349367518,-0.9478819905567382,68.50317198148012
TRX_100304,ACC_035,2026-01-04 04:00:00,173.02986678248132,5.1592269326598466,0.1289338016478721,0,173.02986678248132,0,0,173.02986678248132,4,6,140.51535171160194,4.952408203859887,0.1296414753539358,173.02986678248132
TRX_100307,ACC_035,2026-01-04 04:45:00,118.99489924401338,4.787449235578739,-0.3107878935521271,0,118.99489924401338,0,0,118.99489924401338,4,6,144.12807560836632,4.977616632615998,-0.30681024413418406,118.9948992440134
TRX_100314,ACC_035,2026-01-04 06:30:00,71.34756426606175,4.281481786526839,-0.90922310405531,0,71.34756426606175,0,0,71.34756426606175,6,6,141.61475797193103,4.9601469947145365,-0.9007952111655527,71.34756426606178
TRX_100353,ACC_035,2026-01-04 16:15:00,113.73801418641324,4.742651391950688,-0.3637727387864919,0,113.73801418641324,0,0,113.73801418641324,16,6,135.22683127139746,4.914321373369428,-0.3594010693351838,113.73801418641328
TRX_100362,ACC_035,2026-01-04 18:30:00,290.667095471108,5.67561306787508,0.7396917587210248,0,290.667095471108,0,0,290.667095471108,18,6,133.43609651431544,4.901088967284495,0.7358575512616438,290.667095471108
TRX_100370,ACC_035,2026-01-04 20:30:00,218.75843069592145,5.3925289007709925,0.4048727235271708,0,218.75843069592145,0,0,218.75843069592145,20,6,145.530788741761,4.987235568435972,0.40352838664936486,218.75843069592133
TRX_100405,ACC_035,2026-01-05 05:15:00,130.53392706447872,4.879264818831748,-0.2021926113962373,0,130.53392706447872,0,0,130.53392706447872,5,0,150.76133459562962,5.022309119707948,-0.19902252716998428,130.53392706447866
TRX_100449,ACC_035,2026-01-05 16:15:00,298.2944162235368,5.701427758565471,0.7702241968972875,0,298.2944162235368,0,0,298.2944162235368,16,0,149.41284076021958,5.013383785266374,0.766162935980343,298.2944162235369
TRX_100532,ACC_035,2026-01-06 13:00:00,156.10510147566774,5.056915017526629,0.0079239371112104,0,156.10510147566774,0,0,156.10510147566774,13,1,158.7179392266769,5.073409379699292,0.009531496636536962,156.1051014756677
TRX_100552,ACC_035,2026-01-06 18:00:00,454.9119027349189,6.122299595092925,1.2680121999775664,0,454.9119027349189,0,0,454.9119027349189,18,1,158.56424288838224,5.072446617861796,1.2602491551879906,454.9119027349189
TRX_100577,ACC_035,2026-01-07 00:15:00,319.03592559828155,5.768433256986879,0.849475242844658,0,319.03592559828155,0,0,319.03592559828155,0,2,175.02800176874538,5.170643083341717,0.8448246341693068,319.03592559828166
TRX_100579,ACC_035,2026-01-07 00:45:00,99.15326207590152,4.606701633482538,-0.5245679094623811,0,99.15326207590152,0,0,99.15326207590152,0,2,182.60736618082623,5.212799598192173,-0.5190004920904284,99.1532620759015
TRX_100595,ACC_035,2026-01-07 04:45:00,158.84704792400464,5.074217407546796,0.0283884144868386,0,158.84704792400464,0,0,158.84704792400464,4,2,178.43466097558,5.189811135955099,0.029843790609105695,158.8470479240047
TRX_100621,ACC_035,2026-01-07 11:15:00,280.0160017808893,5.638411613551857,0.695691576119043,0,280.0160017808893,0,0,280.0160017808893,11,2,177.50191749693354,5.184599343441736,0.6921845745491992,280.0160017808894
TRX_100635,ACC_035,2026-01-07 14:45:00,212.30879652898187,5.362740864800332,0.3696407938645378,0,212.30879652898187,0,0,212.30879652898187,14,2,182.16164860074971,5.210369088626034,0.3685584580559015,212.30879652898196
TRX_100713,ACC_035,2026-01-08 10:15:00,27.51341056227717,3.350374522647344,-2.010494287616392,0,27.51341056227717,0,0,27.51341056227717,10,3,183.47239416284677,5.217499827152003,-1.9938768283219124,27.513410562277176
TRX_100759,ACC_035,2026-01-08 21:45:00,224.59649156865856,5.418747967945612,0.435883439756529,0,224.59649156865856,0,0,224.59649156865856,21,3,176.9741031794897,5.1816380519520395,0.4343084927223789,224.5964915686585
TRX_100788,ACC_035,2026-01-09 05:00:00,208.15280902011088,5.3430651284464075,0.3463692307455469,0,208.15280902011088,0,0,208.15280902011088,5,4,178.87899871505644,5.192284395481947,0.3454599531394219,208.15280902011085
TRX_100933,ACC_035,2026-01-10 17:15:00,193.68620754064796,5.27138907032422,0.2615940599104177,0,193.68620754064796,0,0,193.68620754064796,17,5,180.00491449602006,5.198524182808932,0.2613152100330751,193.68620754064796
TRX_100957,ACC_035,2026-01-10 23:15:00,764.6469720022031,6.640721191446635,1.8811776076034323,1,732.128172029599,1,0,764.6469720022031,23,5,180.51162905322852,5.201319723571002,1.8688547787227185,764.6469720022028
TRX_101081,ACC_035,2026-01-12 06:15:00,130.13888817230003,4.876256976625826,-0.2057501499039699,0,130.13888817230003,0,0,130.13888817230003,6,0,201.37360558712047,5.310115521731296,-0.20255361016132692,130.13888817230003
TRX_101093,ACC_035,2026-01-12 09:15:00,118.12636235081824,4.780184798222241,-0.31937993856761,0,118.12636235081824,0,0,118.12636235081824,9,0,198.9172360210922,5.297903461006416,-0.31533839469364466,118.12636235081821
TRX_101094,ACC_035,2026-01-12 09:30:00,183.4659271145889,5.217464769540009,0.1978148576089546,0,183.4659271145889,0,0,183.4659271145889,9,0,196.2242068987497,5.284341187671254,0.19801029964107533,183.4659271145889
TRX_101105,ACC_035,2026-01-12 12:15:00,148.99755232093665,5.010618976102696,-0.0468329081105734,0,148.99755232093665,0,0,148.99755232093665,12,0,195.81264948635743,5.282252258397862,-0.044818151133110856,148.99755232093662
TRX_101250,ACC_035,2026-01-14 00:30:00,144.04096517718108,4.977016220983066,-0.0865767135098797,0,144.04096517718108,0,0,144.04096517718108,0,2,194.34967769993804,5.2747911716401745,-0.08426640304990304,144.04096517718114
TRX_101350,ACC_035,2026-01-15 01:30:00,276.7398687348793,5.626684951652412,0.6818218155337644,0,276.7398687348793,0,0,276.7398687348793,1,3,192.82517125985447,5.266956573684431,0.6784179559756488,276.73986873487934
TRX_101396,ACC_035,2026-01-15 13:00:00,211.46860159270423,5.358794220236496,0.3649728827671616,0,211.46860159270423,0,0,211.46860159270423,13,3,195.2932505973552,5.279609717590718,0.3639252597236225,211.46860159270432
TRX_101475,ACC_035,2026-01-16 08:45:00,161.43709284004183,5.090290805834762,0.0473992965227966,0,161.43709284004183,0,0,161.43709284004183,8,4,195.75540348293663,5.281961350620197,0.04871329885523803,161.43709284004183
TRX_101486,ACC_035,2026-01-16 11:30:00,183.87228253629823,5.219665221998246,0.2004174523658198,0,183.87228253629823,0,0,183.87228253629823,11,4,194.80211707618955,5.277104542480191,0.20059354028888543,183.87228253629831
TRX_101506,ACC_035,2026-01-16 16:30:00,137.53725765925338,4.93113929782119,-0.1408378447764481,0,137.53725765925338,0,0,137.53725765925338,16,4,194.50671614267895,5.275594732506339,-0.1381240232246203,137.53725765925338
TRX_101570,ACC_035,2026-01-17 08:30:00,117.64159495462034,4.77610714138918,-0.3242028049986925,0,117.64159495462034,0,0,117.64159495462034,8,5,193.00751986679936,5.26789692051209,-0.32012539603946194,117.64159495462039
TRX_101578,ACC_035,2026-01-17 10:30:00,77.41434732243138,4.362006912175244,-0.8139816599495736,0,77.41434732243138,0,0,77.41434732243138,10,5,191.07506025366655,5.2578862344522905,-0.8062620268804932,77.41434732243138
TRX_101604,ACC_035,2026-01-17 17:00:00,229.2072552303207,5.438980012864634,0.459812979260922,0,229.2072552303207,0,0,229.2072552303207,17,5,188.23354243038568,5.242981926477411,0.45806008100482865,229.2072552303206
TRX_101613,ACC_035,2026-01-17 19:15:00,414.609532015802,6.029746194514997,1.1585442611577388,0,414.609532015802,0,0,414.609532015802,19,5,189.2329012791646,5.248249117691833,1.1515952710420119,414.6095320158022
TRX_101683,ACC_035,2026-01-18 12:45:00,128.053081350169,4.860223803060265,-0.2247134559737967,0,128.053081350169,0,0,128.053081350169,12,6,194.59901153479882,5.276066704084874,-0.2213758962384125,128.053081350169
TRX_101687,ACC_035,2026-01-18 13:45:00,75.43337595456461,4.336419458821821,-0.8442453321729332,0,75.43337595456461,0,0,75.43337595456461,13,6,193.05143176306322,5.268123236108042,-0.8363006443153288,75.43337595456464
TRX_101694,ACC_035,2026-01-18 15:30:00,78.23282796148867,4.372390707404521,-0.8017001807842666,0,78.23282796148867,0,0,78.23282796148867,15,6,190.3782941310519,5.254252066794053,-0.7940718785251393,78.23282796148867
TRX_101802,ACC_035,2026-01-19 18:30:00,336.2996095556646,5.820971584508869,0.9116151792161028,0,336.2996095556646,0,0,336.2996095556646,18,0,187.88617266061712,5.241144572572668,0.9065024689776711,336.29960955566446
TRX_101840,ACC_035,2026-01-20 04:00:00,49.5288434848875,3.9225443313491826,-1.333757947056018,0,49.5288434848875,0,0,49.5288434848875,4,1,191.11255172355294,5.2580814071691435,-1.322173014973943,49.528843484887496
TRX_101859,ACC_035,2026-01-20 08:45:00,146.90392458390565,4.996562904752835,-0.0634577878985191,0,146.90392458390565,0,0,146.90392458390565,8,1,188.10013239932604,5.242276675819249,-0.06131940055732217,146.90392458390565
TRX_101893,ACC_035,2026-01-20 17:15:00,154.31414370218613,5.045449799428097,-0.0056365996765155,0,154.31414370218613,0,0,154.31414370218613,17,1,187.24187806983812,5.2377277213659275,-0.0039281976719118305,154.3141437021862
TRX_100012,ACC_036,2026-01-01 03:00:00,143.78229827050475,4.975231222965446,-0.0886879277123428,0,143.78229827050475,0,0,143.78229827050475,3,3,143.78229827050475,4.975231222965446,-0.08636191727840535,143.7822982705047
TRX_100061,ACC_036,2026-01-01 15:15:00,228.2317014381572,5.434733288706169,0.4547901477122086,0,228.2317014381572,0,0,228.2317014381572,15,3,143.78229827050475,4.975231222965446,0.4530746015753044,228.2317014381571
TRX_100075,ACC_036,2026-01-01 18:45:00,33.09461752320704,3.529139527936591,-1.7990591967398253,0,33.09461752320704,0,0,33.09461752320704,18,3,186.00699985433096,5.231146048530114,-1.7840140674425977,33.09461752320705
TRX_100164,ACC_036,2026-01-02 17:00:00,90.03708701114364,4.511266973064087,-0.6374436709443355,0,90.03708701114364,0,0,90.03708701114364,17,4,135.03620574395634,4.912921069011702,-0.6310368567390335,90.03708701114363
TRX_100250,ACC_036,2026-01-03 14:30:00,123.42570144566425,4.823708762226531,-0.2679017800227348,0,123.42570144566425,0,0,123.42570144566425,14,5,123.78642606075316,4.82660368448109,-0.2642430517568496,123.42570144566419
TRX_100300,ACC_036,2026-01-04 03:00:00,62.39105205714506,4.149322716737389,-1.0655348211382034,0,62.39105205714506,0,0,62.39105205714506,3,6,123.71428113773538,4.826025370088009,-1.0559445213808234,62.39105205714508
TRX_100317,ACC_036,2026-01-04 07:15:00,20.83245994246699,3.08339785053787,-2.3262621127455607,0,20.83245994246699,0,0,20.83245994246699,7,6,113.49374295763698,4.740520174842919,-2.307296456557372,20.83245994246699
TRX_100411,ACC_036,2026-01-05 06:45:00,320.31753015311807,5.772429824711642,0.854202200778692,0,320.31753015311807,0,0,320.31753015311807,6,0,100.2564168126127,4.617656079905518,0.8495164402384133,320.31753015311796
TRX_100503,ACC_036,2026-01-06 05:45:00,56.11248597734844,4.045022761362521,-1.1888960489547171,0,56.11248597734844,0,0,56.11248597734844,5,1,127.76405598017587,4.8579817062465045,-1.178388377543514,56.11248597734842
TRX_100510,ACC_036,2026-01-06 07:30:00,266.5952813710412,5.589475694956011,0.6378124046408248,0,266.5952813710412,0,0,266.5952813710412,7,1,119.80277042430617,4.794159219213779,0.6347358195981242,266.59528137104115
TRX_100569,ACC_036,2026-01-06 22:15:00,350.66880950182343,5.862689850593607,0.9609576406590856,0,350.66880950182343,0,0,350.66880950182343,22,1,134.48202151897968,4.908838948999897,0.9554779968527991,350.66880950182343
TRX_100572,ACC_036,2026-01-06 23:00:00,62.20141102616795,4.146326627266999,-1.0690784590466476,0,62.20141102616795,0,0,62.20141102616795,23,1,154.13536588105637,5.044298064054882,-1.0594618071442203,62.20141102616797
TRX_100581,ACC_036,2026-01-07 01:15:00,312.2635380066538,5.747044810740647,0.824177964619183,0,312.2635380066538,0,0,312.2635380066538,1,2,146.47420297648233,4.993653265409251,0.8197154783091299,312.2635380066537
TRX_100607,ACC_036,2026-01-07 07:45:00,97.40318224026332,4.58907314337536,-0.5454180831403704,0,97.40318224026332,0,0,97.40318224026332,7,2,159.22722874803398,5.07659298740766,-0.5396956141476784,97.40318224026328
TRX_100625,ACC_036,2026-01-07 12:15:00,564.5681974083759,6.337830884939936,1.5229327745151349,1,564.5681974083759,0,0,564.5681974083759,12,2,154.81122542605038,5.048645181072543,1.5132740213802678,564.5681974083758
TRX_100672,ACC_036,2026-01-08 00:00:00,40.13603788814484,3.7168845715690266,-1.5770029262867808,0,40.13603788814484,0,0,40.13603788814484,0,3,182.12835689153874,5.210187310751653,-1.5636091110342736,40.13603788814485
TRX_100712,ACC_036,2026-01-08 10:00:00,65.35602936712692,4.195034628799207,-1.011468857471021,0,65.35602936712692,0,0,65.35602936712692,10,3,173.2538369538266,5.1605130692193,-1.0022806174481527,65.35602936712691
TRX_100739,ACC_036,2026-01-08 16:45:00,192.0159264044908,5.262772705730801,0.2514030170500573,0,192.0159264044908,0,0,192.0159264044908,16,3,166.90690709578547,5.12340970138973,0.25119995252284844,192.0159264044908
TRX_100747,ACC_036,2026-01-08 18:45:00,159.71515160549845,5.079633553336239,0.0347943845777896,0,159.71515160549845,0,0,159.71515160549845,18,3,168.30185261293576,5.131683231860882,0.03620212291725664,159.71515160549848
TRX_100929,ACC_036,2026-01-10 16:15:00,39.55761852396541,3.7027236426667693,-1.5937518268028568,0,39.55761852396541,0,0,39.55761852396541,16,5,167.84992098096538,5.129010278847845,-1.580233458910609,39.55761852396541
TRX_100981,ACC_036,2026-01-11 05:15:00,153.95995192947893,5.043166708886243,-0.0083369349877534,0,153.95995192947893,0,0,153.95995192947893,5,6,161.43530585811538,5.090279804703649,-0.006608452029723898,153.9599519294789
TRX_101017,ACC_036,2026-01-11 14:15:00,191.2288754090512,5.258686721511227,0.2465703013662016,0,191.2288754090512,0,0,191.2288754090512,14,6,161.0793366234184,5.08808594759601,0.24640317516789745,191.22887540905114
TRX_101055,ACC_036,2026-01-11 23:45:00,140.15977197223063,4.949892383420603,-0.1186575508676243,0,140.15977197223063,0,0,140.15977197223063,23,6,162.44977020458353,5.096505727262737,-0.11610867233124447,140.1597719722306
TRX_101151,ACC_036,2026-01-12 23:45:00,305.5199822301508,5.7252829481293155,0.7984390265567513,0,305.5199822301508,0,0,305.5199822301508,23,0,161.48063984665515,5.090558855266931,0.7941679470006348,305.51998223015084
TRX_101169,ACC_036,2026-01-13 04:15:00,303.6559552047684,5.719183124196765,0.7912244331556364,0,303.6559552047684,0,0,303.6559552047684,4,1,167.48227911263413,5.126830575790811,0.7870070046825817,303.6559552047685
TRX_101184,ACC_036,2026-01-13 08:00:00,304.6396870721572,5.72240691493431,0.7950373857324395,0,304.6396870721572,0,0,304.6396870721572,8,1,172.9292261563195,5.158648470242795,0.790791602364794,304.6396870721573
TRX_101185,ACC_036,2026-01-13 08:15:00,214.60419571676945,5.373444299498406,0.3823003280077938,0,214.60419571676945,0,0,214.60419571676945,8,1,177.99501311462095,5.187357945757811,0.3811238499959775,214.60419571676948
TRX_101214,ACC_036,2026-01-13 15:30:00,95.40970045946683,4.568606823726818,-0.5696247121044502,0,95.40970045946683,0,0,95.40970045946683,15,1,179.35090876655235,5.194904446242051,-0.5637222313232939,95.40970045946685
TRX_101238,ACC_036,2026-01-13 21:30:00,194.16984840321493,5.273870196900558,0.2645286232064908,0,194.16984840321493,0,0,194.16984840321493,21,1,176.35300846987073,5.178142144537104,0.2642279505471299,194.16984840321484
TRX_101374,ACC_036,2026-01-15 07:30:00,171.68748679351896,5.151483526207448,0.1197752538420083,0,171.68748679351896,0,0,171.68748679351896,7,3,176.96738226067572,5.181600287773994,0.12055103478318956,171.68748679351893
TRX_101432,ACC_036,2026-01-15 22:00:00,68.43906807279096,4.240449649651309,-0.9577540431789934,0,68.43906807279096,0,0,68.43906807279096,22,3,176.79138574510384,5.180610872778457,-0.9489652515800265,68.43906807279099
TRX_101464,ACC_036,2026-01-16 06:00:00,116.82396770193331,4.769191711489286,-0.332382059920362,0,116.82396770193331,0,0,116.82396770193331,6,4,173.29614969115826,5.160755862156674,-0.3282438262048672,116.82396770193327
TRX_101471,ACC_036,2026-01-16 07:45:00,215.68797837144055,5.378458431098718,0.3882308140604956,0,215.68797837144055,0,0,215.68797837144055,7,4,171.53139400399496,5.150579214138532,0.38701023418706165,215.68797837144052
TRX_101482,ACC_036,2026-01-16 10:30:00,378.9261971343723,5.939977015790219,1.0523693728965966,0,378.9261971343723,0,0,378.9261971343723,10,4,172.86947231816,5.15830485861337,1.0462099487941354,378.9261971343723
TRX_101765,ACC_036,2026-01-19 09:15:00,75.35310845648283,4.335368744083854,-0.8454880696189333,0,75.35310845648283,0,0,75.35310845648283,9,0,178.92996422451918,5.192567687534414,-0.8375341401857845,75.35310845648284
TRX_101782,ACC_036,2026-01-19 13:30:00,137.0316887556306,4.927483287460568,-0.1451620070004418,0,137.0316887556306,0,0,137.0316887556306,13,0,175.97062548828958,5.175983761108048,-0.14241602896054195,137.03168875563054
TRX_101821,ACC_036,2026-01-19 23:15:00,114.98466235267615,4.753457961266766,-0.3509912217232852,0,114.98466235267615,0,0,114.98466235267615,23,0,174.88898835682681,5.169853048060388,-0.34671460159707035,114.9846623526762
TRX_101839,ACC_036,2026-01-20 03:45:00,102.22740080603772,4.6369343294918846,-0.4888100561966537,0,102.22740080603772,0,0,102.22740080603772,3,1,173.2699525188768,5.1606055482152735,-0.48350855090719386,102.22740080603772
TRX_101929,ACC_036,2026-01-21 02:15:00,184.74373809041987,5.224367971537941,0.2059796499261663,0,184.74373809041987,0,0,184.74373809041987,2,2,171.4004116843284,5.149819746186883,0.20611437475269714,184.74373809041992
TRX_100038,ACC_037,2026-01-01 09:30:00,47.45287316886909,3.880591638309541,-1.3833776780039233,0,47.45287316886909,0,0,47.45287316886909,9,3,47.45287316886909,3.880591638309541,-1.3714237504485731,47.45287316886908
TRX_100126,ACC_037,2026-01-02 07:30:00,17569.876749049847,9.77399808028049,5.587074534466227,1,732.128172029599,1,0,17569.876749049847,7,4,47.45287316886909,3.880591638309541,5.54719292676279,17569.87674904985
TRX_100135,ACC_037,2026-01-02 09:45:00,222.24946443212752,5.408289820793496,0.4235140205297046,0,222.24946443212752,0,0,222.24946443212752,9,4,8808.664811109358,9.083604671794337,0.4220310582688402,222.24946443212758
TRX_100157,ACC_037,2026-01-02 15:15:00,137.95196200479475,4.934128276310448,-0.1373026174119996,0,137.95196200479475,0,0,137.95196200479475,15,4,5946.526362216948,8.690730674654375,-0.1346150854604892,137.9519620047947
TRX_100195,ACC_037,2026-01-03 00:45:00,85.73284490949226,4.462832646066525,-0.6947295827686606,0,85.73284490949226,0,0,85.73284490949226,0,5,4494.382762163909,8.41080609615337,-0.6878967637918333,85.73284490949226
TRX_100212,ACC_037,2026-01-03 05:00:00,116.56383300323968,4.766981445674178,-0.3349962614679348,0,116.56383300323968,0,0,116.56383300323968,5,5,3612.6527787130262,8.192474389810728,-0.33083858732987204,116.56383300323962
TRX_100220,ACC_037,2026-01-03 07:00:00,189.12050502428517,5.247658108087142,0.2335261606643297,0,189.12050502428517,0,0,189.12050502428517,7,5,3029.971287761395,8.016638404152953,0.23345603678304347,189.1205050242851
TRX_100284,ACC_037,2026-01-03 23:00:00,118.9531184795686,4.787100987110064,-0.3111997859496516,0,118.9531184795686,0,0,118.9531184795686,23,5,2624.1354616560934,7.872887778134677,-0.30721907350764005,118.95311847956864
TRX_100364,ACC_037,2026-01-04 19:00:00,117.4540510643159,4.77452513064737,-0.326073935114014,0,117.4540510643159,0,0,117.4540510643159,19,6,2310.987668759028,7.745862896196309,-0.3219826115581246,117.45405106431596
TRX_100436,ACC_037,2026-01-05 13:00:00,27.451444477224424,3.3481989317693808,-2.01306747723059,0,27.451444477224424,0,0,27.451444477224424,13,0,2067.2617112373937,7.634463780443911,-1.9964308824974177,27.45144447722442
TRX_100461,ACC_037,2026-01-05 19:15:00,122.58059652805396,4.8168935466810145,-0.2759625059790149,0,122.58059652805396,0,0,122.58059652805396,19,0,1863.2806845613766,7.530630565755461,-0.2722438343935599,122.58059652805395
TRX_100485,ACC_037,2026-01-06 01:15:00,44.52852995060844,3.8183391613360564,-1.4570070670718955,0,44.52852995060844,0,0,44.52852995060844,1,1,1705.0352220128925,7.441927373801508,-1.4445055970219152,44.52852995060843
TRX_100506,ACC_037,2026-01-06 06:30:00,168.5226383048176,5.132986477222711,0.0978977883575965,0,168.5226383048176,0,0,168.5226383048176,6,1,1566.6596643410355,7.357339126548507,0.09883626034075366,168.52263830481763
TRX_100536,ACC_037,2026-01-06 14:00:00,245.9477671548481,5.509176845256541,0.5428385894020968,0,245.9477671548481,0,0,245.9477671548481,14,1,1459.1106623382495,7.28626750795209,0.540468273966935,245.94776715484804
TRX_100574,ACC_037,2026-01-06 23:30:00,197.62231057505608,5.2914050845515215,0.2852680881705261,0,197.62231057505608,0,0,197.62231057505608,23,1,1372.4561698251493,7.225085593723021,0.2848131871720814,197.62231057505602
TRX_100589,ACC_037,2026-01-07 03:15:00,95.309726934098,4.567569320287869,-0.5708518238288287,0,95.309726934098,0,0,95.309726934098,3,2,1294.1339125418099,7.166369376155657,-0.5649402176722854,95.309726934098
TRX_100659,ACC_037,2026-01-07 20:45:00,401.0508307128324,5.996578525184866,1.1193150553764768,0,401.0508307128324,0,0,401.0508307128324,20,2,1219.207400941328,7.106776124050389,1.112657791940378,401.05083071283224
TRX_100711,ACC_037,2026-01-08 09:45:00,125.06917651183952,4.836830776230407,-0.2523816606408456,0,125.06917651183952,0,0,125.06917651183952,9,3,1171.0805438690636,7.066535691213378,-0.2488383472248034,125.06917651183949
TRX_100745,ACC_037,2026-01-08 18:15:00,46.32171025739921,3.8569691808365927,-1.4113172427662728,0,46.32171025739921,0,0,46.32171025739921,18,3,1112.9688012381066,7.01568441402513,-1.3991555435699718,46.321710257399204
TRX_100801,ACC_037,2026-01-09 08:15:00,100.92004167645734,4.624188600737205,-0.5038851225563885,0,100.92004167645734,0,0,100.92004167645734,8,4,1056.8294806601746,6.963974428030038,-0.49847151203903234,100.92004167645734
TRX_100802,ACC_037,2026-01-09 08:30:00,347.3790995997757,5.853291253511203,0.9498414089054772,0,347.3790995997757,0,0,347.3790995997757,8,4,1009.0340087109887,6.917739281259494,0.9444444305856534,347.37909959977577
TRX_100839,ACC_037,2026-01-09 17:45:00,66.59242093887268,4.213495860474552,-0.989633755065748,0,66.59242093887268,0,0,66.59242093887268,17,4,977.5266320866453,6.886048003723434,-0.9806078910532311,66.59242093887269
TRX_100960,ACC_037,2026-01-11 00:00:00,100.29185112603578,4.618005965038037,-0.5111976619362024,0,100.29185112603578,0,0,100.29185112603578,0,6,936.1205315799284,6.842811909589826,-0.5057296719637837,100.2918511260358
TRX_100993,ACC_037,2026-01-11 08:15:00,90.88724216780489,4.520562196741214,-0.6264497045373676,0,90.88724216780489,0,0,90.88724216780489,8,6,899.7801541688896,6.803261225802689,-0.6201246465963582,90.88724216780489
TRX_100999,ACC_037,2026-01-11 09:45:00,324.25383317758923,5.784605902650115,0.8686035101472432,0,324.25383317758923,0,0,324.25383317758923,9,6,866.076282835511,6.76512695772615,0.8638106547504485,324.2538331775893
TRX_101016,ACC_037,2026-01-11 14:00:00,274.57967787922,5.618876798682064,0.6725866885009737,0,274.57967787922,0,0,274.57967787922,14,6,844.4033848491941,6.739813891968055,0.6692515056568411,274.57967787922007
TRX_101053,ACC_037,2026-01-11 23:15:00,198.11442293924296,5.2938796491257225,0.2881948902299088,0,198.11442293924296,0,0,198.11442293924296,23,6,822.487088427272,6.713547870596507,0.28771822416562326,198.1144229392429
TRX_101073,ACC_037,2026-01-12 04:15:00,413.96103079113294,6.028184614113544,1.1566972951167165,0,413.96103079113294,0,0,413.96103079113294,4,0,799.3621748906784,6.685064343835122,1.1497620399023163,413.961030791133
TRX_101102,ACC_037,2026-01-12 11:30:00,203.5652053139824,5.3208867770513475,0.3201376887548786,0,203.5652053139824,0,0,203.5652053139824,11,0,785.5978483156947,6.667717124570239,0.31942348113536323,203.56520531398235
TRX_101107,ACC_037,2026-01-12 12:45:00,61.59951634754795,4.136757551998698,-1.0803963246192994,0,61.59951634754795,0,0,61.59951634754795,12,0,765.5277571777045,6.641870910542962,-1.070695507787243,61.59951634754794
TRX_101155,ACC_037,2026-01-13 00:45:00,75.77153110155793,4.340833882649759,-0.839024153107615,0,75.77153110155793,0,0,75.77153110155793,0,1,742.0634824833661,6.6107814818261375,-0.8311182923738877,75.77153110155791
TRX_101218,ACC_037,2026-01-13 16:30:00,373.4858284328287,5.925553960940416,1.0353104417710584,0,373.4858284328287,0,0,373.4858284328287,16,1,720.5701937291141,6.581429662087537,1.0292778758406183,373.4858284328286
TRX_101234,ACC_037,2026-01-13 20:30:00,83.07271832013714,4.4316821186334785,-0.7315730051599859,0,83.07271832013714,0,0,83.07271832013714,20,1,709.7238073136052,6.566283897672811,-0.7244662013020912,83.07271832013711
TRX_101343,ACC_037,2026-01-14 23:45:00,117.12919769698406,4.771778921241641,-0.3293220262844696,0,117.12919769698406,0,0,117.12919769698406,23,2,690.7343803744093,6.539202038541357,-0.3252065484069871,117.1291976969841
TRX_101359,ACC_037,2026-01-15 03:45:00,118.2693192403369,4.781384122855138,-0.3179614321192331,0,118.2693192403369,0,0,118.2693192403369,3,3,673.8636397074262,6.514510655216443,-0.3139304369211324,118.26931924033687
TRX_101390,ACC_037,2026-01-15 11:30:00,81.64743491227416,4.414583788241249,-0.75179613011931,0,81.64743491227416,0,0,81.64743491227416,11,3,657.9895162655092,6.490707625825903,-0.7445389376675452,81.64743491227418
TRX_101426,ACC_037,2026-01-15 20:30:00,36.41315301168135,3.622022327398195,-1.6892016599514696,0,36.41315301168135,0,0,36.41315301168135,20,3,641.9800140056973,6.466113641337284,-1.6749734825603817,36.41315301168136
TRX_101437,ACC_037,2026-01-15 23:15:00,245.5053862924505,5.507383844329005,0.5407179097229727,0,245.5053862924505,0,0,245.5053862924505,23,3,625.61334208694,6.440329671120863,0.5383633646514728,245.50538629245042
TRX_101509,ACC_037,2026-01-16 17:15:00,181.2792754614376,5.2055399915218485,0.183710774318866,0,181.2792754614376,0,0,181.2792754614376,17,4,615.6105011449797,6.424237546031939,0.18401110089568934,181.27927546143763
TRX_101517,ACC_037,2026-01-16 19:15:00,54.8429853024136,4.022543918744532,-1.215482998251893,0,54.8429853024136,0,0,54.8429853024136,19,4,604.4738030505299,6.406011297070452,-1.2047776138795059,54.84298530241362
TRX_101533,ACC_037,2026-01-16 23:15:00,214.38215897062588,5.372413933857486,0.3810816585452142,0,214.38215897062588,0,0,214.38215897062588,23,4,590.733032606827,6.3830555747372575,0.37991424312818667,214.38215897062582
TRX_101583,ACC_037,2026-01-17 11:45:00,305.2432069384767,5.724379580187543,0.7973705641775818,0,305.2432069384767,0,0,305.2432069384767,11,5,581.553743005944,6.367421443855066,0.793107430206291,305.24320693847676
TRX_101639,ACC_037,2026-01-18 01:45:00,187.28600281400983,5.237962098402072,0.2220581628557773,0,187.28600281400983,0,0,187.28600281400983,1,6,574.9749207186235,6.356064119328924,0.2220733203574822,187.2860028140098
TRX_101651,ACC_037,2026-01-18 04:45:00,438.8552586098061,6.086445715088866,1.22560586678797,0,438.8552586098061,0,0,438.8552586098061,4,6,565.9588993720045,6.340286813220316,1.2181581752799664,438.85525860980596
TRX_101652,ACC_037,2026-01-18 05:00:00,84.18034495912113,4.444770714253492,-0.7160924115175866,0,84.18034495912113,0,0,84.18034495912113,5,6,563.0701802637727,6.3351786768487,-0.7091007285776922,84.1803449591211
TRX_101702,ACC_037,2026-01-18 17:30:00,60.34004531385274,4.116432897418352,-1.104435398605156,0,60.34004531385274,0,0,60.34004531385274,17,6,552.4281839236694,6.316131994721833,-1.0945558160016404,60.34004531385272
TRX_101731,ACC_037,2026-01-19 00:45:00,50.15897102305947,3.934937863589287,-1.319099442662341,0,50.15897102305947,0,0,50.15897102305947,0,0,541.7306156930212,6.296613093137688,-1.3076235180590032,50.15897102305948
TRX_101815,ACC_037,2026-01-19 21:45:00,48.32076423284004,3.8983451735702523,-1.3623796066243756,0,48.32076423284004,0,0,48.32076423284004,21,0,531.2716445298305,6.277153969043186,-1.350581830526088,48.32076423284003
TRX_101883,ACC_037,2026-01-20 14:45:00,269.40876304112754,5.599934751340169,0.6501828992658181,0,269.40876304112754,0,0,269.40876304112754,14,1,521.2101678569766,6.258070127268452,0.6470143214526692,269.40876304112766
TRX_100021,ACC_038,2026-01-01 05:15:00,338.4146435050438,5.827222497140591,0.9190084734361382,0,338.4146435050438,0,0,338.4146435050438,5,3,338.4146435050438,5.827222497140591,0.9138407832119696,338.4146435050437
TRX_100234,ACC_038,2026-01-03 10:30:00,373.3335727449864,5.925147305638213,1.0348294684360515,0,373.3335727449864,0,0,373.3335727449864,10,5,338.4146435050438,5.827222497140591,1.0288004792477652,373.3335727449862
TRX_100301,ACC_038,2026-01-04 03:15:00,302.2644217973258,5.714605104145362,0.7858097599424049,0,302.2644217973258,0,0,302.2644217973258,3,6,355.8741081250151,5.877383081282851,0.7816325975059997,302.26442179732584
TRX_100336,ACC_038,2026-01-04 12:00:00,224.4930419168796,5.418289302222233,0.4353409508686853,0,224.4930419168796,0,0,224.4930419168796,12,6,338.00421268245196,5.826012534095132,0.43377003803504566,224.49304191687955
TRX_100337,ACC_038,2026-01-04 12:15:00,76.60826210567208,4.351673891955517,-0.826203084750542,0,76.60826210567208,0,0,76.60826210567208,12,6,309.62641999105887,5.738590968240231,-0.8183925674637851,76.60826210567208
TRX_100647,ACC_038,2026-01-07 17:45:00,191.6598550153188,5.260926224787509,0.249219083648689,0,191.6598550153188,0,0,191.6598550153188,17,2,263.0227884139815,5.5760354191709105,0.24903225986933789,191.6598550153189
TRX_100660,ACC_038,2026-01-07 21:00:00,342.2888906286418,5.838572339405928,0.9324325489531752,0,342.2888906286418,0,0,342.2888906286418,21,2,251.1289661808711,5.529940727160545,0.9271650310394147,342.28889062864187
TRX_100700,ACC_038,2026-01-08 07:00:00,,,0.1102524442842665,0,,1,1,173.35174426542477,7,3,264.1518125305526,5.58030253942835,-0.7359311017133784,82.25565904775918
TRX_100733,ACC_038,2026-01-08 15:15:00,184.25652533509484,5.2217414880367725,0.2028731650923099,0,184.25652533509484,0,0,184.25652533509484,15,3,264.1518125305526,5.58030253942835,0.2030309911896375,184.2565253350948
TRX_100798,ACC_038,2026-01-09 07:30:00,213.04680722492893,5.366194716455085,0.3737258519961065,0,213.04680722492893,0,0,213.04680722492893,7,4,254.1649016311204,5.541910009218718,0.37261313778900207,213.04680722492893
TRX_100845,ACC_038,2026-01-09 19:15:00,501.887771206252,6.22036702633077,1.3840018826464728,0,501.887771206252,0,0,501.887771206252,19,4,249.5962244748769,5.523842976406244,1.3753762844525594,501.8877712062522
TRX_100847,ACC_038,2026-01-09 19:45:00,20.132903962992376,3.0508312553601105,-2.3647803954475286,0,20.132903962992376,0,0,20.132903962992376,19,4,274.8253791480144,5.619767981241688,-2.3455282993354656,20.132903962992373
TRX_100855,ACC_038,2026-01-09 21:45:00,405.0961186144589,6.006589876937783,1.1311560253932345,0,405.0961186144589,0,0,405.0961186144589,21,4,251.67151776755784,5.5320902963977,1.1244107069787639,405.0961186144587
TRX_100956,ACC_038,2026-01-10 23:00:00,172.111280044841,5.153934624962784,0.1226743016016265,0,172.111280044841,0,0,172.111280044841,23,5,264.4569011714663,5.581452496700653,0.12342852387089094,172.11128004484098
TRX_101030,ACC_038,2026-01-11 17:30:00,184.18340677547744,5.221346721953373,0.2024062537827755,0,184.18340677547744,0,0,184.18340677547744,17,6,257.3533918540336,5.554328383557533,0.20256755205047453,184.18340677547738
TRX_101052,ACC_038,2026-01-11 23:00:00,169.15180608914537,5.136691015578474,0.1022793472798208,0,169.15180608914537,0,0,169.15180608914537,23,6,252.1269643484224,5.533891198219521,0.10318523594627503,169.15180608914534
TRX_101080,ACC_038,2026-01-12 06:00:00,144.39998755405557,4.979488479501448,-0.0836526389480904,0,144.39998755405557,0,0,144.39998755405557,6,0,246.5952871311373,5.511795506425481,-0.08136407327100965,144.3999875540556
TRX_101124,ACC_038,2026-01-12 17:00:00,310.7823316606839,5.742305289401326,0.8185722750522048,0,310.7823316606839,0,0,310.7823316606839,17,0,240.20808090756967,5.4856599672253585,0.8141514752655424,310.7823316606838
TRX_101153,ACC_038,2026-01-13 00:15:00,71.45788094830118,4.28300544060515,-0.907420995538652,0,71.45788094830118,0,0,71.45788094830118,0,1,244.35950742245876,5.502724512233304,-0.8990065039687385,71.45788094830117
TRX_101165,ACC_038,2026-01-13 03:15:00,174.5922084860085,5.168164309407995,0.1395045230364647,0,174.5922084860085,0,0,174.5922084860085,3,1,234.75386150722775,5.462788301049529,0.1401335879256903,174.5922084860085
TRX_101194,ACC_038,2026-01-13 10:30:00,123.65322515149124,4.8255356832930225,-0.2657409811510932,0,123.65322515149124,0,0,123.65322515149124,10,1,231.5874587166373,5.449266320817693,-0.26209832159390634,123.65322515149126
TRX_101254,ACC_038,2026-01-14 01:30:00,162.19146365267636,5.094924135112221,0.0528793869647454,0,162.19146365267636,0,0,162.19146365267636,1,2,226.19074703837995,5.425789959954199,0.054152636787497974,162.19146365267642
TRX_101316,ACC_038,2026-01-14 17:00:00,244.6326071979292,5.503836952924314,0.536522808420754,0,244.6326071979292,0,0,244.6326071979292,17,2,223.14316211525122,5.412284964292956,0.5341994600800883,244.6326071979292
TRX_101391,ACC_038,2026-01-15 11:45:00,61.29854137020512,4.131938012521006,-1.0860966559889658,0,61.29854137020512,0,0,61.29854137020512,11,3,224.11995507355476,5.416633393799405,-1.0763534488329114,61.29854137020513
TRX_101434,ACC_038,2026-01-15 22:30:00,52.11810061909462,3.972517748111256,-1.274651670089756,0,52.11810061909462,0,0,52.11810061909462,22,3,217.04076317340915,5.384682032343179,-1.2635062798638348,52.11810061909461
TRX_101439,ACC_038,2026-01-15 23:45:00,74.53893256527581,4.324648186462679,-0.858167855974283,0,74.53893256527581,0,0,74.53893256527581,23,3,210.16898556697936,5.3526586924075925,-0.850119633733055,74.53893256527581
TRX_101513,ACC_038,2026-01-16 18:15:00,18.76119925858097,2.983720381701817,-2.444156074416618,0,18.76119925858097,0,0,18.76119925858097,18,4,204.7437834469112,5.326631624990936,-2.4243137037168423,18.76119925858097
TRX_101695,ACC_038,2026-01-18 15:45:00,32.68049055363818,3.5169187543998306,-1.813513370022488,0,32.68049055363818,0,0,32.68049055363818,15,6,197.59060713197545,5.29124545508463,-1.7983607527480112,32.68049055363819
TRX_101724,ACC_038,2026-01-18 23:00:00,373.2514289851775,5.924927841556116,1.0345698963342995,0,373.2514289851775,0,0,373.2514289851775,23,6,191.48282503648147,5.260006929157739,1.0285428374452865,373.25142898517754
TRX_101767,ACC_038,2026-01-19 09:45:00,131.17728228806754,4.884144069141476,-0.1964216567791549,0,131.17728228806754,0,0,131.17728228806754,9,0,197.97456089179204,5.293176981838326,-0.19329448806432242,131.17728228806754
TRX_101890,ACC_038,2026-01-20 16:30:00,320.25581075620335,5.772237724002897,0.8539749928263014,0,320.25581075620335,0,0,320.25581075620335,16,1,195.67120645718086,5.281533331645812,0.8492909219103781,320.25581075620323
TRX_101931,ACC_038,2026-01-21 02:45:00,263.1997771883121,5.5767055487431,0.6227084584257081,0,263.1997771883121,0,0,263.1997771883121,2,2,199.82402660048163,5.302429035044428,0.6197441933749844,263.19977718831205
TRX_101948,ACC_038,2026-01-21 07:00:00,25.13515897462366,3.2632814949710895,-2.113503946535088,0,25.13515897462366,0,0,25.13515897462366,7,2,201.86840565170195,5.312557520817019,-2.096120459349717,25.135158974623668
TRX_101954,ACC_038,2026-01-21 08:30:00,171.67261084770178,5.151397378757711,0.1196733625695273,0,171.67261084770178,0,0,171.67261084770178,8,2,196.34549169304324,5.284955957627215,0.120449901221756,171.67261084770172
TRX_101988,ACC_038,2026-01-21 17:00:00,163.76886879419718,5.1045436966831295,0.0642569654323369,0,163.76886879419718,0,0,163.76886879419718,17,2,195.5978286371238,5.281160163079967,0.06544560627250988,163.76886879419718
TRX_100000,ACC_039,2026-01-01 00:00:00,497.0173914157564,6.210634998936475,1.3724912847350044,0,497.0173914157564,0,0,497.0173914157564,0,3,497.0173914157564,6.210634998936475,1.3639512847183257,497.0173914157562
TRX_100006,ACC_039,2026-01-01 01:30:00,102.47048561517092,4.639286408900239,-0.4860281240022082,0,102.47048561517092,0,0,102.47048561517092,1,3,497.0173914157564,6.210634998936475,-0.4807473064586732,102.4704856151709
TRX_100042,ACC_039,2026-01-01 10:30:00,85.96642060957387,4.465522074144092,-0.6915486499621184,0,85.96642060957387,0,0,85.96642060957387,10,3,299.74393851546364,5.706259200089633,-0.6847394858859522,85.9664206095739
TRX_100114,ACC_039,2026-01-02 04:30:00,175.66348089973343,5.17424668507245,0.1466984794222713,0,175.66348089973343,0,0,175.66348089973343,4,4,228.48476588016706,5.435836647690261,0.1472740466949119,175.66348089973346
TRX_100143,ACC_039,2026-01-02 11:45:00,46.328109495533774,3.857104400072319,-1.4111573116245608,0,46.328109495533774,0,0,46.328109495533774,11,4,215.27944463505867,5.376571296705157,-1.398996801750858,46.32810949553377
TRX_100152,ACC_039,2026-01-02 14:00:00,130.84904990826104,4.8816577069201745,-0.1993624125571791,0,130.84904990826104,0,0,130.84904990826104,14,4,181.48917760715366,5.206690870481466,-0.19621337501014277,130.849049908261
TRX_100159,ACC_039,2026-01-02 15:45:00,187.54827589766924,5.239354079656563,0.2237045347648965,0,187.54827589766924,0,0,187.54827589766924,15,4,173.0491563240049,5.159337766925992,0.22370744907684229,187.54827589766933
TRX_100183,ACC_039,2026-01-02 21:45:00,158.974956008689,5.0750172780368255,0.0293344648028675,0,158.974956008689,0,0,158.974956008689,21,4,175.12045912024266,5.171168187744493,0.03078280565353122,158.974956008689
TRX_100190,ACC_039,2026-01-02 23:30:00,387.18325304482687,5.961477529785874,1.07779919974223,0,387.18325304482687,0,0,387.18325304482687,23,4,173.10227123129846,5.159642892245044,1.0714506675810802,387.1832530448267
TRX_100208,ACC_039,2026-01-03 04:00:00,253.2149174274209,5.538180040855008,0.5771422456862247,0,253.2149174274209,0,0,253.2149174274209,4,5,196.88904698835717,5.287706504883619,0.574516832255894,253.2149174274208
TRX_100261,ACC_039,2026-01-03 17:15:00,210.5872355770888,5.354637374804923,0.3600563556752829,0,210.5872355770888,0,0,210.5872355770888,17,5,202.52163403226353,5.315772308973022,0.3590452942213872,210.5872355770888
TRX_100401,ACC_039,2026-01-05 04:15:00,41.92983433514733,3.7595670232760146,-1.526520070087383,0,41.92983433514733,0,0,41.92983433514733,4,0,203.2548705363386,5.319368579410948,-1.5135016689102792,41.929834335147326
TRX_100442,ACC_039,2026-01-05 14:30:00,6.014174295301638,1.9479330010387859,-3.669238123360916,1,14.45445091828967,1,0,6.014174295301638,14,0,189.8111175195726,5.251284025238965,-3.6402854708878345,6.014174295301639
TRX_100477,ACC_039,2026-01-05 23:15:00,142.63830355777822,4.96729835891344,-0.0980705573217201,0,142.63830355777822,0,0,142.63830355777822,23,0,175.67289111770563,5.17429994999913,-0.09567477327581142,142.63830355777822
TRX_100502,ACC_039,2026-01-06 05:30:00,161.4835438649315,5.0905767281182905,0.0477374723525887,0,161.4835438649315,0,0,161.4835438649315,5,1,173.31327772056798,5.160854127023178,0.0490489598517576,161.4835438649315
TRX_100584,ACC_039,2026-01-07 02:00:00,55.46460694358623,4.033614016088556,-1.2023897922625044,0,55.46460694358623,0,0,55.46460694358623,2,2,172.52462879685888,5.156319542032228,-1.1917817750795086,55.46460694358623
TRX_100628,ACC_039,2026-01-07 13:00:00,210.28811621259277,5.353222681737015,0.3583831212696357,0,210.28811621259277,0,0,210.28811621259277,13,2,165.20837743102933,5.11324228687322,0.3573845027675582,210.2881162125927
TRX_100631,ACC_039,2026-01-07 13:45:00,115.79567276560874,4.760426021468173,-0.3427497180826031,0,115.79567276560874,0,0,115.79567276560874,13,2,167.8601267711213,5.12907071998797,-0.33853438562317517,115.79567276560878
TRX_100677,ACC_039,2026-01-08 01:15:00,82.92914232600202,4.429972899122018,-0.7335945920032773,0,82.92914232600202,0,0,82.92914232600202,1,3,164.96765710414837,5.111792932651405,-0.7264727546822871,82.92914232600204
TRX_100682,ACC_039,2026-01-08 02:30:00,493.5744124597442,6.203697619943465,1.3642860694275736,0,493.5744124597442,0,0,493.5744124597442,2,3,160.64984053687752,5.085432517699427,1.3558070872207026,493.5744124597444
TRX_100692,ACC_039,2026-01-08 05:00:00,123.8082560367983,4.826778607888251,-0.2642709066568172,0,123.8082560367983,0,0,123.8082560367983,5,3,177.29606913302084,5.183445478260511,-0.2606391792595475,123.80825603679833
TRX_100823,ACC_039,2026-01-09 13:45:00,,,0.1102524442842665,0,,1,1,125.28711551953691,13,4,174.7490304141531,5.169057013828633,-0.6731729801328361,86.82749785289276
TRX_100844,ACC_039,2026-01-09 19:00:00,79.49671985022796,4.388216436392191,-0.7829822306950881,0,79.49671985022796,0,0,79.49671985022796,19,4,174.7490304141531,5.169057013828633,-0.77549312384714,79.49671985022796
TRX_100963,ACC_039,2026-01-11 00:45:00,187.79070898623448,5.24063904162251,0.2252243291430151,0,187.79070898623448,0,0,187.79070898623448,0,6,170.41937993397468,5.144113068231518,0.2252159415547868,187.79070898623442
TRX_100965,ACC_039,2026-01-11 01:15:00,20.85677773448512,3.084511067239396,-2.3249454508291443,0,20.85677773448512,0,0,20.85677773448512,1,6,171.1746551101599,5.14850939829334,-2.3059895859533563,20.856777734485124
TRX_101120,ACC_039,2026-01-12 16:00:00,116.24853326014149,4.764295897739756,-0.3381726050182237,0,116.24853326014149,0,0,116.24853326014149,16,0,164.9114102195068,5.111453972525757,-0.3339913101073508,116.24853326014149
TRX_101137,ACC_039,2026-01-12 20:15:00,136.3852820711838,4.922789256664919,-0.1507138924281823,0,136.3852820711838,0,0,136.3852820711838,20,0,162.96489514113216,5.099652350893881,-0.1479266279775777,136.38528207118384
TRX_101149,ACC_039,2026-01-12 23:15:00,214.46575404421012,5.372801982967662,0.3815406253253285,0,214.46575404421012,0,0,214.46575404421012,23,0,161.94260233074954,5.093398005853214,0.3803697968171563,214.46575404421003
TRX_101321,ACC_039,2026-01-14 18:15:00,45.77163359310997,3.8452768993533897,-1.425146339764063,0,45.77163359310997,0,0,45.77163359310997,18,2,163.8879042460629,5.10526587481975,-1.4128818009494448,45.77163359310996
TRX_101415,ACC_039,2026-01-15 17:45:00,331.64609377830413,5.80707914338125,0.8951838337882727,0,331.64609377830413,0,0,331.64609377830413,17,3,159.66946600845745,5.079349248519861,0.890193314701765,331.646093778304
TRX_101473,ACC_039,2026-01-16 08:15:00,30.497739596035533,3.449915784400783,-1.8927614254672676,0,30.497739596035533,0,0,30.497739596035533,8,4,165.59969455224527,5.115593896311165,-1.8770194826731565,30.497739596035537
TRX_101505,ACC_039,2026-01-16 16:15:00,23.445302626142123,3.1964380758329773,-2.1925632925021548,0,23.445302626142123,0,0,23.445302626142123,16,4,161.09629605370492,5.088190578719343,-2.1745918831288837,23.44530262614212
TRX_101569,ACC_039,2026-01-17 08:15:00,261.3346691098909,5.569621051641886,0.6143292385331662,0,261.3346691098909,0,0,261.3346691098909,8,5,156.65594142700937,5.0604150727341946,0.6114272852715406,261.3346691098909
TRX_101573,ACC_039,2026-01-17 09:15:00,33.18263013865574,3.5317176243658186,-1.7960099419266684,0,33.18263013865574,0,0,33.18263013865574,9,5,159.9271516670994,5.080951788469765,-1.7809874883110985,33.18263013865573
TRX_101589,ACC_039,2026-01-17 13:15:00,65.91181230958018,4.203375518208516,-1.0016036340879817,0,65.91181230958018,0,0,65.91181230958018,13,5,156.08640859047992,5.056796027136304,-0.9924887564695767,65.91181230958021
TRX_101614,ACC_039,2026-01-17 19:30:00,61.38509630534411,4.133326405587755,-1.0844545280245723,0,61.38509630534411,0,0,61.38509630534411,19,5,153.43421458221815,5.039768210076771,-1.0747235324983242,61.38509630534411
TRX_101626,ACC_039,2026-01-17 22:30:00,413.6859061645734,6.027521381057674,1.1559128533227918,0,413.6859061645734,0,0,413.6859061645734,22,5,150.80423977430746,5.02259179457352,1.1489834315836138,413.6859061645733
TRX_101655,ACC_039,2026-01-18 05:45:00,121.58818516158712,4.808830649866373,-0.285498932406401,0,121.58818516158712,0,0,121.58818516158712,5,6,158.10650828514815,5.069573841390472,-0.2817093435040702,121.58818516158709
TRX_101779,ACC_039,2026-01-19 12:45:00,126.76597500227552,4.850200270207338,-0.2365688332397982,0,126.76597500227552,0,0,126.76597500227552,12,0,157.11952657910598,5.063351244363201,-0.23314311138701527,126.76597500227557
TRX_101788,ACC_039,2026-01-19 15:00:00,408.66158797022376,6.0153314236776065,1.1414951279840666,0,408.66158797022376,0,0,408.66158797022376,15,0,156.3207489060315,5.058286707951665,1.1346729231782189,408.66158797022376
TRX_101862,ACC_039,2026-01-20 09:30:00,146.08511580425557,4.991011438288439,-0.0700238091088712,0,146.08511580425557,0,0,146.08511580425557,9,1,162.79102683075436,5.098591388665396,-0.06783659377006593,146.0851158042555
TRX_101986,ACC_039,2026-01-21 16:30:00,83.52346809859178,4.437029224780993,-0.7252486920071008,0,83.52346809859178,0,0,83.52346809859178,16,2,162.3733790550919,5.096038250273693,-0.7181889186929113,83.5234680985918
TRX_101989,ACC_039,2026-01-21 17:15:00,56.66221311062202,4.054602073551762,-1.1775660756191082,0,56.66221311062202,0,0,56.66221311062202,17,2,160.45021049517726,5.084196800982792,-1.167142659176509,56.662213110622034
TRX_100013,ACC_040,2026-01-01 03:15:00,340.7852843525401,5.834182716368301,0.9272407031309298,0,340.7852843525401,0,0,340.7852843525401,3,3,340.7852843525401,5.834182716368301,0.9220117942053633,340.7852843525401
TRX_100063,ACC_040,2026-01-01 15:45:00,88.8433504018477,4.49806760272066,-0.6530552838747319,0,88.8433504018477,0,0,88.8433504018477,15,3,340.7852843525401,5.834182716368301,-0.6465323744308668,88.84335040184772
TRX_100083,ACC_040,2026-01-01 20:45:00,46.59474503973744,3.862722356818187,-1.4045126487433592,0,46.59474503973744,0,0,46.59474503973744,20,3,214.8143173771939,5.374418396208036,-1.3924015516834254,46.59474503973745
TRX_100129,ACC_040,2026-01-02 08:15:00,280.56330756916503,5.6403573159687195,0.6979928641516893,0,280.56330756916503,0,0,280.56330756916503,8,4,158.74112659804175,5.073554546162769,0.6944687491301897,280.5633075691651
TRX_100260,ACC_040,2026-01-03 17:00:00,106.20655700208546,4.674757412830364,-0.4440746391615142,0,106.20655700208546,0,0,106.20655700208546,17,5,189.19667184082255,5.248058651750111,-0.4391058073079174,106.20655700208545
TRX_100263,ACC_040,2026-01-03 17:45:00,245.9520108167123,5.509194029560133,0.5428589142122333,0,245.9520108167123,0,0,245.9520108167123,17,5,172.59864887307515,5.156746019206763,0.5404884476322992,245.9520108167122
TRX_100302,ACC_040,2026-01-04 03:30:00,307.21035158471057,5.730782509553355,0.8049436568538921,0,307.21035158471057,0,0,307.21035158471057,3,6,184.82420919701465,5.2248011149693925,0.8006242058316447,307.2103515847106
TRX_100382,ACC_040,2026-01-04 23:30:00,100.73788182143944,4.622399719652034,-0.5060009294739594,0,100.73788182143944,0,0,100.73788182143944,23,6,202.30794382382834,5.314721794262596,-0.5005715848290698,100.73788182143942
TRX_100396,ACC_040,2026-01-05 03:00:00,,,0.1102524442842665,0,,1,1,157.26827297070486,3,0,189.61168607352974,5.250238301373805,-0.652954100610083,88.35323589088107
TRX_100450,ACC_040,2026-01-05 16:30:00,102.2711441743601,4.637357997067662,-0.4883089615207634,0,102.2711441743601,0,0,102.2711441743601,16,0,189.61168607352974,5.250238301373805,-0.48301118260513815,102.27114417436012
TRX_100473,ACC_040,2026-01-05 22:15:00,182.21430025886815,5.210656507375243,0.1897623557941302,0,182.21430025886815,0,0,182.21430025886815,22,0,179.90718141806644,5.197984089888951,0.1900176799872673,182.21430025886815
TRX_100541,ACC_040,2026-01-06 15:15:00,83.70542042007763,4.439179595124877,-0.7227053320897519,0,83.70542042007763,0,0,83.70542042007763,15,1,180.13789330214664,5.199258582660261,-0.7156644723867103,83.7054204200776
TRX_100651,ACC_040,2026-01-07 18:45:00,160.95409380048213,5.087312923473103,0.0438771931517352,0,160.95409380048213,0,0,160.95409380048213,18,2,171.3713048583222,5.149650899238721,0.045217387488355236,160.95409380048216
TRX_100817,ACC_040,2026-01-09 12:15:00,153.58245214092756,5.04072762480124,-0.0112217723435542,0,153.58245214092756,0,0,153.58245214092756,12,4,170.5032039368355,5.144601948278928,-0.009471836388801612,153.58245214092756
TRX_100888,ACC_040,2026-01-10 06:00:00,437.3459980471205,6.083008548409529,1.221540542883956,0,437.3459980471205,0,0,437.3459980471205,6,5,169.2016076448426,5.136983661716536,1.2141230830214962,437.34599804712064
TRX_100987,ACC_040,2026-01-11 06:45:00,449.188775978162,6.109666996971622,1.2530709393686286,0,449.188775978162,0,0,449.188775978162,6,6,188.3547783878624,5.243622389771994,1.2454190047649485,449.18877597816197
TRX_101015,ACC_040,2026-01-11 13:45:00,84.5979971169882,4.449661884707929,-0.7103073582972802,0,84.5979971169882,0,0,84.5979971169882,13,6,205.74371156054906,5.33147991777279,-0.7033586957125987,84.59799711698817
TRX_101069,ACC_040,2026-01-12 03:15:00,,,0.1102524442842665,0,,1,1,157.26827297070486,3,0,198.1721044078265,5.294169297230925,0.4691181482226197,231.38592984579628
TRX_101096,ACC_040,2026-01-12 10:00:00,83.4147707630601,4.435742395330612,-0.7267706951605909,0,83.4147707630601,0,0,83.4147707630601,10,0,198.1721044078265,5.294169297230925,-0.719699603520743,83.41477076306009
TRX_101118,ACC_040,2026-01-12 15:30:00,75.12540527683002,4.332382049849453,-0.8490205952709714,0,75.12540527683002,0,0,75.12540527683002,15,0,191.4216730169579,5.259689177505849,-0.8410403963286994,75.12540527683005
TRX_101121,ACC_040,2026-01-12 16:15:00,106.39733520711812,4.676535369915158,-0.441971752653107,0,106.39733520711812,0,0,106.39733520711812,16,0,184.96076925361749,5.22553573347557,-0.437018558844852,106.39733520711809
TRX_101135,ACC_040,2026-01-12 19:45:00,33.1300857478378,3.5301792753044956,-1.797829430998673,0,33.1300857478378,0,0,33.1300857478378,19,0,180.82585167222277,5.203049370051209,-1.78279344681334,33.130085747837796
TRX_101136,ACC_040,2026-01-12 20:00:00,214.2110773859237,5.371619301804498,0.3801418040134773,0,214.2110773859237,0,0,214.2110773859237,20,0,173.4410633760035,5.161586938897304,0.37898137779331004,214.21107738592366
TRX_101193,ACC_040,2026-01-13 10:15:00,65.59920280758817,4.19869260761867,-1.0071423670437345,0,65.59920280758817,0,0,65.59920280758817,10,1,175.38249261457113,5.172654890430544,-0.997986300822544,65.59920280758814
TRX_101205,ACC_040,2026-01-13 13:15:00,399.2419810149016,5.992069316735214,1.113981769385794,0,399.2419810149016,0,0,399.2419810149016,13,1,170.3923430778901,5.143955332341374,1.1073641667529812,399.24198101490157
TRX_101210,ACC_040,2026-01-13 14:30:00,146.72642327474028,4.9953620718087155,-0.0648780783085841,0,146.72642327474028,0,0,146.72642327474028,14,1,180.34232733602101,5.200386556237357,-0.06272912902515093,146.72642327474028
TRX_101227,ACC_040,2026-01-13 18:45:00,189.1888253248355,5.2480173961499545,0.2339511101900417,0,189.1888253248355,0,0,189.1888253248355,18,1,178.941664666801,5.192632713178819,0.23387782618578906,189.18882532483545
TRX_101241,ACC_040,2026-01-13 22:15:00,67.32051352799671,4.224210065962556,-0.9769614817236538,0,67.32051352799671,0,0,67.32051352799671,22,1,179.3515510931224,5.194908007773459,-0.9680298546489439,67.32051352799668
TRX_101287,ACC_040,2026-01-14 09:45:00,209.68814003743876,5.350379030841644,0.3550197807516684,0,209.68814003743876,0,0,209.68814003743876,9,2,175.0426650329252,5.170726380620195,0.35404617361911067,209.6881400374388
TRX_101304,ACC_040,2026-01-14 14:00:00,206.66065585492555,5.335905285181625,0.3379008948489225,0,206.66065585492555,0,0,206.66065585492555,14,2,176.32583077383316,5.177988892112186,0.33705459174008584,206.66065585492558
TRX_101411,ACC_040,2026-01-15 16:45:00,249.95960281710987,5.525291981227002,0.5618988368643419,0,249.95960281710987,0,0,249.95960281710987,16,3,177.40921738387217,5.184079885761174,0.5593867805350092,249.95960281710992
TRX_101449,ACC_040,2026-01-16 02:15:00,84.16218056031809,4.444557445149767,-0.7163446564816064,0,84.16218056031809,0,0,84.16218056031809,2,4,179.91095481260447,5.198004947851338,-0.7093510977304551,84.16218056031809
TRX_101469,ACC_040,2026-01-16 07:15:00,,,0.1102524442842665,0,,1,1,157.26827297070486,7,4,176.71932900419495,5.180205502482114,0.45280330744871655,228.17873362861968
TRX_101474,ACC_040,2026-01-16 08:30:00,109.0362907003221,4.700810226839752,-0.4132605595895514,0,109.0362907003221,0,0,109.0362907003221,8,4,176.71932900419495,5.180205502482114,-0.4085208756103582,109.03629070032208
TRX_101497,ACC_040,2026-01-16 14:15:00,82.05533906673298,4.41950712137084,-0.7459730363544738,0,82.05533906673298,0,0,82.05533906673298,14,4,174.536005187941,5.16784417962999,-0.7387591471451617,82.05533906673301
TRX_101502,ACC_040,2026-01-16 15:30:00,171.53007174282206,5.150571550221786,0.1186966102613266,0,171.53007174282206,0,0,171.53007174282206,15,4,171.64598437165324,5.151243164785629,0.11948041249949891,171.53007174282203
TRX_101585,ACC_040,2026-01-17 12:15:00,232.8952972042493,5.4548735673779545,0.4786111502868357,0,232.8952972042493,0,0,232.8952972042493,12,5,171.64247186774926,5.15122281945499,0.4767184600592443,232.89529720424923
TRX_101717,ACC_040,2026-01-18 21:15:00,211.85161263086775,5.360595268617872,0.3671030806074667,0,211.85161263086775,0,0,211.85161263086775,21,6,173.44402555411693,5.161603919721119,0.36603961641877747,211.85161263086772
TRX_101739,ACC_040,2026-01-19 02:45:00,30.79117140509307,3.4591886224694712,-1.881793935736464,0,30.79117140509307,0,0,30.79117140509307,2,0,174.54138518488122,5.167874828125667,-1.8661335523137272,30.791171405093067
TRX_101744,ACC_040,2026-01-19 04:00:00,128.96898553871142,4.867295849213427,-0.2163489624944509,0,128.96898553871142,0,0,128.96898553871142,4,0,170.54832369099822,5.144864997709052,-0.21307360503568448,128.96898553871145
TRX_101746,ACC_040,2026-01-19 04:30:00,480.8882458633052,6.177712232112678,1.3335517384628786,0,480.8882458633052,0,0,480.8882458633052,4,0,169.42455779499045,5.138292722526342,1.3253013110825547,480.8882458633051
TRX_101755,ACC_040,2026-01-19 06:45:00,170.6910851683552,5.145696845579107,0.1129310320518025,0,170.6910851683552,0,0,170.6910851683552,6,0,177.62097063889348,5.185266078340704,0.11375770981991996,170.6910851683552
TRX_101797,ACC_040,2026-01-19 17:15:00,68.56189487377206,4.242216929968595,-0.9556637846639944,0,68.56189487377206,0,0,68.56189487377206,17,0,177.44328126785402,5.184270798725012,-0.9468905372027178,68.56189487377208
TRX_101972,ACC_040,2026-01-21 13:00:00,182.4698998419602,5.212050620480849,0.1914112491594682,0,182.4698998419602,0,0,182.4698998419602,13,2,174.721246608002,5.168898913368791,0.19165431141212105,182.46989984196023
TRX_101998,ACC_040,2026-01-21 19:30:00,1194.1441413666105,7.086022077482026,2.407859175698751,1,732.128172029599,1,0,1194.1441413666105,19,2,174.91023815029365,5.16997385442886,2.391619696913413,1194.1441413666107
TRX_100093,ACC_041,2026-01-01 23:15:00,178.50474866012794,5.190201662509483,0.1655692986795101,0,178.50474866012794,0,0,178.50474866012794,23,3,178.50474866012794,5.190201662509483,0.16600453373450474,178.50474866012794
TRX_100115,ACC_041,2026-01-02 04:45:00,758.7879373426067,6.633039364531956,1.8720918932647947,1,732.128172029599,1,0,758.7879373426067,4,4,178.50474866012794,5.190201662509483,1.85983662999555,758.7879373426066
TRX_100188,ACC_041,2026-01-02 23:00:00,114.15961866209652,4.746319154363853,-0.3594346767710188,0,114.15961866209652,0,0,114.15961866209652,23,4,468.6463430013673,6.151979949763487,-0.3550952671731181,114.1596186620965
TRX_100204,ACC_041,2026-01-03 03:00:00,814.5969751018953,6.703920329892411,1.9559266646629083,1,732.128172029599,1,0,814.5969751018953,3,5,350.4841015549437,5.862164479943145,1.9430479669139116,814.5969751018953
TRX_100258,ACC_041,2026-01-03 16:30:00,358.13254117239387,5.883691515818681,0.9857974519422724,0,358.13254117239387,0,0,358.13254117239387,16,5,466.5123199416816,6.147425701197943,0.9801330877083374,358.1325411723939
TRX_100287,ACC_041,2026-01-03 23:45:00,280.56634523708766,5.640368104489293,0.6980056243215237,0,280.56634523708766,0,0,280.56634523708766,23,5,444.8363641878241,6.099951988257241,0.694481414409447,280.56634523708755
TRX_100316,ACC_041,2026-01-04 07:00:00,63.22978511449665,4.162467045701232,-1.0499883086399395,0,63.22978511449665,0,0,63.22978511449665,7,6,417.45802769603466,6.0365765926562815,-1.0405136200039315,63.22978511449666
TRX_100363,ACC_041,2026-01-04 18:45:00,133.96983990475505,4.905051345366194,-0.1716934844984438,0,133.96983990475505,0,0,133.96983990475505,18,6,366.8539930415292,5.907686101400312,-0.1687502060115436,133.96983990475502
TRX_100562,ACC_041,2026-01-06 20:30:00,84.15364983569384,4.4444572697918865,-0.7164631393237201,0,84.15364983569384,0,0,84.15364983569384,20,1,337.74347389943244,5.825243106766806,-0.7094686994788674,84.15364983569387
TRX_100596,ACC_041,2026-01-07 05:00:00,196.70048046447272,5.286753160444092,0.2797660046122043,0,196.70048046447272,0,0,196.70048046447272,5,2,309.5668267812393,5.738399101344344,0.27935201967452444,196.70048046447266
TRX_100609,ACC_041,2026-01-07 08:15:00,295.2123729467564,5.691076673232552,0.7579814055047801,0,295.2123729467564,0,0,295.2123729467564,8,2,298.2801921495626,5.701380232079122,0.7540111876974573,295.2123729467563
TRX_100691,ACC_041,2026-01-08 04:45:00,270.2632623370072,5.603089797067747,0.6539145433817946,0,270.2632623370072,0,0,270.2632623370072,4,3,298.001299494762,5.70044791951757,0.6507182153217104,270.2632623370071
TRX_100718,ACC_041,2026-01-08 11:30:00,210.2496168302348,5.353040452414264,0.358167588742149,0,210.2496168302348,0,0,210.2496168302348,11,3,295.68979639828245,5.692687136406402,0.3571705730405193,210.24961683023474
TRX_100746,ACC_041,2026-01-08 18:30:00,271.1372973815513,5.606306708727699,0.6577193596995259,0,271.1372973815513,0,0,271.1372973815513,18,3,289.11747489304804,5.670285926793499,0.65449473724987,271.1372973815513
TRX_100787,ACC_041,2026-01-09 04:45:00,216.1102717330184,5.380405389136807,0.3905335871846322,0,216.1102717330184,0,0,216.1102717330184,4,4,287.8331764993697,5.665849277496185,0.38929588281570926,216.11027173301844
TRX_100909,ACC_041,2026-01-10 11:15:00,135.37206741850372,4.9153869401163695,-0.1594690146603405,0,135.37206741850372,0,0,135.37206741850372,11,5,283.05164951494623,5.649156086115112,-0.15661664303543407,135.37206741850375
TRX_100977,ACC_041,2026-01-11 04:15:00,445.14027226433706,6.100633414375041,1.2423864300925616,0,445.14027226433706,0,0,445.14027226433706,4,6,273.82167563391863,5.616122435090188,1.2348139504855475,445.1402722643371
TRX_100992,ACC_041,2026-01-11 08:00:00,219.68194487741792,5.396722501476768,0.4098327230801653,0,219.68194487741792,0,0,219.68194487741792,8,6,283.8992401415903,5.652135574394621,0.4084515013312095,219.68194487741786
TRX_101101,ACC_041,2026-01-12 11:15:00,49.4532589655725,3.921047342643341,-1.3355285169869096,0,49.4532589655725,0,0,49.4532589655725,11,0,280.331612626914,5.639534089654098,-1.3239304181206313,49.45325896557251
TRX_101228,ACC_041,2026-01-13 19:00:00,308.2609953263204,5.734185565454834,0.8089686360863942,0,308.2609953263204,0,0,308.2609953263204,19,1,268.1801203289487,5.59538074782586,0.8046192534404067,308.26099532632054
TRX_101249,ACC_041,2026-01-14 00:15:00,83.60238262152899,4.437962429590645,-0.7241449399421153,0,83.60238262152899,0,0,83.60238262152899,0,2,270.1841640788173,5.6027981623216,-0.7170933746433225,83.60238262152902
TRX_101282,ACC_041,2026-01-14 08:30:00,15.804546688951133,2.8216494860409216,-2.635846134208032,0,15.804546688951133,0,0,15.804546688951133,8,2,261.29931734275596,5.569486284287497,-2.6145782667757334,15.804546688951135
TRX_101433,ACC_041,2026-01-15 22:15:00,122.7943694083766,4.818621877862202,-0.2739183147248717,0,122.7943694083766,0,0,122.7943694083766,22,3,250.14046413121935,5.526012400656662,-0.270214844699459,122.79436940837657
TRX_101543,ACC_041,2026-01-17 01:45:00,416.7895577335358,6.034977855352814,1.1647320308662976,0,416.7895577335358,0,0,416.7895577335358,1,5,244.60367740413926,5.50371916930478,1.1577370256076325,416.78955773353596
TRX_101673,ACC_041,2026-01-18 10:15:00,287.91230561645887,5.666123201291467,0.7284675775661831,0,287.91230561645887,0,0,287.91230561645887,10,6,251.77808908453076,5.532511985591272,0.7247168383553846,287.912305616459
TRX_101705,ACC_041,2026-01-18 18:15:00,42.159723996398,3.7649077454760205,-1.5202033075762995,0,42.159723996398,0,0,42.159723996398,18,6,253.2234577458079,5.538213635165764,-1.5072318807928051,42.15972399639801
TRX_101759,ACC_041,2026-01-19 07:45:00,156.99804074450628,5.062582632598856,0.0146273335948271,0,156.99804074450628,0,0,156.99804074450628,7,0,245.10562183236905,5.5057608008271535,0.016185043535910323,156.9980407445063
TRX_101795,ACC_041,2026-01-19 16:45:00,162.91245173801923,5.099332454420035,0.0580933458822225,0,162.91245173801923,0,0,162.91245173801923,16,0,241.84237808837412,5.492412583034141,0.05932782227348644,162.9124517380192
TRX_101809,ACC_041,2026-01-19 20:15:00,91.69101507994787,4.529271543170401,-0.6161486870045961,0,91.69101507994787,0,0,91.69101507994787,20,0,239.02345214729004,5.480736635848344,-0.6099002322367019,91.6910150799479
TRX_101861,ACC_041,2026-01-20 09:15:00,279.4670586640624,5.636456280148598,0.6933788969951664,0,279.4670586640624,0,0,279.4670586640624,9,1,233.94302328289893,5.459343030632085,0.6898890935864482,279.4670586640624
TRX_101955,ACC_041,2026-01-21 08:45:00,62.05909979607455,4.1440723786594,-1.071744681434161,0,62.05909979607455,0,0,62.05909979607455,8,2,235.4604911289377,5.465781137439229,-1.0621082022579265,62.05909979607456
TRX_101960,ACC_041,2026-01-21 10:00:00,136.84059684746072,4.9260979222121914,-0.1468005537994294,0,136.84059684746072,0,0,136.84059684746072,10,2,229.86689786013565,5.4418413447152565,-0.1440423907609408,136.84059684746074
TRX_101979,ACC_041,2026-01-21 14:45:00,175.80628132605446,5.175054677434742,0.1476541359181975,0,175.80628132605446,0,0,175.80628132605446,14,2,226.95982595348957,5.429169411470673,0.14822259648319847,175.80628132605443
TRX_100031,ACC_042,2026-01-01 07:45:00,90.1565096184348,4.512577915123559,-0.6358931484971151,0,90.1565096184348,0,0,90.1565096184348,7,3,90.1565096184348,4.512577915123559,-0.6294978647002475,90.15650961843477
TRX_100067,ACC_042,2026-01-01 16:45:00,153.73898566907528,5.041739734033747,-0.0100246957277701,0,153.73898566907528,0,0,153.73898566907528,16,3,90.1565096184348,4.512577915123559,-0.008283661793321708,153.7389856690753
TRX_100113,ACC_042,2026-01-02 04:15:00,67.90613841131888,4.232745265652337,-0.9668664370076112,0,67.90613841131888,0,0,67.90613841131888,4,4,121.94774764375504,4.8117594492081475,-0.9580098813960383,67.90613841131889
TRX_100149,ACC_042,2026-01-02 13:15:00,399.7196421152038,5.99326203594456,1.1153924632406131,0,399.7196421152038,0,0,399.7196421152038,13,4,103.93387789960964,4.653330417502171,1.108764370030027,399.7196421152038
TRX_100171,ACC_042,2026-01-02 18:45:00,219.6164183623156,5.39642552998971,0.4094814787566336,0,219.6164183623156,0,0,219.6164183623156,18,4,177.88031895350818,5.186716973023666,0.40810286902436804,219.61641836231559
TRX_100197,ACC_042,2026-01-03 01:15:00,50.342813519653554,3.938524975648751,-1.3148567702049996,0,50.342813519653554,0,0,50.342813519653554,1,5,186.22753883526966,5.232324662386765,-1.3034123960938035,50.34281351965356
TRX_100272,ACC_042,2026-01-03 20:00:00,49.23704629277306,3.916752728488418,-1.340607990638124,0,49.23704629277306,0,0,49.23704629277306,20,5,163.5800846160003,5.103397288310381,-1.3289721184355516,49.23704629277306
TRX_100379,ACC_042,2026-01-04 22:45:00,280.1791553413184,5.638992029668724,0.6963780658166072,0,280.1791553413184,0,0,280.1791553413184,22,6,147.24536485553926,4.998868771659131,0.6928659591890373,280.17915534131834
TRX_100392,ACC_042,2026-01-05 02:00:00,139.35944120044348,4.944206569519026,-0.12538247209615,0,139.35944120044348,0,0,139.35944120044348,2,0,163.86208866626168,5.105109298137967,-0.12278358390747961,139.35944120044343
TRX_100403,ACC_042,2026-01-05 04:45:00,67.06039909012851,4.220395532854106,-0.9814731374200908,0,67.06039909012851,0,0,67.06039909012851,4,0,161.13957228117076,5.088457521596114,-0.972507959568358,67.0603990901285
TRX_100432,ACC_042,2026-01-05 12:00:00,262.73982035526484,5.574963088236016,0.6206475556496415,0,262.73982035526484,0,0,262.73982035526484,12,0,151.73165496206656,5.028682492391299,0.6176986164336352,262.7398203552648
TRX_100454,ACC_042,2026-01-05 17:30:00,181.70303340189088,5.207862066431082,0.1864572185609124,0,181.70303340189088,0,0,181.70303340189088,17,0,161.8233063614482,5.092665602790456,0.18673712129678466,181.70303340189088
TRX_100630,ACC_042,2026-01-07 13:30:00,189.9561770828601,5.252043962364641,0.2387135489690701,0,189.9561770828601,0,0,189.9561770828601,13,2,163.4799502814851,5.102788679989791,0.23860484924777017,189.95617708286017
TRX_100652,ACC_042,2026-01-07 19:00:00,167.98371674196122,5.1298023596417694,0.0941317593800641,0,167.98371674196122,0,0,167.98371674196122,19,2,165.51658311236008,5.115094902733353,0.09509823731203203,167.9837167419612
TRX_100860,ACC_042,2026-01-09 23:00:00,345.2446685227407,5.8471456596147435,0.9425726808796208,0,345.2446685227407,0,0,345.2446685227407,23,4,165.6928069430459,5.116152639113991,0.9372297562131878,345.2446685227407
TRX_100903,ACC_042,2026-01-10 09:45:00,131.53658940393947,4.886858753749691,-0.1932108517006634,0,131.53658940393947,0,0,131.53658940393947,9,5,177.6629310483589,5.185500963872687,-0.19010756003064552,131.53658940393944
TRX_100991,ACC_042,2026-01-11 07:45:00,394.9517963895181,5.9812924775561385,1.1012354157719917,0,394.9517963895181,0,0,394.9517963895181,7,6,174.78003469558266,5.169233410517198,1.0947126009724542,394.95179638951794
TRX_101115,ACC_042,2026-01-12 14:45:00,97.23006324202498,4.587312311502361,-0.5475007147297235,0,97.23006324202498,0,0,97.23006324202498,14,0,187.73131479522593,5.24032438876648,-0.5417627583167182,97.23006324202501
TRX_101143,ACC_042,2026-01-12 21:45:00,70.26287612719551,4.26637552039598,-0.9270901063078806,0,70.26287612719551,0,0,70.26287612719551,21,0,182.70346748671477,5.213322867855208,-0.918529346052133,70.2628761271955
TRX_101220,ACC_042,2026-01-13 17:00:00,272.4511157222544,5.6111228699536095,0.6634156954271411,0,272.4511157222544,0,0,272.4511157222544,17,1,176.78554162568744,5.180578001582567,0.6601487123669469,272.45111572225454
TRX_101383,ACC_042,2026-01-15 09:45:00,265.8262756373924,5.586597793590221,0.6344085542293586,0,265.8262756373924,0,0,265.8262756373924,9,3,181.5688203305158,5.207127199640534,0.6313572818066489,265.8262756373924
TRX_101431,ACC_042,2026-01-15 21:45:00,237.5378216643693,5.474527879157662,0.501857373397086,0,237.5378216643693,0,0,237.5378216643693,21,3,185.58108010703373,5.228865890491479,0.49979181340711254,237.53782166436932
TRX_101442,ACC_042,2026-01-16 00:30:00,191.23810168405663,5.258734716660651,0.2466270678388331,0,191.23810168405663,0,0,191.23810168405663,0,4,187.94275017782172,5.241444060061356,0.2464595194985496,191.23810168405657
TRX_101503,ACC_042,2026-01-16 15:45:00,110.12346251111084,4.710641858067811,-0.401632154808615,0,110.12346251111084,0,0,110.12346251111084,15,4,188.0860263302667,5.242202077271733,-0.3969789450735099,110.12346251111084
TRX_101572,ACC_042,2026-01-17 09:00:00,293.9872096764458,5.68693199837088,0.7530792732076138,0,293.9872096764458,0,0,293.9872096764458,9,5,184.8375861711352,5.224873099630141,0.7491455099435239,293.9872096764459
TRX_101601,ACC_042,2026-01-17 16:15:00,44.29301312155224,3.8131527848661118,-1.4631412764965452,0,44.29301312155224,0,0,44.29301312155224,16,5,189.20357111134763,5.248094925494167,-1.4505941896028904,44.293013121552235
TRX_101605,ACC_042,2026-01-17 17:15:00,289.65577787654064,5.672139673105253,0.7355835858847345,0,289.65577787654064,0,0,289.65577787654064,17,5,183.63008811174012,5.218354299641683,0.7317799287155518,289.6557778765406
TRX_101686,ACC_042,2026-01-18 13:30:00,37.74318452246583,3.6569548570388717,-1.6478850579287516,0,37.74318452246583,0,0,37.74318452246583,13,6,187.5569655104364,5.239400165532941,-1.6339641300697807,37.74318452246583
TRX_101714,ACC_042,2026-01-18 20:30:00,249.17195092516948,5.522148485134363,0.5581808531295401,0,249.17195092516948,0,0,249.17195092516948,20,6,182.20647333229462,5.210613786399039,0.555696445462174,249.1719509251694
TRX_101764,ACC_042,2026-01-19 09:00:00,15.992596584349508,2.8327777541624473,-2.622684126477455,0,15.992596584349508,0,0,15.992596584349508,9,0,184.51562773204893,5.2231391250329064,-2.6015141378764004,15.992596584349508
TRX_101774,ACC_042,2026-01-19 11:30:00,99.7474648710652,4.612617037940137,-0.5175714390008356,0,99.7474648710652,0,0,99.7474648710652,11,0,178.89819336045895,5.192391098440575,-0.5120560506479827,99.74746487106523
TRX_101995,ACC_042,2026-01-21 18:45:00,424.0415466068037,6.052186920868431,1.1850861282765146,0,424.0415466068037,0,0,424.0415466068037,18,2,176.34494405434947,5.1780966725208994,1.1779397604517192,424.04154660680376
TRX_100003,ACC_043,2026-01-01 00:45:00,249.81114722702475,5.524700254449768,0.5611989694338226,0,249.81114722702475,0,0,249.81114722702475,0,3,249.81114722702475,5.524700254449768,0.5586921176452808,249.8111472270247
TRX_100162,ACC_043,2026-01-02 16:30:00,119.36632860265274,4.790539830993131,-0.3071324783255993,0,119.36632860265274,0,0,119.36632860265274,16,4,249.81114722702475,5.524700254449768,-0.3031820122809991,119.36632860265273
TRX_100399,ACC_043,2026-01-05 03:45:00,215.4716729535175,5.377459698020782,0.3870495581499599,0,215.4716729535175,0,0,215.4716729535175,3,0,184.58873791483876,5.223533139172881,0.38583776264668357,215.47167295351755
TRX_100435,ACC_043,2026-01-05 12:45:00,141.27295516245593,4.957747431955441,-0.1093669579010872,0,141.27295516245593,0,0,141.27295516245593,12,0,194.88304959439833,5.277517795399868,-0.10688716854925565,141.27295516245593
TRX_100535,ACC_043,2026-01-06 13:45:00,,,0.1102524442842665,0,,1,1,161.71852576995883,13,1,181.48052598641272,5.206643460405191,-0.18036115779324874,132.64151055064002
TRX_100543,ACC_043,2026-01-06 15:45:00,78.28606011150346,4.373062326448319,-0.800905820426488,0,78.28606011150346,0,0,78.28606011150346,15,1,181.48052598641272,5.206643460405191,-0.7932834254016516,78.28606011150346
TRX_100638,ACC_043,2026-01-07 15:30:00,312.6243221677288,5.7481958434016,0.8255393535267981,0,312.6243221677288,0,0,312.6243221677288,15,2,160.84163281143088,5.086618281855994,0.8210667432935661,312.6243221677287
TRX_100876,ACC_043,2026-01-10 03:00:00,150.385325862158,5.019828413334799,-0.035940405996185,0,150.385325862158,0,0,150.385325862158,3,5,186.13874770414722,5.231850308065984,-0.03400665074718946,150.38532586215806
TRX_100877,ACC_043,2026-01-10 03:15:00,120.66461062598586,4.801268165807093,-0.2944434934615093,0,120.66461062598586,0,0,120.66461062598586,3,5,181.03111601243447,5.2041776395648744,-0.2905873886293917,120.66461062598584
TRX_100925,ACC_043,2026-01-10 15:15:00,237.3106024282499,5.473574875050544,0.5007302036265359,0,237.3106024282499,0,0,237.3106024282499,15,5,173.48530283912837,5.161840513677804,0.49867302579694495,237.3106024282498
TRX_100952,ACC_043,2026-01-10 22:00:00,118.1826015496994,4.780656783824501,-0.3188216955348381,0,118.1826015496994,0,0,118.1826015496994,22,5,180.5770027934752,5.201679821548296,-0.31478430301655613,118.18260154969938
TRX_101057,ACC_043,2026-01-12 00:15:00,320.1071663694945,5.771774919032327,0.8534276082257625,0,320.1071663694945,0,0,320.1071663694945,0,0,174.33756266909762,5.166713045465546,0.8487476079171538,320.10716636949445
TRX_101187,ACC_043,2026-01-13 08:45:00,181.31013881590897,5.205709296242921,0.1839110202172608,0,181.31013881590897,0,0,181.31013881590897,8,1,187.58934482367914,5.2395718724405,0.18420985767214335,181.31013881590894
TRX_101201,ACC_043,2026-01-13 12:15:00,718.1283092265809,6.578039796913291,1.807040914417965,1,718.1283092265809,0,0,718.1283092265809,12,1,187.066077656365,5.236793377971973,1.7952694005820211,718.1283092265808
TRX_101211,ACC_043,2026-01-13 14:45:00,224.61640777230429,5.418836246466407,0.435987851562612,0,224.61640777230429,0,0,224.61640777230429,14,1,227.9170185463816,5.433359573458105,0.4344121280735504,224.61640777230423
TRX_101262,ACC_043,2026-01-14 03:30:00,161.71852576995883,5.0920218723400765,0.0494467229934995,0,161.71852576995883,0,0,161.71852576995883,3,2,227.6812606339475,5.432329159035585,0.05074549970731868,161.71852576995883
TRX_101272,ACC_043,2026-01-14 06:00:00,33.30156688825045,3.5351910350017,-1.791901750324733,0,33.30156688825045,0,0,33.30156688825045,6,2,223.28374497634826,5.412911968888262,-1.7769098471389115,33.30156688825044
TRX_101356,ACC_043,2026-01-15 03:00:00,135.0185215429352,4.912791064279033,-0.1625392981461012,0,135.0185215429352,0,0,135.0185215429352,3,3,211.40985884584214,5.358517704702262,-0.15966409446051494,135.01852154293516
TRX_101418,ACC_043,2026-01-15 18:30:00,54.17296569033269,4.010473081328647,-1.229759833932648,0,54.17296569033269,0,0,54.17296569033269,18,3,206.91625076920056,5.337135358087163,-1.21894828034817,54.17296569033267
TRX_101462,ACC_043,2026-01-16 05:30:00,138.74137298757458,4.939793378377129,-0.1306021931966694,0,138.74137298757458,0,0,138.74137298757458,5,4,198.43051270926347,5.295465868435132,-0.12796448872622848,138.74137298757458
TRX_101487,ACC_043,2026-01-16 11:45:00,71.99548073049954,4.2903975314306475,-0.8986779678251011,0,71.99548073049954,0,0,71.99548073049954,11,4,195.28897903970088,5.279587956250892,-0.8903284934890056,71.99548073049951
TRX_101490,ACC_043,2026-01-16 12:30:00,73.59074027129812,4.312016374455941,-0.8731081868027857,0,73.59074027129812,0,0,73.59074027129812,12,4,189.12430412424084,5.247678090476721,-0.8649488612899431,73.59074027129813
TRX_101501,ACC_043,2026-01-16 15:15:00,189.0441555200727,5.247256442634443,0.2330510890956184,0,189.0441555200727,0,0,189.0441555200727,15,4,183.62270584552925,5.218314314751479,0.2329844980681987,189.04415552007268
TRX_101584,ACC_043,2026-01-17 12:00:00,266.79261088940274,5.59021284097724,0.6386842673173908,0,266.79261088940274,0,0,266.79261088940274,12,5,183.86913537619031,5.2196481984247125,0.6356011986969919,266.7926108894026
TRX_101653,ACC_043,2026-01-18 05:15:00,118.45596098609944,4.782947776135711,-0.316112014371377,0,118.45596098609944,0,0,118.45596098609944,5,6,187.47450387676477,5.2389627397916865,-0.3120947723066391,118.4559609860994
TRX_101670,ACC_043,2026-01-18 09:30:00,,,0.1102524442842665,0,,1,1,161.71852576995883,9,6,184.5987312563204,5.223586984425289,-0.14433400016865186,136.8063617268735
TRX_101761,ACC_043,2026-01-19 08:15:00,203.3015160949616,5.319596922720963,0.3186121079113515,0,203.3015160949616,0,0,203.3015160949616,8,0,184.5987312563204,5.223586984425289,0.31790924522286707,203.30151609496156
TRX_101770,ACC_043,2026-01-19 10:30:00,397.9234855188456,5.9887696328835585,1.1100790538967646,0,397.9234855188456,0,0,397.9234855188456,10,0,185.34684264986606,5.227609682663223,1.103490473677444,397.9234855188457
TRX_101777,ACC_043,2026-01-19 12:15:00,308.1412867129792,5.733798410949382,0.8085107274039256,0,308.1412867129792,0,0,308.1412867129792,12,0,193.522867375596,5.270549726202162,0.8041647499805739,308.14128671297914
TRX_100019,ACC_044,2026-01-01 04:45:00,216.327240912576,5.381404240254776,0.3917149827075324,0,216.327240912576,0,0,216.327240912576,4,3,216.327240912576,5.381404240254776,0.39046849293022917,216.32724091257606
TRX_100027,ACC_044,2026-01-01 06:45:00,360.0164631965528,5.888923561715615,0.991985677081184,0,360.0164631965528,0,0,360.0164631965528,6,3,216.327240912576,5.381404240254776,0.9862752943175179,360.01646319655276
TRX_100036,ACC_044,2026-01-01 09:00:00,455.5801758376197,6.123764316240363,1.269744605312807,0,455.5801758376197,0,0,455.5801758376197,9,3,288.1718520545644,5.667021155169293,1.2619686775487697,455.58017583761983
TRX_100055,ACC_044,2026-01-01 13:45:00,192.5518355424452,5.265545360535626,0.2546823866318103,0,192.5518355424452,0,0,192.5518355424452,13,3,343.97462664891617,5.843470868381553,0.2544549351821465,192.5518355424452
TRX_100072,ACC_044,2026-01-01 18:00:00,283.7717851946509,5.651688105791172,0.7113944053086805,0,283.7717851946509,0,0,283.7717851946509,18,3,306.11892887229845,5.7272350630343976,0.7077706301736058,283.7717851946509
TRX_100103,ACC_044,2026-01-02 01:45:00,243.61703510726176,5.49969386558376,0.5316225537711246,0,243.61703510726176,0,0,243.61703510726176,1,4,301.64950013676895,5.712575370714885,0.5293356460106287,243.61703510726167
TRX_100128,ACC_044,2026-01-02 08:00:00,88.21990964516363,4.491104216980077,-0.661291258776456,0,88.21990964516363,0,0,88.21990964516363,8,4,291.9774226318511,5.680095550184122,-0.6547071027800867,88.2199096451636
TRX_100176,ACC_044,2026-01-02 20:00:00,105.8602829002444,4.671522213917515,-0.4479010848074906,0,105.8602829002444,0,0,105.8602829002444,20,4,262.8692064908957,5.575453550421616,-0.4429037977185443,105.86028290024439
TRX_100177,ACC_044,2026-01-02 20:15:00,183.0871851346301,5.215409477639357,0.1953839521356535,0,183.0871851346301,0,0,183.0871851346301,20,4,243.2430910420643,5.498164004103435,0.19559747151520185,183.08718513463015
TRX_100198,ACC_044,2026-01-03 01:30:00,261.2625431229369,5.5693460750094275,0.6140040087199892,0,261.2625431229369,0,0,261.2625431229369,1,5,236.55910149679383,5.47041644092462,0.6111044740190156,261.2625431229369
TRX_100226,ACC_044,2026-01-03 08:30:00,135.64616612863364,4.917394855841701,-0.1570941435653457,0,135.64616612863364,0,0,135.64616612863364,8,5,239.02944565940817,5.480761606063693,-0.1542594325900825,135.6461661286337
TRX_100356,ACC_044,2026-01-04 17:00:00,390.4065301128983,5.969746738810787,1.0875796428375155,0,390.4065301128983,0,0,390.4065301128983,17,6,229.630965702065,5.440818882003062,1.0811583787376822,390.4065301128984
TRX_100439,ACC_044,2026-01-05 13:45:00,293.9838325313347,5.686920549859446,0.7530657324307065,0,293.9838325313347,0,0,293.9838325313347,13,0,243.02892940296775,5.4972867813920665,0.7491320698621522,293.9838325313347
TRX_100440,ACC_044,2026-01-05 14:00:00,194.70785578275337,5.2766230155624,0.2677845315034844,0,194.70785578275337,0,0,194.70785578275337,14,0,246.94853733591907,5.513221213889388,0.2674596463907296,194.70785578275337
TRX_100544,ACC_044,2026-01-06 16:00:00,655.2646371395264,6.48656411786971,1.6988476554505252,1,655.2646371395264,0,0,655.2646371395264,16,1,243.21706008212155,5.49805742034258,1.687880717174247,655.2646371395265
TRX_100645,ACC_044,2026-01-07 17:15:00,89.98245887861563,4.5106667283606825,-0.6381536129892407,0,89.98245887861563,0,0,89.98245887861563,17,2,270.68689855261516,5.604650294999573,-0.631741519323614,89.9824588786156
TRX_100676,ACC_044,2026-01-08 01:00:00,472.93711750225526,6.161074649397144,1.3138735648307776,0,472.93711750225526,0,0,472.93711750225526,1,3,259.3928710729902,5.562191533127827,1.305769473531965,472.9371175022551
TRX_100702,ACC_044,2026-01-08 07:30:00,101.69417479283284,4.631755394710773,-0.4949354639313301,0,101.69417479283284,0,0,101.69417479283284,7,3,271.9542973335352,5.609304372135833,-0.4895884072516696,101.69417479283283
TRX_100830,ACC_044,2026-01-09 15:30:00,63.47032762271056,4.166205081095107,-1.0455671309495682,0,63.47032762271056,0,0,63.47032762271056,15,4,262.4954016368295,5.574035916735519,-1.0361253202539105,63.470327622710585
TRX_100968,ACC_044,2026-01-11 02:00:00,55.17755493291138,4.0285172987088975,-1.2084179570064748,0,55.17755493291138,0,0,55.17755493291138,2,6,252.02039774134957,5.533470108961217,-1.1977651115775334,55.17755493291137
TRX_100989,ACC_044,2026-01-11 07:15:00,577.3379761749626,6.360158431648861,1.549340777914983,1,577.3379761749626,0,0,577.3379761749626,7,6,242.17825560092768,5.493794736559082,1.5394856425441261,577.3379761749626
TRX_101037,ACC_044,2026-01-11 19:15:00,195.9837873500164,5.283121427635693,0.2754705567691499,0,195.9837873500164,0,0,195.9837873500164,19,6,258.13824229492934,5.557361673337997,0.2750885147860065,195.98378735001634
TRX_101066,ACC_044,2026-01-12 02:30:00,97.99299998967255,4.595049140459695,-0.5383499464848783,0,97.99299998967255,0,0,97.99299998967255,2,0,255.31303979743328,5.546399509162968,-0.5326800394545446,97.99299998967254
TRX_101086,ACC_044,2026-01-12 07:30:00,329.6603061097241,5.801091582876488,0.8881020204467583,0,329.6603061097241,0,0,329.6603061097241,7,0,248.4730380666611,5.519350845491176,0.8831641650288292,329.6603061097242
TRX_101213,ACC_044,2026-01-13 15:15:00,51.183622719237256,3.954768704650805,-1.2956444287729252,0,51.183622719237256,0,0,51.183622719237256,15,1,251.85584090178872,5.532819527523329,-1.2843429265976307,51.18362271923725
TRX_101263,ACC_044,2026-01-14 03:45:00,383.25114693246576,5.951296367274279,1.0657573853088893,0,383.25114693246576,0,0,383.25114693246576,3,2,243.82895217448666,5.50055981233161,1.0594984016989113,383.2511469324658
TRX_101395,ACC_044,2026-01-15 12:45:00,7097.296628879116,8.86761012282058,4.515040218550318,1,732.128172029599,1,0,7097.296628879116,12,3,249.19134428056276,5.522226002232795,4.4831307582610584,7097.296628879109
TRX_101398,ACC_044,2026-01-15 13:30:00,181.67757067377792,5.207722689967909,0.1862923704402781,0,181.67757067377792,0,0,181.67757067377792,13,3,502.8248733397684,6.222228734156247,0.18657349906369805,181.67757067377795
TRX_101510,ACC_044,2026-01-16 17:30:00,182.04016543640256,5.209705612017524,0.1886376801561432,0,182.04016543640256,0,0,182.04016543640256,17,4,491.35532681598306,6.199200664800478,0.18890136796212925,182.0401654364025
TRX_101511,ACC_044,2026-01-16 17:45:00,60.09287550853392,4.112395255590484,-1.1092109371140544,0,60.09287550853392,0,0,60.09287550853392,17,4,480.68928676841136,6.177299272924687,-1.0992958413777876,60.092875508533936
TRX_101518,ACC_044,2026-01-16 19:30:00,69.18945542542359,4.251198092134423,-0.9450412758813798,0,69.18945542542359,0,0,69.18945542542359,19,4,466.66940639308206,6.147761649706034,-0.9363470223521687,69.18945542542359
TRX_101579,ACC_044,2026-01-17 10:45:00,354.63089893942174,5.873893392270396,0.974208678515956,0,354.63089893942174,0,0,354.63089893942174,10,5,453.8474724908995,6.119962137455665,0.968630493808863,354.63089893942185
TRX_101588,ACC_044,2026-01-17 13:00:00,161.35254000322757,5.089770143657314,0.0467834810580944,0,161.35254000322757,0,0,161.35254000322757,13,5,450.74695456741586,6.11312218803825,0.04810206288168805,161.3525400032276
TRX_101602,ACC_044,2026-01-17 16:30:00,55.9726275650116,4.042570934335192,-1.1917959580812163,0,55.9726275650116,0,0,55.9726275650116,16,5,441.9774268533495,6.0935188135625635,-1.18126672159257,55.9726275650116
TRX_101619,ACC_044,2026-01-17 20:45:00,225.466354289358,5.422596387705162,0.4404351750375753,0,225.466354289358,0,0,225.466354289358,20,5,430.6243445213396,6.0675556370790344,0.4388263791759091,225.466354289358
TRX_101621,ACC_044,2026-01-17 21:15:00,311.5829737465674,5.74486994992234,0.8216056384862327,0,311.5829737465674,0,0,311.5829737465674,21,5,424.76268765756873,6.053882119821181,0.8171622811936232,311.5829737465675
TRX_101877,ACC_044,2026-01-20 13:15:00,206.5008159864165,5.335135272127679,0.3369901585458418,0,206.5008159864165,0,0,206.5008159864165,13,1,421.61880671559646,6.046470606594964,0.33615062809712976,206.5008159864165
TRX_101900,ACC_044,2026-01-20 19:00:00,96.8913430988576,4.583858119670149,-0.5515861752076684,0,96.8913430988576,0,0,96.8913430988576,19,1,415.80480696615916,6.0326180234008655,-0.5458178374041596,96.8913430988576
TRX_101916,ACC_044,2026-01-20 23:00:00,378.3860407991119,5.938554263990914,1.050686606991189,0,378.3860407991119,0,0,378.3860407991119,23,1,407.4123473907038,6.012277319405238,1.044539696721226,378.3860407991118
TRX_101927,ACC_044,2026-01-21 01:45:00,140.5565368845996,4.952699191237635,-0.1153377866614985,0,140.5565368845996,0,0,140.5565368845996,1,2,406.66808311912456,6.0104533215489,-0.11281359544084975,140.55653688459967
TRX_101996,ACC_044,2026-01-21 19:00:00,304.73182005498086,5.722708312635861,0.7953938651804978,0,304.73182005498086,0,0,304.73182005498086,19,2,400.01529446326145,5.993999567385366,0.7911454308653322,304.7318200549808
TRX_100086,ACC_045,2026-01-01 21:30:00,346.7755792042746,5.851557384401151,0.9477906676417788,0,346.7755792042746,0,0,346.7755792042746,21,3,346.7755792042746,5.851557384401151,0.9424089395909246,346.77557920427455
TRX_100092,ACC_045,2026-01-01 23:00:00,174.32052681630137,5.166615880430314,0.1376731118993562,0,174.32052681630137,0,0,174.32052681630137,23,3,346.7755792042746,5.851557384401151,0.1383157960163847,174.32052681630142
TRX_100096,ACC_045,2026-01-02 00:00:00,13.78059046940883,2.693314865290986,-2.7876344674837084,0,13.78059046940883,0,0,13.78059046940883,0,4,260.54805301028796,5.566618025744899,-2.7652378311765142,13.780590469408828
TRX_100160,ACC_045,2026-01-02 16:00:00,730.6611410757602,6.59531748475218,1.827476175180784,1,730.6611410757602,0,0,730.6611410757602,16,4,178.2922321633283,5.18901705654561,1.8155526952101466,730.6611410757599
TRX_100172,ACC_045,2026-01-02 19:00:00,581.7277719362457,6.367720133792843,1.5582844141563574,1,581.7277719362457,0,0,581.7277719362457,19,4,316.3844593914363,5.760113844673823,1.54836276973306,581.7277719362456
TRX_100338,ACC_045,2026-01-04 12:30:00,151.26482809765756,5.025621294935671,-0.0290888499786314,0,151.26482809765756,0,0,151.26482809765756,12,6,369.4531219003981,5.914726910146357,-0.02720604609730901,151.2648280976576
TRX_100412,ACC_045,2026-01-05 07:00:00,39.723429013668245,3.7068035782662965,-1.588926265150783,0,39.723429013668245,0,0,39.723429013668245,7,0,333.08840626660805,5.811405647373618,-1.5754437823867213,39.723429013668245
TRX_100445,ACC_045,2026-01-05 15:15:00,208.1625366432036,5.343111637010797,0.346424238953235,0,208.1625366432036,0,0,208.1625366432036,15,0,291.1791238019024,5.677367051870049,0.34551455228040934,208.16253664320362
TRX_100474,ACC_045,2026-01-05 22:30:00,211.02354180895009,5.356697314775465,0.3624927586735475,0,211.02354180895009,0,0,211.02354180895009,22,0,280.802050407065,5.641204875545508,0.36146357899006437,211.02354180895017
TRX_100518,ACC_045,2026-01-06 09:30:00,,,0.1102524442842665,0,,1,1,192.4192288457727,9,1,273.04888278505223,5.613306494800919,0.5255064812205419,242.82045438760028
TRX_100566,ACC_045,2026-01-06 21:30:00,440.3529986157527,6.089845005633153,1.2296263925278053,0,440.3529986157527,0,0,440.3529986157527,21,1,273.04888278505223,5.613306494800919,1.2221488025143112,440.35299861575277
TRX_100629,ACC_045,2026-01-07 13:15:00,186.7817481294428,5.235280374241977,0.2188863418912769,0,186.7817481294428,0,0,186.7817481294428,13,2,289.7792943681223,5.672564540813913,0.2189250865337337,186.78174812944275
TRX_100664,ACC_045,2026-01-07 22:00:00,226.54719399311048,5.4273576630005955,0.4460665941911704,0,226.54719399311048,0,0,226.54719399311048,22,2,280.4158810736969,5.639833579028483,0.4444159204689013,226.5471939931104
TRX_100670,ACC_045,2026-01-07 23:30:00,40.465144932609256,3.724853193196932,-1.5675780042483145,0,40.465144932609256,0,0,40.465144932609256,23,2,275.92682381698137,5.62375329734134,-1.554254277114016,40.46514493260926
TRX_100684,ACC_045,2026-01-08 03:00:00,60.469876773235306,4.118547246251793,-1.1019346432866304,0,60.469876773235306,0,0,60.469876773235306,3,3,257.8143869797219,5.556111152193371,-1.0920736574665852,60.46987677323531
TRX_100703,ACC_045,2026-01-08 07:45:00,101.16046539042354,4.626544767219228,-0.5010983563577093,0,101.16046539042354,0,0,101.16046539042354,7,3,243.7183505364015,5.500107959612355,-0.4957054695341892,101.1604653904235
TRX_100705,ACC_045,2026-01-08 08:15:00,440.7173363850518,6.090670167062614,1.230602355812921,0,440.7173363850518,0,0,440.7173363850518,8,3,234.2144915266696,5.460497827760229,1.2231175080810275,440.71733638505174
TRX_100769,ACC_045,2026-01-09 00:15:00,514.336234964802,6.2448195710548715,1.4129232367310618,0,514.336234964802,0,0,514.336234964802,0,4,247.12091933031851,5.513916205282312,1.404082565852667,514.336234964802
TRX_100812,ACC_045,2026-01-09 11:00:00,162.7511447422167,5.098347865283089,0.0569288187796754,0,162.7511447422167,0,0,162.7511447422167,11,4,262.8394673088175,5.575340839815988,0.05817195513787462,162.75114474221675
TRX_100917,ACC_045,2026-01-10 13:15:00,310.9699466070299,5.742906858192465,0.8192837831676618,0,310.9699466070299,0,0,310.9699466070299,13,5,257.2790049440064,5.554040415125812,0.8148576922746434,310.9699466070298
TRX_100944,ACC_045,2026-01-10 20:00:00,47.69087995535735,3.885491742640818,-1.3775820582017595,0,47.69087995535735,0,0,47.69087995535735,20,5,260.10484397890235,5.5649220277310105,-1.3656712295796558,47.690879955357346
TRX_100954,ACC_045,2026-01-10 22:30:00,194.7933481546978,5.277059756867119,0.2683010891893879,0,194.7933481546978,0,0,194.7933481546978,22,5,249.4841457777251,5.523395628213521,0.26797236271264047,194.79334815469775
TRX_100978,ACC_045,2026-01-11 04:30:00,91.16594365505838,4.523590687652932,-0.6228677436826585,0,91.16594365505838,0,0,91.16594365505838,4,6,246.87982208139047,5.512944040332597,-0.6165693228740073,91.16594365505836
TRX_100997,ACC_045,2026-01-11 09:15:00,332.5103905601373,5.809674020972698,0.8982529365943492,0,332.5103905601373,0,0,332.5103905601373,9,6,239.80191851655718,5.483974680664377,0.8932395942272457,332.51039056013724
TRX_101036,ACC_045,2026-01-11 19:00:00,194.13152658889447,5.273673826521671,0.2642963652830893,0,194.13152658889447,0,0,194.13152658889447,19,6,243.83272164888675,5.500575208571919,0.2639974198020248,194.13152658889442
TRX_101114,ACC_045,2026-01-12 14:30:00,407.7748909201075,6.013164615574813,1.1389323262355648,0,407.7748909201075,0,0,407.7748909201075,14,0,241.7618385213871,5.492080874350523,1.1321291796193935,407.7748909201075
TRX_101170,ACC_045,2026-01-13 04:30:00,300.61833989071334,5.709162442941241,0.7793724286289202,0,300.61833989071334,0,0,300.61833989071334,4,1,248.40236061733592,5.5190674983869314,0.7752431371919999,300.6183398907134
TRX_101180,ACC_045,2026-01-13 07:00:00,98.4394333953324,4.599548749230997,-0.5330280145556965,0,98.4394333953324,0,0,98.4394333953324,7,1,250.4106675124658,5.527087727684182,-0.5273976838945497,98.43943339533237
TRX_101300,ACC_045,2026-01-14 13:00:00,119.39455019119784,4.790774267657557,-0.3068551973366968,0,119.39455019119784,0,0,119.39455019119784,13,2,244.78210328590532,5.504445384415674,-0.30290679328291714,119.39455019119785
TRX_101413,ACC_045,2026-01-15 17:15:00,135.95096074161455,4.9196229109573135,-0.1544589016448969,0,135.95096074161455,0,0,135.95096074161455,17,3,240.30397638966573,5.486057451524076,-0.1516437875582314,135.95096074161452
TRX_101423,ACC_045,2026-01-15 19:45:00,63.95238051576273,4.1736543939578565,-1.036756423621504,0,63.95238051576273,0,0,63.95238051576273,19,3,236.70559653973297,5.471032918639812,-1.027380133456859,63.95238051576274
TRX_101452,ACC_045,2026-01-16 03:00:00,321.3264160737669,5.7755647465976265,0.8579100433331205,0,321.3264160737669,0,0,321.3264160737669,3,4,230.9471560056006,5.446509569883525,0.8531967095454246,321.3264160737669
TRX_101455,ACC_045,2026-01-16 03:45:00,190.7069311026509,5.25596780538469,0.2433544914409315,0,190.7069311026509,0,0,190.7069311026509,3,4,233.86261600779952,5.459000730458737,0.24321127950581797,190.7069311026509
TRX_101489,ACC_045,2026-01-16 12:15:00,274.838505894816,5.619815570896042,0.6736970254377451,0,274.838505894816,0,0,274.838505894816,12,4,232.51400085451363,5.453242036144408,0.6703535856100366,274.838505894816
TRX_101544,ACC_045,2026-01-17 02:00:00,277.851334443269,5.630678788347759,0.6865455433308272,0,277.851334443269,0,0,277.851334443269,2,5,233.79656161331067,5.458719443951108,0.6831065559285899,277.85133444326897
TRX_101580,ACC_045,2026-01-17 11:00:00,226.67952165293636,5.4279390333771795,0.4467542125435828,0,226.67952165293636,0,0,226.67952165293636,11,5,235.0922902259565,5.464222788860945,0.4450984253703833,226.6795216529364
TRX_101600,ACC_045,2026-01-17 16:00:00,227.56411566977235,5.431816764715996,0.4513406162230442,0,227.56411566977235,0,0,227.56411566977235,16,5,234.8519254095845,5.463204173400931,0.4496507224119407,227.56411566977226
TRX_101633,ACC_045,2026-01-18 00:15:00,101.4085648786048,4.628970350500286,-0.4982294871367479,0,101.4085648786048,0,0,101.4085648786048,0,6,234.6494862501453,5.462345473227941,-0.492857934563449,101.40856487860482
TRX_101667,ACC_045,2026-01-18 08:45:00,177.6387488741008,5.1853656038917295,0.1598494292247774,0,177.6387488741008,0,0,177.6387488741008,8,6,231.04838026713068,5.446945885559961,0.16032719989808764,177.63874887410074
TRX_101740,ACC_045,2026-01-19 03:00:00,270.5634735480457,5.6041959004403346,0.6552227919773392,0,270.5634735480457,0,0,270.5634735480457,3,0,229.6428636515246,5.440870469362696,0.6520167351702323,270.56347354804564
TRX_101749,ACC_045,2026-01-19 05:15:00,156.30902752633443,5.058212198921812,0.0094581840726335,0,156.30902752633443,0,0,156.30902752633443,5,0,230.69211005912774,5.445409378459431,0.011054334221632612,156.3090275263345
TRX_101762,ACC_045,2026-01-19 08:30:00,96.3772938142131,4.578593060413725,-0.5578134470417232,0,96.3772938142131,0,0,96.3772938142131,8,0,228.83253299580787,5.437350926307442,-0.5519988003390381,96.3772938142131
TRX_101771,ACC_045,2026-01-19 10:45:00,288.8027331048896,5.66920046084587,0.7321072197460563,0,288.8027331048896,0,0,288.8027331048896,10,0,225.6019174060129,5.423194810190997,0.72832941445765,288.8027331048895
TRX_101801,ACC_045,2026-01-19 18:15:00,139.34489540042514,4.9441029316471825,-0.1255050502417778,0,139.34489540042514,0,0,139.34489540042514,18,0,227.10669873217662,5.429813496382915,-0.1229052505048181,139.34489540042517
TRX_101951,ACC_045,2026-01-21 07:45:00,83.05446641765114,4.431464998450491,-0.7318298050048255,0,83.05446641765114,0,0,83.05446641765114,7,2,225.06572656167077,5.420825782484868,-0.7247210914634546,83.05446641765113
TRX_100311,ACC_046,2026-01-04 05:45:00,185.6562676768818,5.22926878463544,0.2117761080246756,0,185.6562676768818,0,0,185.6562676768818,5,6,185.6562676768818,5.22926878463544,0.21186772768399734,185.65626767688173
TRX_100334,ACC_046,2026-01-04 11:30:00,46.741453319532376,3.8658000628338423,-1.40087247850949,0,46.741453319532376,0,0,46.741453319532376,11,6,185.6562676768818,5.22926878463544,-1.38878845145402,46.74145331953238
TRX_100360,ACC_046,2026-01-04 18:00:00,587.0588793382387,6.376827077814437,1.5690556919783116,1,587.0588793382387,0,0,587.0588793382387,18,6,116.1988604982071,4.763872154384103,1.5590539473069525,587.0588793382389
TRX_100368,ACC_046,2026-01-04 20:00:00,78.52126722453832,4.376024498143606,-0.7974022989147048,0,78.52126722453832,0,0,78.52126722453832,20,6,273.15220011155094,5.613683427028692,-0.7898059577106706,78.5212672245383
TRX_100383,ACC_046,2026-01-04 23:45:00,480.9713740177685,6.1778847222823146,1.3337557519644776,0,480.9713740177685,0,0,480.9713740177685,23,6,224.4944668897978,5.418295621567626,1.3255038074445573,480.97137401776854
TRX_100416,ACC_046,2026-01-05 08:00:00,282.60704268574256,5.647589627515158,0.7065469122249944,0,282.60704268574256,0,0,282.60704268574256,8,0,275.7898483153919,5.623258547909808,0.7029591853104651,282.6070426857425
TRX_100494,ACC_046,2026-01-06 03:30:00,180.8873000423654,5.203387264737929,0.1811646273117711,0,180.8873000423654,0,0,180.8873000423654,3,1,276.9260473771171,5.627355061672862,0.18148388822584222,180.88730004236538
TRX_100549,ACC_046,2026-01-06 17:15:00,41.339260347086814,3.7457147961891497,-1.5429038521828504,0,41.339260347086814,0,0,41.339260347086814,17,1,263.20622632929536,5.5767299585376175,-1.5297636135569563,41.33926034708682
TRX_100649,ACC_046,2026-01-07 18:15:00,48.07064723381495,3.893261040025319,-1.3683928877828568,0,48.07064723381495,0,0,48.07064723381495,18,2,235.4728555815193,5.46583342579094,-1.3565503941199102,48.07064723381495
TRX_100758,ACC_046,2026-01-08 21:30:00,145.8941147600381,4.989712019477619,-0.071560702383412,0,145.8941147600381,0,0,145.8941147600381,21,3,214.65038798732994,5.373658522245166,-0.06936205798906012,145.89411476003806
TRX_100810,ACC_046,2026-01-09 10:30:00,228.10860475399184,5.434196147697787,0.4541548418382379,0,228.10860475399184,0,0,228.10860475399184,10,4,207.77476066460076,5.341255970659044,0.4524440201322639,228.1086047539918
TRX_100912,ACC_046,2026-01-10 12:00:00,45.64667749130355,3.842601702705571,-1.4283104402849056,0,45.64667749130355,0,0,45.64667749130355,12,5,209.62329194545447,5.350071191615961,-1.4160223717423575,45.64667749130355
TRX_100951,ACC_046,2026-01-10 21:45:00,208.4401745747437,5.344438135692295,0.3479931610631093,0,208.4401745747437,0,0,208.4401745747437,21,5,195.95857407427525,5.282993422738304,0.3470718071533719,208.44017457474365
TRX_101200,ACC_046,2026-01-13 12:00:00,249.17415817607656,5.522157308030622,0.55819128844863,0,249.17415817607656,0,0,249.17415817607656,12,1,196.9186971896959,5.287856326112893,0.5557068031793617,249.17415817607645
TRX_101233,ACC_046,2026-01-13 20:15:00,82.4989591886601,4.424834166972658,-0.7396724498996387,0,82.4989591886601,0,0,82.4989591886601,20,1,200.65123011729452,5.306539621560104,-0.7325054147912337,82.49895918866011
TRX_101237,ACC_046,2026-01-13 21:15:00,206.97171434877492,5.337402081746203,0.3396712375238945,0,206.97171434877492,0,0,206.97171434877492,21,1,192.77441205538557,5.266694658001628,0.3388117693208356,206.97171434877498
TRX_101327,ACC_046,2026-01-14 19:45:00,280.453864948572,5.639968544089943,0.6975330425138565,0,280.453864948572,0,0,280.453864948572,19,2,193.66174344872238,5.271263403337168,0.6940123469406215,280.45386494857206
TRX_101355,ACC_046,2026-01-15 02:45:00,316.2223774442423,5.759603034070122,0.8390312581182072,0,316.2223774442423,0,0,316.2223774442423,2,3,198.76716236047824,5.297152500156934,0.8344583157867356,316.22237744424234
TRX_101403,ACC_046,2026-01-15 14:45:00,335.98847373396586,5.820048727197606,0.910523665700036,0,335.98847373396586,0,0,335.98847373396586,14,3,205.29245208735404,5.329294832337374,0.9054190724654402,335.98847373396575
TRX_101419,ACC_046,2026-01-15 18:45:00,345.32199518333005,5.847368964214756,0.942836795370712,0,345.32199518333005,0,0,345.32199518333005,18,3,212.17119006875464,5.362095552151079,0.93749190662568,345.32199518332993
TRX_101460,ACC_046,2026-01-16 05:00:00,352.1260699717992,5.86682513190475,0.9658486626933313,0,352.1260699717992,0,0,352.1260699717992,5,4,218.82873032448342,5.392848744639945,0.9603326469649109,352.12606997179915
TRX_101615,ACC_046,2026-01-17 19:45:00,297.129216111728,5.697527003636454,0.7656105619659461,0,297.129216111728,0,0,297.129216111728,19,5,225.17622268864133,5.421314441837909,0.7615836101912015,297.129216111728
TRX_101643,ACC_046,2026-01-18 02:45:00,66.28463579715114,4.208931916340201,-0.9950317799266024,0,66.28463579715114,0,0,66.28463579715114,2,6,228.44681329878165,5.435671252310236,-0.9859657736823516,66.28463579715114
TRX_101656,ACC_046,2026-01-18 06:00:00,313.2367038158414,5.750146535726672,0.8278465433951755,0,313.2367038158414,0,0,313.2367038158414,6,6,221.39628384218898,5.404460852894149,0.8233567758214833,313.23670381584134
TRX_101668,ACC_046,2026-01-18 09:00:00,37.36552826590536,3.6471593550097516,-1.6594707307418253,0,37.36552826590536,0,0,37.36552826590536,9,6,225.22296800775783,5.421521097023171,-1.6454636464136192,37.36552826590536
TRX_101792,ACC_046,2026-01-19 16:00:00,75.5710110731066,4.338218559597165,-0.8421174378721689,0,75.5710110731066,0,0,75.5710110731066,16,0,217.70867041808376,5.3877405721555975,-0.8341885740295196,75.57101107310658
TRX_101854,ACC_046,2026-01-20 07:30:00,146.33197581610713,4.992688379449315,-0.0680403996257298,0,146.33197581610713,0,0,146.33197581610713,7,1,212.24183736635385,5.3624269083419085,-0.06586793384535528,146.3319758161071
TRX_101904,ACC_046,2026-01-20 20:00:00,164.8503277191729,5.111085741388534,0.0719945973842261,0,164.8503277191729,0,0,164.8503277191729,20,1,209.8007313830114,5.350913286220066,0.07312569758261059,164.85032771917287
TRX_101911,ACC_046,2026-01-20 21:45:00,299.2789856127907,5.704711994561326,0.7741086413673909,0,299.2789856127907,0,0,299.2789856127907,21,1,208.19535982358857,5.343268551369195,0.7700184939087769,299.2789856127906
TRX_101920,ACC_046,2026-01-21 00:00:00,52.45259549898565,3.978795195674418,-1.2672269915636516,0,52.45259549898565,0,0,52.45259549898565,0,2,211.33617450597487,5.35817074753341,-1.256136814711812,52.45259549898566
TRX_101945,ACC_046,2026-01-21 06:15:00,96.02067648799746,4.574924115458165,-0.5621529077143802,0,96.02067648799746,0,0,96.02067648799746,6,2,206.04005520574188,5.33291227795538,-0.5563059907572202,96.02067648799743
TRX_101963,ACC_046,2026-01-21 10:45:00,176.01592097894058,5.17623967756222,0.1490556999952195,0,176.01592097894058,0,0,176.01592097894058,10,2,202.49104298904047,5.3156219891181005,0.14961373787573495,176.01592097894064
TRX_101991,ACC_046,2026-01-21 17:45:00,103.71044644561766,4.651198887929071,-0.4719385873954724,0,103.71044644561766,0,0,103.71044644561766,17,2,201.66369542622482,5.311547932464723,-0.4667625462207147,103.71044644561762
TRX_100035,ACC_047,2026-01-01 08:45:00,88.56629344715935,4.494979059998164,-0.6567082712709538,0,88.56629344715935,0,0,88.56629344715935,8,3,88.56629344715935,4.494979059998164,-0.6501581965082247,88.56629344715934
TRX_100053,ACC_047,2026-01-01 13:15:00,52.52559393006011,3.980159930725441,-1.265612845220699,0,52.52559393006011,0,0,52.52559393006011,13,3,88.56629344715935,4.494979059998164,-1.254534671914271,52.5255939300601
TRX_100057,ACC_047,2026-01-01 14:15:00,572.7800138262799,6.352246071686337,1.5399823996070057,1,572.7800138262799,0,0,572.7800138262799,14,3,70.54594368860973,4.270339812412316,1.5301968575041265,572.7800138262796
TRX_100088,ACC_047,2026-01-01 22:00:00,515.0450426807796,6.246194053688851,1.4145489120703345,0,515.0450426807796,0,0,515.0450426807796,22,3,237.95730040116644,5.476284876560672,1.4056961519115314,515.0450426807795
TRX_100136,ACC_047,2026-01-02 10:00:00,375.4451796048286,5.930772431339207,1.0414826104302422,0,375.4451796048286,0,0,375.4451796048286,10,4,307.2292359710697,5.730843778773393,1.0354041453735467,375.44517960482847
TRX_100347,ACC_047,2026-01-04 14:45:00,80.25518064556904,4.397594580968769,-0.7718901892320845,0,80.25518064556904,0,0,80.25518064556904,14,6,320.8724246978215,5.774155270447186,-0.7644835679803103,80.25518064556901
TRX_100387,ACC_047,2026-01-05 00:45:00,259.97332939241005,5.564418215865348,0.6081755617917464,0,259.97332939241005,0,0,259.97332939241005,0,0,280.76955068911275,5.64108954071343,0.6053193701418466,259.9733293924101
TRX_100448,ACC_047,2026-01-05 16:00:00,129.02723514151344,4.8677439296018585,-0.2158189934577554,0,129.02723514151344,0,0,129.02723514151344,16,0,277.79866193244095,5.630489879493363,-0.2125475770960441,129.0272351415134
TRX_100468,ACC_047,2026-01-05 21:00:00,63.50526744264594,4.166746886244715,-1.0449263085421887,0,63.50526744264594,0,0,63.50526744264594,21,0,259.202233583575,5.561459150144463,-1.0354892633009778,63.505267442645916
TRX_100491,ACC_047,2026-01-06 02:45:00,15.562312132638167,2.8071297607470553,-2.6530194027235563,0,15.562312132638167,0,0,15.562312132638167,2,1,237.4581262345829,5.474193723570475,-2.6316238268530516,15.562312132638167
TRX_100618,ACC_047,2026-01-07 10:30:00,135.19647580949524,4.914098518266807,-0.1609929012309182,0,135.19647580949524,0,0,135.19647580949524,10,2,215.26854482438844,5.376520898548475,-0.158129197274385,135.19647580949524
TRX_100641,ACC_047,2026-01-07 16:15:00,75.47607307198739,4.33697792160884,-0.8435848078721421,0,75.47607307198739,0,0,75.47607307198739,16,2,207.9892658230345,5.342282890947457,-0.8356450319814575,75.4760730719874
TRX_100706,ACC_047,2026-01-08 08:30:00,111.95532132885214,4.726992354056165,-0.3822935342571215,0,111.95532132885214,0,0,111.95532132885214,8,3,196.9464997604472,5.287996790953001,-0.3777841355283755,111.9553213288521
TRX_100717,ACC_047,2026-01-08 11:15:00,434.328686195138,6.076101346214975,1.2133710193167164,0,434.328686195138,0,0,434.328686195138,11,3,190.4087168041707,5.2544110203233725,1.2060143118436293,434.32868619513783
TRX_100763,ACC_047,2026-01-08 22:45:00,179.40530963828525,5.195206039780123,0.171488247756184,0,179.40530963828525,0,0,179.40530963828525,22,3,207.83157176066834,5.341528050328374,0.1718794667438983,179.40530963828525
TRX_100775,ACC_047,2026-01-09 01:45:00,31.608971970845975,3.484587464337914,-1.8517533445708465,0,31.608971970845975,0,0,31.608971970845975,1,4,205.93648761917615,5.332411923089765,-1.8363163570017922,31.608971970845978
TRX_100836,ACC_047,2026-01-09 17:00:00,210.5095392215976,5.354270100171825,0.3596219599986786,0,210.5095392215976,0,0,210.5095392215976,17,4,195.04101789115552,5.2783239122904435,0.3586141289137353,210.50953922159752
TRX_100880,ACC_047,2026-01-10 04:00:00,180.4484432363206,5.200971554048401,0.1783074349415678,0,180.4484432363206,0,0,180.4484432363206,4,5,195.95093091059329,5.2829546160398815,0.1786479432713492,180.44844323632063
TRX_100921,ACC_047,2026-01-10 14:15:00,263.42425896415847,5.577554854767752,0.6237129788362529,0,263.42425896415847,0,0,263.42425896415847,14,5,195.08968159535593,5.278572113742225,0.6207412437030193,263.42425896415835
TRX_100923,ACC_047,2026-01-10 14:45:00,161.95072860207992,5.0934478765965565,0.0511333357568385,0,161.95072860207992,0,0,161.95072860207992,14,5,198.6862382989771,5.296747326174313,0.05241957003112912,161.95072860207995
TRX_100935,ACC_047,2026-01-10 17:45:00,409.0261828267428,6.016221018212386,1.1425472998059514,0,409.0261828267428,0,0,409.0261828267428,17,5,196.84946281413224,5.287506452710902,1.1357172705594634,409.0261828267427
TRX_100949,ACC_047,2026-01-10 21:15:00,277.55000860257127,5.629597607350225,0.6852667717832426,0,277.55000860257127,0,0,277.55000860257127,21,5,206.95311614806607,5.337312651159916,0.6818372939229435,277.55000860257127
TRX_100953,ACC_047,2026-01-10 22:15:00,200.9251263461633,5.3078969670365375,0.3047739342185431,0,200.9251263461633,0,0,200.9251263461633,22,5,210.16206580508904,5.3526259230345214,0.30417397864691514,200.92512634616327
TRX_100980,ACC_047,2026-01-11 05:00:00,182.15523665758448,5.210334080995079,0.1893810045845866,0,182.15523665758448,0,0,182.15523665758448,5,6,209.7604597416575,5.350722226690279,0.18963916468326697,182.15523665758457
TRX_100982,ACC_047,2026-01-11 05:30:00,456.45307384408886,6.125674308622235,1.272003657145582,0,456.45307384408886,0,0,456.45307384408886,5,6,208.61024211315444,5.345249816296706,1.2642109300179798,456.4530738440887
TRX_100985,ACC_047,2026-01-11 06:15:00,62.5673978085895,4.152100725842586,-1.062249118734297,0,62.5673978085895,0,0,62.5673978085895,6,6,218.52395538239182,5.39146136269877,-1.0526832529931927,62.567397808589504
TRX_101048,ACC_047,2026-01-11 22:00:00,235.08149333094156,5.464177056143912,0.4896148922637207,0,235.08149333094156,0,0,235.08149333094156,22,6,212.52562624493788,5.36375685471604,0.48764037307613706,235.08149333094158
TRX_101132,ACC_047,2026-01-12 19:00:00,201.6933345529763,5.3116941696068585,0.3092650921453057,0,201.6933345529763,0,0,201.6933345529763,19,0,213.3610287296047,5.36766164368961,0.3086317382276351,201.69333455297624
TRX_101145,ACC_047,2026-01-12 22:15:00,45.29773996878805,3.8350931471316496,-1.4371912171883892,0,45.29773996878805,0,0,45.29773996878805,22,0,212.94432536615366,5.365715819333485,-1.4248371070447692,45.297739968788036
TRX_101168,ACC_047,2026-01-13 04:00:00,41.22315137386739,3.742968681365254,-1.5461518314862297,0,41.22315137386739,0,0,41.22315137386739,4,1,207.16340862831348,5.338323389670063,-1.532987439370638,41.223151373867395
TRX_101177,ACC_047,2026-01-13 06:15:00,391.262643687704,5.971931624841776,1.0901638263345572,0,391.262643687704,0,0,391.262643687704,6,1,201.63206671983195,5.311391855301273,1.083723345040388,391.2626436877041
TRX_101198,ACC_047,2026-01-13 11:30:00,30.67201200576884,3.4554333888694573,-1.886235454680269,0,30.67201200576884,0,0,30.67201200576884,11,1,207.74918210589232,5.341133445667683,-1.8705420420501304,30.67201200576884
TRX_101209,ACC_047,2026-01-13 14:15:00,126.08677072107665,4.8448700871847095,-0.2428731304928023,0,126.08677072107665,0,0,126.08677072107665,14,1,202.21552054026347,5.3142670933990095,-0.23940052694388567,126.08677072107662
TRX_101244,ACC_047,2026-01-13 23:00:00,21.884604691569823,3.1304644002649047,-2.270593945462595,0,21.884604691569823,0,0,21.884604691569823,23,1,199.90858872756084,5.302850022164227,-2.2520422637426374,21.88460469156982
TRX_101309,ACC_047,2026-01-14 15:15:00,98.42927775848432,4.599446615146676,-0.5331488140900628,0,98.42927775848432,0,0,98.42927775848432,15,2,194.67258919709053,5.2764427991708525,-0.5275175851072099,98.42927775848435
TRX_101342,ACC_047,2026-01-14 23:30:00,172.97764644560044,5.158926822258272,0.1285788447594856,0,172.97764644560044,0,0,172.97764644560044,23,2,191.92278029884463,5.262290006764168,0.12928915809060412,172.97764644560039
TRX_101347,ACC_047,2026-01-15 00:45:00,243.93433192260957,5.50099014164853,0.5331557299490477,0,243.93433192260957,0,0,243.93433192260957,0,3,191.39652658069895,5.259558484953776,0.5308574207750701,243.93433192260952
TRX_101379,ACC_047,2026-01-15 08:45:00,28.23239594406073,3.375277544428318,-1.98104012982504,0,28.23239594406073,0,0,28.23239594406073,8,3,192.81646726561547,5.266911666257697,-1.964641705392026,28.23239594406073
TRX_101477,ACC_047,2026-01-16 09:15:00,97.02974602951008,4.585270963527752,-0.549915127963587,0,97.02974602951008,0,0,97.02974602951008,9,4,188.4853074939956,5.244311488503426,-0.5441592168471423,97.02974602951012
TRX_101483,ACC_047,2026-01-16 10:45:00,292.01469371380034,5.680222756953496,0.7451438886142921,0,292.01469371380034,0,0,292.01469371380034,10,4,186.14029309747033,5.231858566040141,0.7412691365729094,292.0146937138002
TRX_101523,ACC_047,2026-01-16 20:45:00,3.802319146290369,1.5690989567089801,-4.117305744092431,1,14.45445091828967,1,0,3.802319146290369,20,4,188.78715311287857,5.245903197440732,-4.085021051710777,3.802319146290368
TRX_101546,ACC_047,2026-01-17 02:30:00,200.7496387566249,5.307027516598889,0.3037455879155322,0,200.7496387566249,0,0,200.7496387566249,2,5,184.2753278941813,5.221842977606097,0.3031532796068684,200.74963875662496
TRX_101622,ACC_047,2026-01-17 21:30:00,62.81311848609155,4.155958788118331,-1.057685978725101,0,62.81311848609155,0,0,62.81311848609155,21,5,184.66757339090614,5.223957834860748,-1.0481540466223929,62.81311848609153
TRX_101679,ACC_047,2026-01-18 11:45:00,313.87503257017306,5.7521758381111905,0.8302467096547433,0,313.87503257017306,0,0,313.87503257017306,11,6,181.83374885823605,5.208577263742328,0.8257390933247606,313.875032570173
TRX_101697,ACC_047,2026-01-18 16:15:00,123.04678901659194,4.820658825212648,-0.2715091063484584,0,123.04678901659194,0,0,123.04678901659194,16,6,184.83468712441643,5.224857499614067,-0.2678235523207363,123.0467890165919
TRX_101836,ACC_047,2026-01-20 03:00:00,53.99895770710235,4.007314234272945,-1.233495974086068,0,53.99895770710235,0,0,53.99895770710235,3,1,183.46162272202034,5.217441434917422,-1.2226566368200225,53.998957707102335
TRX_101847,ACC_047,2026-01-20 05:45:00,234.77335577733987,5.462870986711813,0.4880701329378107,0,234.77335577733987,0,0,234.77335577733987,5,1,180.64721696082646,5.20206643766257,0.4861071013014022,234.77335577733984
TRX_101869,ACC_047,2026-01-20 11:15:00,18.25818712816883,2.9579362756765244,-2.474652338446639,0,18.25818712816883,0,0,18.25818712816883,11,1,181.7988369356459,5.208386296503342,-2.4545831832971303,18.258187128168835
TRX_101881,ACC_047,2026-01-20 14:15:00,32.31837236581111,3.506108967540419,-1.826298692649128,0,32.31837236581111,0,0,32.31837236581111,14,1,178.3917400646568,5.189571906561702,-1.811050997749612,32.31837236581111
TRX_101946,ACC_047,2026-01-21 06:30:00,259.9338067524756,5.564266761182042,0.6079964281034909,0,259.9338067524756,0,0,259.9338067524756,6,2,175.41065092794565,5.172814521160051,0.6051415685752858,259.9338067524757
TRX_100078,ACC_048,2026-01-01 19:30:00,,,0.1102524442842665,0,,1,1,139.7627518070917,19,3,,,1.0289539976548423,373.38252748578947
TRX_100123,ACC_048,2026-01-02 06:45:00,137.01857634719192,4.927388287309464,-0.145274368844134,0,137.01857634719192,0,0,137.01857634719192,6,4,137.01857634719192,4.927388287309464,-0.14252755522913338,137.01857634719187
TRX_100241,ACC_048,2026-01-03 12:15:00,129.9222402460176,4.874603561051027,-0.207705734397415,0,129.9222402460176,0,0,129.9222402460176,12,5,137.01857634719192,4.927388287309464,-0.2044946520159487,129.92224024601765
TRX_100277,ACC_048,2026-01-03 21:15:00,177.6240391667978,5.185283257183348,0.1597520332957367,0,177.6240391667978,0,0,177.6240391667978,21,5,133.47040829660477,4.901344162170909,0.1602305282506229,177.6240391667978
TRX_100281,ACC_048,2026-01-03 22:15:00,376.92719115203016,5.934701561066824,1.0461298057785722,0,376.92719115203016,0,0,376.92719115203016,22,5,148.18828525333575,5.005209167618239,1.0400167820087562,376.9271911520303
TRX_100290,ACC_048,2026-01-04 00:30:00,460.6983567029056,6.134911770275302,1.2829293052662794,0,460.6983567029056,0,0,460.6983567029056,0,6,205.37301172800937,5.3296852679262114,1.2750553299210405,460.69835670290547
TRX_100305,ACC_048,2026-01-04 04:15:00,493.0937401506807,6.202725256576308,1.3631360024076489,0,493.0937401506807,0,0,493.0937401506807,4,6,256.4380807229886,5.550779227976182,1.3546655726357912,493.09374015068056
TRX_100323,ACC_048,2026-01-04 08:45:00,137.9043019140835,4.933785220584394,-0.1377083680705056,0,137.9043019140835,0,0,137.9043019140835,8,6,295.880690627604,5.693330343035018,-0.13501781876776406,137.90430191408345
TRX_100330,ACC_048,2026-01-04 10:30:00,81.38677335721688,4.411424906521608,-0.7555323112716548,0,81.38677335721688,0,0,81.38677335721688,10,6,273.312635097101,5.6142684599417505,-0.7482473348334351,81.38677335721691
TRX_100350,ACC_048,2026-01-04 15:30:00,,,0.1102524442842665,0,,1,1,139.7627518070917,15,6,249.32190237961552,5.522747699122478,-0.9454748301817089,68.645831943437
TRX_100400,ACC_048,2026-01-05 04:00:00,35.45907840887877,3.5961904921586667,-1.7197543759181142,0,35.45907840887877,0,0,35.45907840887877,4,0,249.32190237961552,5.522747699122478,-1.7052989942743517,35.45907840887876
TRX_100471,ACC_048,2026-01-05 21:45:00,130.72150420585328,4.880689877165501,-0.2005071174271353,0,130.72150420585328,0,0,130.72150420585328,21,0,225.55936638286698,5.423007013815652,-0.1973495673205349,130.72150420585328
TRX_100500,ACC_048,2026-01-06 05:00:00,148.21778979207727,5.005406915193138,-0.0529974959183684,0,148.21778979207727,0,0,148.21778979207727,5,1,216.07558016516563,5.3802455885916025,-0.05093689618939905,148.2177897920773
TRX_100580,ACC_048,2026-01-07 01:00:00,192.3776183927454,5.264644849294101,0.2536173030273376,0,192.3776183927454,0,0,192.3776183927454,1,2,209.9066901312485,5.351415808798808,0.2533977720363542,192.37761839274546
TRX_100601,ACC_048,2026-01-07 06:15:00,284.52988740332336,5.654346708041984,0.7145388787339764,0,284.52988740332336,0,0,284.52988740332336,6,2,208.44593415303993,5.344465635187631,0.7108917198272124,284.5298874033234
TRX_100663,ACC_048,2026-01-07 21:45:00,250.31152880263025,5.526693320149176,0.5635562765957893,0,250.31152880263025,0,0,250.31152880263025,21,2,214.29854594152326,5.372025650708511,0.5610318947712061,250.31152880263033
TRX_100755,ACC_048,2026-01-08 20:45:00,104.415482246112,4.657909515700496,-0.4640015630858526,0,104.415482246112,0,0,104.415482246112,20,3,216.87090186017375,5.383902694071423,-0.4588845453274975,104.415482246112
TRX_100791,ACC_048,2026-01-09 05:45:00,254.5375108972718,5.543369212555636,0.5832797611821756,0,254.5375108972718,0,0,254.5375108972718,5,4,209.37387388590295,5.348886299607293,0.5806087063226816,254.53751089727174
TRX_100835,ACC_048,2026-01-09 16:45:00,26.201393271271183,3.303268195198587,-2.066209502173479,0,26.201393271271183,0,0,26.201393271271183,16,4,212.1966011991135,5.36221475032181,-2.0491777185452844,26.20139327127118
TRX_100878,ACC_048,2026-01-10 03:30:00,210.84126703500263,5.355837253824991,0.3614755178275088,0,210.84126703500263,0,0,210.84126703500263,3,5,201.2557066151228,5.309532771190104,0.36045390282162865,210.8412670350027
TRX_100926,ACC_048,2026-01-10 15:30:00,141.62120170009987,4.960192176452333,-0.1064754256683998,0,141.62120170009987,0,0,141.62120170009987,15,5,201.78823774956058,5.312162270772484,-0.10401713909951983,141.6212017000999
TRX_101005,ACC_048,2026-01-11 11:15:00,104.12315191436046,4.655132538251406,-0.4672860452939917,0,104.12315191436046,0,0,104.12315191436046,11,6,198.62155164169423,5.296423332205358,-0.46214460259330614,104.12315191436042
TRX_101215,ACC_048,2026-01-13 15:45:00,214.88593861180576,5.374750206227953,0.3838448948965498,0,214.88593861180576,0,0,214.88593861180576,15,1,193.89663165532752,5.272469323938967,0.3826569307646108,214.8859386118057
TRX_101363,ACC_048,2026-01-15 04:45:00,51.099194916364766,3.9531494959789826,-1.2975595549024543,0,51.099194916364766,0,0,51.099194916364766,4,3,194.89612246277886,5.277584531302733,-1.2862438109556096,51.099194916364766
TRX_101372,ACC_048,2026-01-15 07:00:00,297.6101269996781,5.699138799465283,0.7675169205230448,0,297.6101269996781,0,0,297.6101269996781,7,3,188.35989848339642,5.243649429101848,0.7634757921765096,297.61012699967796
TRX_101561,ACC_048,2026-01-17 06:15:00,275.72853890353207,5.623037021711126,0.6775072104610372,0,275.72853890353207,0,0,275.72853890353207,6,5,193.10990841888693,5.268424536882811,0.6741354363195572,275.7285389035321
TRX_101641,ACC_048,2026-01-18 02:15:00,100.79395620132892,4.622950733015378,-0.5053492160115604,0,100.79395620132892,0,0,100.79395620132892,2,6,196.5523513557471,5.2860036193719715,-0.49992471781208486,100.79395620132891
TRX_101727,ACC_048,2026-01-18 23:45:00,94.16957982548657,4.555660351085398,-0.5849372091731055,0,94.16957982548657,0,0,94.16957982548657,23,6,192.7220155495704,5.266424221928406,-0.5789208575185097,94.16957982548657
TRX_101732,ACC_048,2026-01-19 01:00:00,392.229355412285,5.974393043198076,1.093075079647293,0,392.229355412285,0,0,392.229355412285,1,0,188.93153725249024,5.246663676975891,1.0866129489150187,392.2293554122849
TRX_101758,ACC_048,2026-01-19 07:30:00,127.9136545890247,4.859142835979658,-0.2259919745102006,0,127.9136545890247,0,0,127.9136545890247,7,0,196.4610860732234,5.285541532387074,-0.22264490711438745,127.91365458902465
TRX_101803,ACC_048,2026-01-19 18:45:00,76.35248690013289,4.348372727764456,-0.8301075511174696,0,76.35248690013289,0,0,76.35248690013289,18,0,194.0129635202163,5.27306603594493,-0.8222679983968755,76.35248690013286
TRX_101932,ACC_048,2026-01-21 03:00:00,46.7230274472038,3.865414037111827,-1.4013290521184183,0,46.7230274472038,0,0,46.7230274472038,3,2,189.95570570573065,5.2520414938521345,-1.3892416297685426,46.72302744720379
TRX_100029,ACC_049,2026-01-01 07:15:00,36.01922190572952,3.6114372887107846,-1.701721160695943,0,36.01922190572952,0,0,36.01922190572952,7,3,36.01922190572952,3.6114372887107846,-1.6873998824553724,36.01922190572952
TRX_100153,ACC_049,2026-01-02 14:15:00,164.09557340254847,5.106524538952765,0.0665998152793467,0,164.09557340254847,0,0,164.09557340254847,14,4,36.01922190572952,3.6114372887107846,0.06777103359481838,164.09557340254855
TRX_100205,ACC_049,2026-01-03 03:15:00,138.3972567033216,4.937327818816582,-0.1335183445368167,0,138.3972567033216,0,0,138.3972567033216,3,5,100.057397654139,4.615688649028938,-0.1308589542042532,138.3972567033216
TRX_100206,ACC_049,2026-01-03 03:30:00,64.7830396152883,4.186362048499767,-1.0217263897032358,0,64.7830396152883,0,0,64.7830396152883,3,5,112.83735067053321,4.734770681115615,-1.0124618698842387,64.78303961528827
TRX_100211,ACC_049,2026-01-03 04:45:00,151.3654542643956,5.026281939502045,-0.0283074697319636,0,151.3654542643956,0,0,151.3654542643956,4,5,100.82377290672197,4.623243602459868,-0.026430476558769216,151.36545426439554
TRX_100213,ACC_049,2026-01-03 05:15:00,27.72987641668263,3.3579375714393995,-2.0015490586211264,0,27.72987641668263,0,0,27.72987641668263,5,5,110.9321091782567,4.717892519449685,-1.9849981202235483,27.729876416682625
TRX_100215,ACC_049,2026-01-03 05:45:00,121.25982683404985,4.8061485082250455,-0.288671247148653,0,121.25982683404985,0,0,121.25982683404985,5,5,97.06507038466101,4.585631241847995,-0.28485806743360853,121.25982683404986
TRX_100278,ACC_049,2026-01-03 21:30:00,287.8580071280878,5.6659352425565395,0.7282452685514175,0,287.8580071280878,0,0,287.8580071280878,21,5,100.52146416314515,4.620270245712938,0.7244961825341883,287.85800712808776
TRX_100298,ACC_049,2026-01-04 02:30:00,274.03877020070826,5.616912070277496,0.6702628973982608,0,274.03877020070826,0,0,274.03877020070826,2,6,123.93853203376298,4.827821872626806,0.6669449953491134,274.03877020070826
TRX_100354,ACC_049,2026-01-04 16:30:00,82.17089901087992,4.4208975151389955,-0.7443285420517519,0,82.17089901087992,0,0,82.17089901087992,16,6,140.61633627453466,4.953121543775551,-0.7371268820694418,82.1708990108799
TRX_100367,ACC_049,2026-01-04 19:45:00,320.71231355570234,5.773657710030023,0.8556544875025835,0,320.71231355570234,0,0,320.71231355570234,19,6,134.7717925481692,4.910975480354592,0.8509579270805485,320.7123135557022
TRX_100431,ACC_049,2026-01-05 11:45:00,156.85614008347588,5.061684112463993,0.013564604980456,0,156.85614008347588,0,0,156.85614008347588,11,0,151.67547627612677,5.028314598646673,0.015130217867414355,156.85614008347588
TRX_100492,ACC_049,2026-01-06 03:00:00,391.0921530752616,5.971496896538127,1.089649649534462,0,391.0921530752616,0,0,391.0921530752616,3,1,152.10719826007252,5.031138318279957,1.0832129918989077,391.0921530752614
TRX_100524,ACC_049,2026-01-06 11:00:00,29.903423229450976,3.4308669618922187,-1.91529150349721,0,29.903423229450976,0,0,29.903423229450976,11,1,170.49065632277936,5.144528783038873,-1.8993820165297075,29.903423229450972
TRX_100578,ACC_049,2026-01-07 00:30:00,249.9713423146483,5.525338758568205,0.56195416296898,0,249.9713423146483,0,0,249.9713423146483,0,2,160.44871110182734,5.08418751390718,0.5594416952089165,249.9713423146482
TRX_100583,ACC_049,2026-01-07 01:45:00,64.33801031075569,4.179573954389342,-1.0297550376636913,0,64.33801031075569,0,0,64.33801031075569,1,2,166.4168865160154,5.120487028212824,-1.0204308130720696,64.3380103107557
TRX_100591,ACC_049,2026-01-07 03:45:00,143.86647783136334,4.975812475642303,-0.088000448569797,0,143.86647783136334,0,0,143.86647783136334,3,2,160.03695675318667,5.081633883693877,-0.0856795505515604,143.8664778313634
TRX_100599,ACC_049,2026-01-07 05:45:00,128.09238637088788,4.8605283214496025,-0.2243532855186285,0,128.09238637088788,0,0,128.09238637088788,5,2,159.08575211072647,5.075709622355591,-0.22101840417881452,128.09238637088785
TRX_100606,ACC_049,2026-01-07 07:30:00,208.23087659998865,5.343438314990085,0.3468106187602124,0,208.23087659998865,0,0,208.23087659998865,7,2,157.36389845851323,5.0648955396320225,0.34589805878684643,208.23087659998856
TRX_100697,ACC_049,2026-01-08 06:15:00,146.00014693097137,4.990433586308654,-0.0707072660620999,0,146.00014693097137,0,0,146.00014693097137,6,3,160.04110783438037,5.081659660557628,-0.0685149682184704,146.0001469309714
TRX_100719,ACC_049,2026-01-08 11:45:00,160.46996840040504,5.084319171194031,0.0403363195665314,0,160.46996840040504,0,0,160.46996840040504,11,3,159.3390597892099,5.077290696740871,0.04170284549140114,160.46996840040507
TRX_100776,ACC_049,2026-01-09 02:00:00,189.5124871820623,5.249717741930619,0.235962201589472,0,189.5124871820623,0,0,189.5124871820623,2,4,159.3929125802192,5.07762650854733,0.23587396217114198,189.5124871820624
TRX_100783,ACC_049,2026-01-09 03:45:00,284.90816950585526,5.6556706736169575,0.7161048048010448,0,284.90816950585526,0,0,284.90816950585526,3,4,160.76198415303023,5.086126021227042,0.7124460009373415,284.9081695058552
TRX_100816,ACC_049,2026-01-09 12:00:00,323.4162028349254,5.782027268080643,0.8655536188463622,0,323.4162028349254,0,0,323.4162028349254,12,4,166.15964438576177,5.118949310189092,0.8607834438644448,323.41620283492534
TRX_100914,ACC_049,2026-01-10 12:30:00,551.0314910924963,6.313605093730468,1.49427961414047,1,551.0314910924963,0,0,551.0314910924963,12,5,172.71200098781026,5.157398761175979,1.4848339392765104,551.0314910924964
TRX_100932,ACC_049,2026-01-10 17:00:00,343.2512148410118,5.841371666552463,0.9357434653635937,0,343.2512148410118,0,0,343.2512148410118,17,5,187.8447805919977,5.240925410926375,0.9304513259304397,343.25121484101174
TRX_100988,ACC_049,2026-01-11 07:00:00,217.2631285665686,5.385701346709255,0.3967974041369337,0,217.2631285665686,0,0,217.2631285665686,7,6,193.82195114003667,5.2720860703837005,0.3955131191022822,217.26312856656864
TRX_101028,ACC_049,2026-01-11 17:00:00,85.10273991809997,4.4555412334372315,-0.7033535329058747,0,85.10273991809997,0,0,85.10273991809997,17,6,194.6901428965749,5.276532504694944,-0.6964565822116521,85.10273991809996
TRX_101046,ACC_049,2026-01-11 21:30:00,270.26097336731027,5.603081358846756,0.6539045630390589,0,270.26097336731027,0,0,270.26097336731027,21,6,190.7763070759151,5.256329625496309,0.6507083091974604,270.2609733673103
TRX_101084,ACC_049,2026-01-12 07:00:00,211.8593262610052,5.36063150743362,0.3671459422250891,0,211.8593262610052,0,0,211.8593262610052,7,0,193.51715763768735,5.270520373243381,0.3660821592974109,211.85932626100512
TRX_101221,ACC_049,2026-01-13 17:15:00,354.2425818254673,5.872800885198223,0.9729165110041182,0,354.2425818254673,0,0,354.2425818254673,17,1,194.1285632584646,5.273658640083155,0.9673479354576044,354.2425818254675
TRX_101270,ACC_049,2026-01-14 05:30:00,144.53822884390132,4.980438793296322,-0.0825286511560986,0,144.53822884390132,0,0,144.53822884390132,5,2,199.29353159933564,5.299783948587347,-0.0802484439767231,144.53822884390135
TRX_101278,ACC_049,2026-01-14 07:30:00,190.36509195182887,5.254183079688288,0.2412435993275796,0,190.36509195182887,0,0,190.36509195182887,7,2,197.58242838822832,5.291204270296053,0.24111608497122194,190.36509195182882
TRX_101283,ACC_049,2026-01-14 08:45:00,24.57330917749241,3.2415491973351624,-2.139207916493716,0,24.57330917749241,0,0,24.57330917749241,8,2,197.36372122348897,5.290102321393994,-2.121633282593546,24.573309177492412
TRX_101288,ACC_049,2026-01-14 10:00:00,162.77461228695176,5.098491167263294,0.0570983098227259,0,162.77461228695176,0,0,162.77461228695176,10,2,192.28165028095964,5.264148453001388,0.05834018576643976,162.77461228695176
TRX_101299,ACC_049,2026-01-14 12:45:00,151.4891777503625,5.027093627957898,-0.0273474416652342,0,151.4891777503625,0,0,151.4891777503625,12,2,191.43859205255941,5.259777100511407,-0.025477587708719763,151.48917775036256
TRX_101313,ACC_049,2026-01-14 16:15:00,69.23772963888335,4.251885625895628,-0.9442280923220702,0,69.23772963888335,0,0,69.23772963888335,16,2,190.32888609972062,5.2539938640000745,-0.9355398860052602,69.23772963888334
TRX_101472,ACC_049,2026-01-16 08:00:00,192.25471278554315,5.2640090741587535,0.2528653372088496,0,192.25471278554315,0,0,192.25471278554315,8,4,187.05615214131961,5.236740599836243,0.25265139818658067,192.25471278554306
TRX_101519,ACC_049,2026-01-16 19:45:00,330.09125055707904,5.802394018825243,0.8896424822543723,0,330.09125055707904,0,0,330.09125055707904,19,4,187.19295636879917,5.23746780014271,0.8846931712436193,330.091250557079
TRX_101522,ACC_049,2026-01-16 20:30:00,83.74534517728738,4.439650820590372,-0.7221479881120582,0,83.74534517728738,0,0,83.74534517728738,20,4,190.85701519413968,5.256750382061134,-0.7151112730789069,83.74534517728739
TRX_101591,ACC_049,2026-01-17 13:45:00,58.48001864791984,4.085640435107706,-1.1408553179088825,0,58.48001864791984,0,0,58.48001864791984,13,5,188.1792234437184,5.242694837922589,-1.1307048997908773,58.480018647919835
TRX_101617,ACC_049,2026-01-17 20:15:00,187.5304701403454,5.239259639131743,0.2235928348216362,0,187.5304701403454,0,0,187.5304701403454,20,5,185.01582820479646,5.225831767967832,0.2235965797864823,187.53047014034541
TRX_101631,ACC_049,2026-01-17 23:45:00,34.31175652242688,3.564215954452857,-1.7575724000589426,0,34.31175652242688,0,0,34.31175652242688,23,5,185.07570063183334,5.226153583558426,-1.742835785940727,34.31175652242688
TRX_101647,ACC_049,2026-01-18 03:45:00,277.5686463388511,5.629664514951044,0.6853459070403729,0,277.5686463388511,0,0,277.5686463388511,3,6,181.56956239673087,5.207131264215776,0.6819158406933751,277.56864633885107
TRX_101674,ACC_049,2026-01-18 10:30:00,262.1140802891768,5.572587703486854,0.617838058961555,0,262.1140802891768,0,0,262.1140802891768,10,6,183.75135975905178,5.219010919796094,0.6149100124739106,262.1140802891768
TRX_101681,ACC_049,2026-01-18 12:15:00,268.0944144397472,5.595062301069086,0.6444199874241456,0,268.0944144397472,0,0,268.0944144397472,12,6,185.49275354861012,5.228392383361759,0.6412942653125864,268.0944144397473
TRX_101685,ACC_049,2026-01-18 13:15:00,229.725124084124,5.441227062952445,0.4624706875677115,0,229.725124084124,0,0,229.725124084124,13,6,187.28844182885223,5.237975052094906,0.4606980253524882,229.7251240841239
TRX_101794,ACC_049,2026-01-19 16:30:00,145.49714024081626,4.987005907726091,-0.0747613678782098,0,145.49714024081626,0,0,145.49714024081626,16,0,188.1913499619431,5.2427589365554175,-0.07253892184171905,145.4971402408163
TRX_101894,ACC_049,2026-01-20 17:30:00,196.8446431296392,5.287482092052399,0.2806281516560058,0,196.8446431296392,0,0,196.8446431296392,17,1,187.30188725941966,5.2380464582332715,0.2802077553906065,196.84464312963917
TRX_101997,ACC_049,2026-01-21 19:15:00,144.65030502944495,4.981208577666519,-0.0816181853297223,0,144.65030502944495,0,0,144.65030502944495,19,2,187.49663737922003,5.239080167891922,-0.07934474879908045,144.650305029445
TRX_100047,ACC_050,2026-01-01 11:45:00,49.06739323028257,3.913369962479715,-1.3446089719113157,0,49.06739323028257,0,0,49.06739323028257,11,3,49.06739323028257,3.913369962479715,-1.3329433465450267,49.06739323028256
TRX_100062,ACC_050,2026-01-01 15:30:00,16.319068268422647,2.8518081065615664,-2.600175894050139,0,16.319068268422647,0,0,16.319068268422647,15,3,49.06739323028257,3.913369962479715,-2.5791732871683806,16.31906826842265
TRX_100268,ACC_050,2026-01-03 19:00:00,194.73621504306087,5.276767911155261,0.267955907398865,0,194.73621504306087,0,0,194.73621504306087,19,5,32.69323074935261,3.51729694920991,0.2676297478549834,194.73621504306087
TRX_100385,ACC_050,2026-01-05 00:15:00,53.93793248123837,4.006204047655381,-1.234809052157443,0,53.93793248123837,0,0,53.93793248123837,0,0,86.70755884725536,4.4740080854844795,-1.22395995023014,53.93793248123837
TRX_100406,ACC_050,2026-01-05 05:30:00,221.9808775018765,5.40708601667062,0.4220902159449869,0,221.9808775018765,0,0,221.9808775018765,5,0,78.51515225575112,4.375947597911442,0.42061784175940137,221.98087750187642
TRX_100453,ACC_050,2026-01-05 17:15:00,131.5705715995539,4.887115119482491,-0.1929076340103528,0,131.5705715995539,0,0,131.5705715995539,17,0,107.20829730497618,4.68405804836112,-0.18980659720856985,131.5705715995539
TRX_100531,ACC_050,2026-01-06 12:45:00,170.4223691484483,5.1441305060988824,0.1110784371895753,0,170.4223691484483,0,0,170.4223691484483,12,1,111.26867635407247,4.720894894555926,0.11191889171756056,170.42236914844827
TRX_100551,ACC_050,2026-01-06 17:45:00,186.1288366025285,5.231797345415535,0.2147667743324426,0,186.1288366025285,0,0,186.1288366025285,17,1,119.71920389612616,4.793467219806687,0.21483615400157063,186.12883660252845
TRX_100565,ACC_050,2026-01-06 21:15:00,205.4674674889148,5.330142857563413,0.3310853584123864,0,205.4674674889148,0,0,205.4674674889148,21,1,128.02040798442647,4.859970593278808,0.3302897388128107,205.4674674889147
TRX_100654,ACC_050,2026-01-07 19:30:00,206.37064595881944,5.334507752311019,0.3362479567415927,0,206.37064595881944,0,0,206.37064595881944,19,2,136.6256368182585,4.924537222231111,0.3354139456518291,206.37064595881947
TRX_100686,ACC_050,2026-01-08 03:30:00,106.7272593072376,4.679602656196687,-0.4383439064052905,0,106.7272593072376,0,0,106.7272593072376,3,3,143.60013773231458,4.973972262229844,-0.4334176909545882,106.72725930723757
TRX_100742,ACC_050,2026-01-08 17:30:00,104.23217003001456,4.656169052321094,-0.4660601037504286,0,104.23217003001456,0,0,104.23217003001456,17,3,140.24805787548942,4.950517620377967,-0.46092777772311944,104.23217003001457
TRX_100768,ACC_050,2026-01-09 00:00:00,229.47638974585715,5.440148426586674,0.461194925694461,0,229.47638974585715,0,0,229.47638974585715,0,4,137.2467338883665,4.9290400154461,0.4594317506398332,229.47638974585718
TRX_100827,ACC_050,2026-01-09 14:45:00,128.21448708852537,4.861473714230649,-0.2232351180772369,0,128.21448708852537,0,0,128.21448708852537,14,4,144.34132280048118,4.979084926567749,-0.21990855195228518,128.21448708852535
TRX_100848,ACC_050,2026-01-09 20:00:00,184.4541614547192,5.222807743450449,0.2041342833403898,0,184.4541614547192,0,0,184.4541614547192,20,4,143.1894059639129,4.971127754495331,0.20428273117395176,184.45416145471916
TRX_100897,ACC_050,2026-01-10 08:15:00,62.38805819082256,4.149275487090215,-1.065590682209705,0,62.38805819082256,0,0,62.38805819082256,8,5,145.94038966329998,4.990026992041752,-1.0559999670433309,62.38805819082258
TRX_101061,ACC_050,2026-01-12 01:15:00,125.80002026453054,4.8426112018180225,-0.2455448370273806,0,125.80002026453054,0,0,125.80002026453054,1,0,140.71836894627015,4.9538417709433915,-0.24205236542198022,125.80002026453056
TRX_101087,ACC_050,2026-01-12 07:45:00,211.19922753776984,5.357525585917696,0.3634723999850269,0,211.19922753776984,0,0,211.19922753776984,7,0,139.84081902381487,4.947630309548379,0.3624359352316227,211.19922753776984
TRX_101276,ACC_050,2026-01-14 07:00:00,366.2895763506165,5.906150573306718,1.0123610002905732,0,366.2895763506165,0,0,366.2895763506165,7,2,143.80517505236793,4.975389218624915,1.0064990971158296,366.28957635061647
TRX_101310,ACC_050,2026-01-14 15:30:00,67.41816640969402,4.225638380150516,-0.9752721368787658,0,67.41816640969402,0,0,67.41816640969402,15,2,155.5148803838547,5.05315108778512,-0.9663530725606178,67.41816640969404
TRX_101314,ACC_050,2026-01-14 16:30:00,32.86067675386617,3.5222543633294188,-1.8072026552543263,0,32.86067675386617,0,0,32.86067675386617,16,2,151.11004468514665,5.024604237092241,-1.792096967399621,32.86067675386617
TRX_101333,ACC_050,2026-01-14 21:15:00,250.50515495230408,5.527463486157983,0.5644671938068991,0,250.50515495230408,0,0,250.50515495230408,21,2,145.47912240270475,4.986882909105167,0.5619360379768749,250.50515495230397
TRX_101407,ACC_050,2026-01-15 15:45:00,242.78712760426515,5.496295416655163,0.5276030234559228,0,242.78712760426515,0,0,242.78712760426515,15,3,150.25303297314107,5.01895414942488,0.5253460067984754,242.78712760426512
TRX_101508,ACC_050,2026-01-16 17:00:00,361.1744323287909,5.892125953031694,0.9957733193987736,0,361.1744323287909,0,0,361.1744323287909,17,4,154.2762544788421,5.045205817490768,0.9900347699594136,361.1744323287908
TRX_101563,ACC_050,2026-01-17 06:45:00,43.01896679547753,3.784620604570647,-1.496887837373586,0,43.01896679547753,0,0,43.01896679547753,6,5,162.89701188925665,5.099238254279483,-1.484089795306166,43.018966795477525
TRX_101636,ACC_050,2026-01-18 01:00:00,169.5075228012771,5.1387794177518495,0.1047494140728149,0,169.5075228012771,0,0,169.5075228012771,1,6,158.1018900855055,5.06954481513179,0.1056369341699946,169.50752280127705
TRX_101688,ACC_050,2026-01-18 14:00:00,497.7555265759866,6.21211604899679,1.374243003163277,0,497.7555265759866,0,0,497.7555265759866,14,6,158.5405682668813,5.0722982363851346,1.3656899765509654,497.7555265759867
TRX_101738,ACC_050,2026-01-19 02:30:00,175.14917600655693,5.171331226982136,0.1432502086308212,0,175.14917600655693,0,0,175.14917600655693,2,0,171.10408524129264,5.1480994405376945,0.14385141885412603,175.14917600655696
TRX_101822,ACC_050,2026-01-19 23:30:00,115.08251506244363,4.754301274971501,-0.3499937887552972,0,115.08251506244363,0,0,115.08251506244363,23,0,171.24855276862348,5.14893850793466,-0.34572458600606226,115.08251506244362
TRX_101834,ACC_050,2026-01-20 02:30:00,192.6307496958484,5.265952993303754,0.2551645160689118,0,192.6307496958484,0,0,192.6307496958484,2,1,169.31179284772074,5.137630832762166,0.25493347927977866,192.6307496958484
TRX_101912,ACC_050,2026-01-20 22:00:00,24.157559992510556,3.2251584474994655,-2.15859414745899,0,24.157559992510556,0,0,24.157559992510556,22,1,170.089091409325,5.142184423221749,-2.1408753484992067,24.15755999251056
TRX_101974,ACC_050,2026-01-21 13:30:00,118.12230439153696,4.780150733315712,-0.3194202289846079,0,118.12230439153696,0,0,118.12230439153696,13,2,165.38162265394388,5.114284081506489,-0.3153783854923011,118.12230439153694
TRX_101992,ACC_050,2026-01-21 18:00:00,74.4264488506551,4.323157994017477,-0.8599303875982155,0,74.4264488506551,0,0,74.4264488506551,18,2,163.90476895824366,5.105368149452061,-0.8518690583493856,74.4264488506551
